18809 2
1 -2.4446593573552673
2 -12.478598021094658
3 -5.476239863461087
4 -11.269329517476725
5 -3.466357739411906
6 -0.8773863479228748
7 -7.065336909896432
8 -4.594698100153619
9 -8.440568200652196
10 -4.145194262641453
11 -8.626338105079194
12 -3.0768911169325293
13 -4.545053769090882
14 -5.386197938115074
15 -4.266538816765678
16 -1.4007094104545832
17 -0.8722566259918676
18 -5.949804934959247
19 -13.933460600525141
20 -12.641497506903834
21 -15.802124672884965
22 2.9586568517911656
23 -20.956543834999174
24 -1.3525467026520346
25 -24.167966106954555
26 -19.296075383606947
27 -9.127185082484067
28 -6.75010738889614
29 -20.66052061663999
30 -8.812947811681079
31 -21.337771120504623
32 -5.422747708818352
33 -6.019845131626207
34 -3.0043981720170994
35 -1.9538450823359017
36 -4.1142215162313365
37 -5.052895810623886
38 -3.7856470605678623
39 -8.653858712088258
40 -8.329112007826916
41 -8.480937427680182
42 -5.103252490586601
43 -5.8098164866896695
44 -4.82694453711898
45 -6.480004869402182
46 -7.485899682805029
47 -6.213732898161107
48 -6.768701111021073
49 -3.801589564748283
50 -10.569072551793216
51 -1.5680986307877174
52 -4.605788857355365
53 -4.4958810555817035
54 -2.919689167110046
55 -8.007436711830087
56 -10.082533720861683
57 -6.889378371938364
58 -3.3348321852265506
59 -27.498083745333716
60 -9.493700430401368
61 -15.712023892925645
62 -9.18928446668142
63 -4.0245466213845065
64 -9.055440090154006
65 -12.218690876239124
66 -6.562583870281669
67 -16.102489232617664
68 -6.412164817062003
69 -14.159159472290339
70 -12.064369390647771
71 -1.3803565759155025
72 -25.728821031897677
73 -1.6444378520293685
74 -16.86993651637793
75 -8.902356795100495
76 -12.303991625685885
77 -9.342671688991103
78 -5.155218154417671
79 -5.164944421928812
80 -9.099980749872485
81 -8.412893022709904
82 -3.905685302866768
83 -4.023704788965551
84 -3.825091380847007
85 -3.0647298566822427
86 -3.741205972667376
87 -3.074741815758025
88 -4.149266317271685
89 -2.732662257988559
90 -3.1518843734076656
91 -3.2952817306392537
92 -13.493491606308526
93 -1.4462277520353382
94 -32.82291133939725
95 -9.021859159672603
96 -8.150360811587598
97 -10.138596425646247
98 -8.727873129770888
99 -6.478904746693297
100 -6.363758581062284
101 -8.137590247854096
102 -7.545849288453756
103 -18.26160055488275
104 -10.023498118175194
105 -10.409002007506787
106 -11.582920625897968
107 -9.864725394070847
108 -14.285181616080518
109 -10.39527344657341
110 -18.817150667143142
111 -22.39673181873033
112 -15.084879593629012
113 -9.350807208325422
114 -11.662550757642457
115 -11.378198558773
116 -30.83834649366414
117 -21.959433721504464
118 -29.730043077771406
119 -37.894535466376254
120 -14.246774219792423
121 -34.21646705991851
122 -5.916461551458051
123 -13.172640193463595
124 -15.00593932927135
125 -10.403330039116554
126 -40.58387663478526
127 -8.421125892668497
128 -14.437597331502621
129 -11.088785531482863
130 -6.652288870587217
131 -6.938113235093042
132 -9.733431211891002
133 -5.252256014397571
134 -2.3965247275754518
135 -5.0003565452779
136 -11.816904662552988
137 -2.5107959647203097
138 -3.5518646779750997
139 -3.819808056771435
140 -1.451787315667898
141 -4.654894415557647
142 -4.783738362723379
143 -4.230420912391855
144 -11.561867694125395
145 -17.042837155759187
146 -1.7398026617254072
147 -2.775924299197068
148 -6.030186009897588
149 -12.780382839047961
150 -3.101876968434808
151 -4.893701930218958
152 -4.651693428299332
153 -3.914062033729715
154 -9.210792131003982
155 -9.109866892785794
156 -18.591274844022553
157 -1.9996810546182677
158 -9.37461246869003
159 -10.95448728729505
160 -0.7086152699052763
161 -10.126909197900968
162 -8.606743253598252
163 -39.09714448021856
164 -19.843377091593137
165 -18.917601201724466
166 -15.178038465922873
167 -13.551503308893297
168 -18.662544163927087
169 -8.38920904064551
170 -4.627590221895516
171 -23.751347255845175
172 -4.0883771410642655
173 -24.777732395959028
174 -2.52372823472615
175 -3.0263017142763418
176 -1.9433054479440033
177 -2.7929449275635125
178 -1.4948684461238735
179 0.639624922835792
180 0.9262578327437222
181 -3.649812581520091
182 -5.462671368879528
183 -4.387542200027819
184 -1.9889435261873587
185 -1.4215386896420386
186 -1.858790568628465
187 -0.9996009079636132
188 -1.4645679098741675
189 -0.14158450091534178
190 -0.1367422087524028
191 -0.30246851036543376
192 0.9247133982811647
193 -5.959494537329593
194 -4.1209071548766225
195 -4.951138388560212
196 -16.621131804733594
197 -9.08083764314113
198 -5.0568397324231045
199 -12.283529761704994
200 -32.79778394365916
201 5.5280936981915145
202 -14.751808259678219
203 -24.905777157063568
204 -18.66281316424589
205 -22.761146012865648
206 -28.243800874732695
207 -26.176886563639272
208 -21.56280404975085
209 -28.787041333592352
210 5.229684985173662
211 -39.156044036895906
212 -34.309004183304936
213 -8.166297817541345
214 -12.080915700084734
215 -2.909597028838034
216 -2.9207358379574724
217 -21.320816198474205
218 -19.441517550433492
219 -2.7655679848929866
220 -15.676318265693698
221 -54.25507392622399
222 -31.83535928692625
223 -32.74396267887118
224 -22.978546788518432
225 -20.05764789360066
226 -25.884226235376556
227 -18.458206784527718
228 -31.385017478109365
229 -10.298286337079043
230 4.641565009593905
231 -28.38159920634018
232 -6.921687148117053
233 -14.794886593283445
234 -29.945975060295606
235 -17.7569890219855
236 -26.86630778256993
237 -53.04590306527098
238 -35.33023847347067
239 -39.262606218284056
240 -11.899625112193462
241 -7.706464008352486
242 -7.76948955451182
243 11.291948590194078
244 -6.212302219144185
245 -5.279312338566087
246 -34.4035704836878
247 -4.853032440483221
248 -24.32398650246687
249 19.74301570803349
250 -11.387786564697453
251 5.310481428953353
252 -4.277595419252902
253 -18.648348714252062
254 -5.359502466662962
255 -5.470218909313553
256 -7.709637013062893
257 -22.733859959420226
258 -3.5406582333665573
259 -14.503584388786985
260 0.6704779297752248
261 -7.243931319624972
262 -18.721322344021317
263 -6.938176529285702
264 -7.756934634710487
265 -19.339000210542434
266 -16.150090587763696
267 -4.945712074086041
268 -33.85302408063013
269 -23.866937828704685
270 2.665620330254169
271 -50.098229196452884
272 -46.20940513234876
273 -26.763664337283846
274 -34.193027187324475
275 -39.46654511665373
276 -38.85399562137565
277 -27.940478375756648
278 -46.672769134416015
279 -36.95082214552007
280 -34.43761695222289
281 -31.12669886304502
282 11.533990283655731
283 -2.1318502579510095
284 1.4014284145114653
285 -14.49216307246912
286 -3.0524084346053133
287 -8.707907681525247
288 -2.1444719455437733
289 -15.236542916886393
290 -9.8612893702586
291 -16.980479189231264
292 -48.210665933074345
293 -1.5872250462732336
294 -16.405355260840295
295 -15.493751471435825
296 -6.667685079052608
297 -24.36331841798834
298 -15.154513783603615
299 -20.44145055634275
300 -20.1845155371663
301 -16.864500359572556
302 -13.513799960811593
303 -6.385750117412972
304 -14.594369922613842
305 -34.39211983694215
306 11.951616245338082
307 -10.451977680402633
308 -3.432833832673641
309 -8.248250921974686
310 -11.224031933347433
311 -6.4213358142245855
312 -25.83223934524547
313 -18.65781765464577
314 -11.085092278836091
315 -9.196088974291634
316 1.1801199974928749
317 -39.82539193506935
318 -10.540395087564685
319 -9.21018601188698
320 -9.99551033038384
321 -4.736856781048991
322 3.721644408203283
323 12.113147574100148
324 2.189386771100544
325 -40.912746045879466
326 13.598816849563882
327 -18.602272302663913
328 -28.893005213566795
329 -25.961342354923982
330 -19.613116699468083
331 4.418307210067724
332 6.927217858695949
333 -1.7876492832720396
334 -28.982534031931717
335 -31.546527676046242
336 -15.817907399946126
337 -11.71741830295432
338 -12.004792122775251
339 -16.3453480557914
340 -18.70925728027316
341 -2.0251799176268106
342 -7.687927983910631
343 8.381814431224193
344 -12.654979739981208
345 -4.720163622907275
346 -12.772848614543909
347 -34.55754703558574
348 -21.722384356084802
349 -10.727871135534661
350 0.4210101735536591
351 -1.2689096469563084
352 -21.87985598016603
353 -44.21136104133868
354 -15.847633944357367
355 -5.3971883512759815
356 31.550680291772004
357 -28.85407882174739
358 -14.897468479772215
359 -37.48838127945666
360 -31.374995485752734
361 -40.05491498916308
362 -17.029826635710197
363 -4.185053567054565
364 -12.576491220373136
365 -5.992278693893168
366 -31.53541463108908
367 -1.94044900967172
368 -21.62951947324109
369 -31.99600700460927
370 -49.77983535333507
371 2.7927865937989553
372 14.55739281501912
373 -11.212932973735006
374 10.35902740656049
375 -20.929653850440083
376 -13.224902258888179
377 -6.313718855053157
378 -22.323132095949113
379 9.669848752654508
380 -1.6717388613252842
381 -12.476321070079429
382 -37.56905894974625
383 -26.876300444498774
384 -23.14805375840457
385 -17.85011730863844
386 11.213251081810741
387 -15.529859247053974
388 5.723570379224984
389 -13.923608421376702
390 -7.38485026834489
391 -1.60654713179596
392 -35.16203656019672
393 -27.219157672796864
394 -23.895896160211123
395 -32.06569261900935
396 -28.710430989121086
397 -29.905921338250337
398 -24.225547004665277
399 -21.010587881866524
400 -30.728703350912838
401 -33.31864441841928
402 -27.363294490970585
403 -40.36139988110357
404 -6.742484687310353
405 2.1361929500124823
406 0.22493277896312067
407 -16.12385091312506
408 8.023055991607398
409 -38.08716815456166
410 -32.7097520891123
411 -23.06472583895913
412 -12.977735283074871
413 -19.921137343278243
414 -20.92136183382754
415 -7.478803502413212
416 -13.376315589741134
417 -9.364114803907869
418 0.2974774375365814
419 -28.500809608898127
420 11.868127293560246
421 -7.1529896732272755
422 0.4073442328730016
423 -39.87579541173662
424 -3.769771899835905
425 -12.037771081678365
426 -23.265167637709528
427 -6.187852823833818
428 -14.169037123560411
429 -12.429647803240368
430 -14.990403604006133
431 -10.519650233395078
432 -20.675608652027584
433 -18.07664575553994
434 -26.63263172523497
435 -16.1789889077266
436 -24.59021592282501
437 -21.100059676488307
438 -30.38377661592909
439 -17.59503026647333
440 -52.94298135860809
441 -35.530118633140084
442 -41.631591617360534
443 -39.96014992985161
444 -15.158077457256587
445 5.804212541304005
446 -49.47172710294893
447 -38.72815747161323
448 -11.464062297988711
449 -24.63553377008182
450 -46.308576950137216
451 -5.586207000030263
452 -20.660608032266317
453 -16.77662587280967
454 -32.8106180880098
455 -29.143545303707068
456 -12.97225860282255
457 -35.3015912073676
458 -26.679668644449265
459 -11.37322881052707
460 -20.327225051638962
461 -22.167591907916503
462 -19.99143573756839
463 -27.379241917720645
464 -49.20674523246955
465 -8.522247865187383
466 -26.387362224513492
467 -24.142845658414007
468 5.405833405709709
469 -18.192377487927878
470 -41.89682714760085
471 -50.29298995951278
472 -19.825368939033215
473 -13.916233976799994
474 -15.565631833027
475 -23.575581880306128
476 -17.935433300360163
477 -3.95804838627213
478 -21.744295230248973
479 -0.2108700898400275
480 -21.554231938083248
481 -15.66880883937134
482 -6.764888601893908
483 -8.78371430488114
484 -3.0996814518289466
485 -17.523917154614463
486 -10.901005362498982
487 -10.415164601364959
488 -34.2627564140629
489 -39.60154972571647
490 -3.7293598326924258
491 0.3697170119236398
492 -23.707525310951024
493 -12.357480497679498
494 -23.987591260228946
495 -30.1443869126348
496 -20.035231629067713
497 -12.673681716517022
498 -35.56311640619984
499 -45.167532891736336
500 -3.735269348062866
501 -16.211265744768315
502 -19.40664362405674
503 -23.176168331147053
504 -11.584171747658402
505 -12.835218063323556
506 -7.18194829396627
507 -16.303968435541318
508 -30.285585568894312
509 -5.520795768262615
510 -23.37077365557605
511 13.264813664474786
512 4.3998551304615106
513 -0.4666475806651579
514 -19.610855670283925
515 -17.332283374591352
516 -9.99251668917219
517 -7.865132914817223
518 -29.75544371964992
519 -3.1160765684566285
520 -6.145563446443121
521 3.4437822734167276
522 3.6086023897708217
523 -2.2320829302145286
524 0.29962065921121395
525 2.304596037166484
526 -15.39851904039242
527 1.723649335091468
528 -7.427279547242797
529 -12.176655161417438
530 -7.0486192428055805
531 3.839603304293414
532 -3.425378245728207
533 4.640236702053808
534 5.50361400647278
535 -5.977643751135037
536 -17.26732668161596
537 -16.256832039983856
538 -9.202451003826427
539 -16.290072667300848
540 -12.788615902764287
541 -14.651342190781287
542 -4.865573946071672
543 -6.940635255943053
544 -3.761586306764075
545 -10.201536389857502
546 -7.316409791680198
547 -14.54796777619631
548 -9.939058209061768
549 -26.81943826442046
550 -8.96790735271832
551 -16.042054693485408
552 -0.48852391540742246
553 -22.78667768270883
554 -16.43801524116192
555 -14.473635056680214
556 -15.175534582481486
557 -10.41709400997759
558 -12.306561984878062
559 3.562357900369825
560 -1.2645147526303482
561 -23.928360276737802
562 -14.620493140430916
563 -19.754167639325168
564 -1.5537791958203888
565 -18.67952870842593
566 6.876358107841079
567 7.881146721843252
568 -11.852392039951665
569 -13.89970156175812
570 -2.5840198789346323
571 -4.947293558396777
572 25.353123586465372
573 -9.547938605668314
574 -14.240914879250486
575 2.266347162784514
576 -13.003378006987768
577 -32.32548687611692
578 -23.0087923256529
579 -21.90746670698543
580 -33.09725775135754
581 -25.13366324754912
582 -20.428150486422965
583 -8.640829186932969
584 -23.54503974782041
585 -14.923657982390433
586 -7.630904771499917
587 -11.320109378367924
588 -9.15349933980935
589 -26.83263934098737
590 -14.802571718556138
591 -18.91652770806744
592 -12.687682751367975
593 -0.23404964751622173
594 -16.61856096255113
595 -29.634796269342623
596 -20.26464738911498
597 -17.8132651523166
598 -13.507398472093337
599 -19.84299665249724
600 -15.423610352262912
601 -5.814643438294733
602 -31.588320250186225
603 -24.902190134199774
604 -33.62723991895749
605 -0.3182673502073158
606 -13.617887785751954
607 -42.13602079334247
608 -23.959451409122558
609 -40.85731782465911
610 -30.540606424541185
611 -23.774102276288758
612 -23.782899489512346
613 -20.688892901207293
614 10.856788407365821
615 -25.303250590389215
616 -33.55604932927832
617 -21.11606287176837
618 -26.1248605007492
619 -9.841239690752845
620 -15.820154728492925
621 -21.05907709391322
622 -16.643765063886676
623 -28.56406295518129
624 -12.953359024288366
625 -26.456652926957467
626 -12.199650913207442
627 -14.238704600551864
628 2.33064119869814
629 -30.773289552122733
630 -24.334657937046284
631 -15.066058649845363
632 -10.61198657041692
633 -37.08626701708068
634 -39.100009022618615
635 -15.776431198486534
636 2.2327897780797503
637 -14.939146043253421
638 -17.42153151662802
639 -0.7613280158159614
640 0.8548102079877572
641 -13.819143920171774
642 -29.688535038265837
643 -11.926633581010101
644 -1.3415397920030228
645 -17.290960297902203
646 -24.312359867538326
647 -21.401470227512327
648 -2.864334276171285
649 -11.44912699985609
650 8.203163188702165
651 -13.79927910519953
652 -52.327853107969425
653 -41.861344982004375
654 22.460618393364566
655 -53.18604887851645
656 -33.36146899678875
657 -19.84183053421977
658 -18.518534900119267
659 -36.451349404662174
660 -2.4218375663121696
661 -26.87269585988339
662 -23.6169459662406
663 -17.348406887807215
664 -16.37411534778963
665 3.6877644730353496
666 -18.78518644275857
667 1.211525286980468
668 -5.414513583646621
669 -15.713309071117692
670 -3.669873647802742
671 -3.6921090970579824
672 -0.7435283662329312
673 4.914946477156772
674 3.838368489071436
675 1.73427397296633
676 -1.6443053779019101
677 -4.545101528967934
678 2.9953988217409644
679 0.17203796536967275
680 -6.385243572922045
681 1.1237842403256217
682 -1.2607231833787227
683 3.5866586132971863
684 -1.7346872217049532
685 -12.917127942934021
686 -18.293780038492113
687 -9.869314896978613
688 -8.276796588823782
689 -4.449422854209697
690 -10.722842434392515
691 -11.05403530116586
692 -2.204402444995212
693 3.317864331973542
694 -2.3416678894843788
695 -8.915445177677174
696 -5.592821529587672
697 -13.36878570934161
698 -11.039509289566631
699 -8.979710267870395
700 -7.731480156263133
701 -8.897394667992048
702 -10.839986896530318
703 -2.5187624430692814
704 -10.69394700956327
705 -2.692086746369314
706 -0.8673029905266594
707 -6.171481634882075
708 -10.202210433696164
709 -18.934922382031218
710 -39.90987506900565
711 -37.86052749385213
712 -20.51528367575738
713 -0.7643950799759477
714 -8.613394352821633
715 10.480601400729064
716 2.354639138491475
717 -30.442122157471022
718 2.8652295576436155
719 1.8861984816472976
720 6.778070092081325
721 -16.11211167968111
722 -27.94019161992852
723 -20.33134496162107
724 -13.102563236181012
725 -16.50231120342054
726 -9.505119817566156
727 -18.91345495192305
728 -39.030909359682845
729 -7.513709362310765
730 -33.593993310423535
731 -6.9253175895614545
732 -40.457294682784266
733 -35.45738891627538
734 -23.64320966403
735 -56.762178373692876
736 -8.898091482576419
737 -32.12877779200484
738 -38.337763822282284
739 -1.1612361498401151
740 2.1734175395853526
741 4.415023345045338
742 -16.06776852648618
743 -8.868489209881954
744 -3.616688607590477
745 2.116098116530775
746 -16.35588257666401
747 -20.819493259411246
748 -3.361521287946234
749 -18.08382443460461
750 -19.00605527121923
751 -21.763804013983464
752 -25.68119217438594
753 -24.592315242928745
754 -17.916754673035175
755 -12.498609780246479
756 -15.253471788330062
757 -15.431214815349085
758 -20.7270309124692
759 -10.703349760630664
760 -11.931019497894448
761 -14.723125583647489
762 -15.946869637611671
763 -17.84708729432663
764 -6.709359747400158
765 -9.483197362867358
766 -3.6879479896889826
767 -12.40405091285953
768 -1.3023625400815217
769 -15.657440399257903
770 -30.553614723396457
771 -10.460779330397491
772 -17.507085538320244
773 -5.623413258436776
774 -2.3989184246447985
775 -15.5221452715357
776 -52.545884702638
777 -35.54460797959851
778 -9.06869577832069
779 -31.471262911634113
780 -0.12407758837740403
781 -0.6530836157526937
782 -5.646803054485208
783 4.431856890492636
784 -3.6174045255640523
785 -5.049005632726766
786 -1.621566661188699
787 -9.937300638285233
788 -13.62505093050102
789 -11.063033587178506
790 -13.474863729469071
791 -5.830596559837286
792 -1.5164481855148915
793 -7.387626527420943
794 -4.466052718158753
795 -1.5436257907917024
796 -0.1603811295075866
797 -2.8259674988049666
798 -2.3396948685334062
799 -0.6235842930001673
800 -38.050221444466295
801 -21.821074424755935
802 -34.69986665614677
803 8.357965749470896
804 -5.735908882871299
805 -2.8591119296198304
806 -6.441300681197026
807 2.0203227622801205
808 -3.499575402225455
809 -21.80397216822239
810 -3.5983389921278284
811 -29.938733957544027
812 -11.43022028036663
813 -15.973362390738039
814 -1.954731779498252
815 -2.935882921716111
816 -5.185090971876634
817 -15.597809581241018
818 -3.467885482628626
819 -8.192420647842955
820 -17.710850183902366
821 -23.9810689705846
822 -11.856147137820226
823 -13.5322561907646
824 -18.56964937219047
825 -28.38754972814786
826 -13.377330324259674
827 -16.775256075842044
828 -21.722556775194096
829 -26.65646834346335
830 -27.871124668352568
831 -8.184299699651747
832 -10.27367330353518
833 -5.735844428940327
834 -21.759267771987506
835 -8.730567182214727
836 -4.094718907471543
837 -15.350235629946692
838 -11.07136728697631
839 -19.54942926846983
840 -44.36183789052433
841 -20.03718139909077
842 -22.33916520012208
843 -25.72759904961538
844 -14.64111623050194
845 1.0357806575592259
846 -14.792818243528018
847 -3.287448498640588
848 -10.47910617511443
849 -20.5165223520936
850 -21.35110988300119
851 3.109728337842098
852 -6.327407086297317
853 -6.0650343658697965
854 6.783965036308655
855 -6.416889590947976
856 -23.050569174527627
857 -5.60898826762641
858 -16.60842646715391
859 -18.986931753675453
860 -45.96353578295981
861 -38.75881789740684
862 -42.757569638896676
863 -11.40899126493634
864 -32.00962161633928
865 8.142603125448076
866 -19.56614326820418
867 -16.894819614504087
868 -36.623830623138204
869 -12.611173621443305
870 -6.9111702816627805
871 -24.35572273296988
872 -31.89404397189428
873 13.443303388866044
874 -9.805808469399635
875 -17.56747270228283
876 -20.285604124385426
877 -8.640559799098702
878 -6.5907157127351095
879 -24.3722745434416
880 -9.113054370356403
881 1.2586080369187402
882 -12.365863981982256
883 -2.7267124129289004
884 -0.8202660713123623
885 -12.329397765791073
886 0.00559255860876874
887 -5.722849830722407
888 -12.208143233194278
889 -13.127685903107194
890 -16.35704116927882
891 -21.278922797303093
892 -17.318080205495935
893 -16.141983823200135
894 -19.43671298205867
895 -11.511493553502078
896 -16.457067554142995
897 -11.357170714414679
898 -23.737287363572833
899 -15.473798566897312
900 -14.281235091188282
901 -7.385900892973296
902 -6.917072366845386
903 -11.752843638565391
904 -7.439039041006181
905 -13.843602576540142
906 -12.293292980781407
907 -6.765201599258435
908 -14.588379747864964
909 -19.119786772331135
910 -22.30381927148439
911 -21.491353723618957
912 -10.36853436559104
913 -43.066654607972595
914 -0.5111925816800794
915 -16.095585827129398
916 -10.871139203005004
917 -13.6292615359505
918 -13.626930459133874
919 -12.43334877530753
920 -10.140573790701746
921 -5.392354547948198
922 -9.862315682503686
923 -2.4450523401582904
924 -2.8807862227843724
925 -13.269538342885935
926 -10.83966666273569
927 -3.37980548349733
928 -15.952547005945672
929 -11.574821577946713
930 -6.378219175558042
931 -5.746041157074797
932 -21.668730205937173
933 -32.011702700751485
934 -26.19221166301679
935 -11.467959133850817
936 -26.915027206883824
937 0.17169177646312164
938 -15.274723189798678
939 -23.76494556103673
940 -10.581833753377722
941 -19.095628086629876
942 -3.8756727748502455
943 -7.854553141685756
944 -18.643740880177937
945 -20.622185775602556
946 -32.47312571367147
947 -28.14525813775661
948 -28.659112740076818
949 -32.633122447494095
950 -22.118206541083637
951 -7.5933207753734315
952 -15.3176708829547
953 -6.157400999300007
954 0.5022766904412128
955 -5.239652082314133
956 -3.6461054344782315
957 -6.009418963447388
958 -4.300381123620318
959 -32.74810169224249
960 -33.818654098459376
961 -0.025510056027706014
962 -26.677395265315717
963 -17.714348440451868
964 -23.216270487009314
965 -13.066783509252708
966 -14.88543496764556
967 1.3518526849184127
968 -10.454404569014004
969 -4.439648826821504
970 -1.9126557321792643
971 -6.859538263031136
972 -13.067925699854241
973 -33.40328154201561
974 -16.703607569246667
975 1.503058863482438
976 -13.360965021050069
977 -35.42976998704529
978 -8.557135975191777
979 8.361305096598807
980 -46.058944202186105
981 -10.519598033938673
982 -46.277393962546775
983 2.5270026449327996
984 -15.024942629970319
985 -9.773395297116222
986 -19.211848804565232
987 -0.15724170104658697
988 -0.19722267408345942
989 -4.530094251241681
990 0.111647327808314
991 -0.3814598172492697
992 -21.949672816288512
993 -47.7225358709757
994 -24.108754518893257
995 -25.875725426554563
996 -9.733251171644223
997 -49.57373384066901
998 -25.723047079546085
999 -2.9344020678706872
1000 -6.290823158071435
1001 -19.56962155085872
1002 -13.71755187173694
1003 -28.901702082749544
1004 -24.762963052728445
1005 -25.67420762652895
1006 -36.54487038488558
1007 -17.576576737896247
1008 -11.408702582763217
1009 -12.728249001929216
1010 -11.004748832211044
1011 -14.005372415454913
1012 -16.89880695207583
1013 -22.990530417857226
1014 -20.88018213224437
1015 -18.472279315982014
1016 -46.22703467668296
1017 -37.62839423386729
1018 4.738185282346822
1019 -19.559976816039853
1020 -11.275536397613177
1021 -5.021739744125953
1022 -7.057876012865891
1023 -0.859260483328253
1024 0.7368939582553867
1025 -7.687858997733565
1026 -13.285692343459814
1027 -5.975028911906848
1028 -9.985843305001472
1029 -14.336613909802981
1030 -6.405866373760509
1031 -6.465918637310533
1032 -11.963442414226156
1033 -7.477232051383326
1034 -23.57992959322015
1035 -18.95450102244853
1036 -17.92046336452273
1037 -4.443777323921677
1038 -9.040086817278935
1039 -14.730669650482742
1040 -18.592514677289
1041 -3.829084800726705
1042 -3.9346336965671798
1043 -30.185774055739458
1044 0.4033920131882769
1045 -13.495383580365596
1046 -19.201197633113335
1047 -10.42222083677494
1048 -34.69884786956434
1049 -25.53200851485337
1050 -10.083327695120678
1051 -20.177443281642336
1052 -21.281943163041433
1053 -19.694707988012524
1054 -24.464336092685407
1055 -17.647574066873496
1056 -25.651284045282228
1057 -23.71666263358129
1058 -19.934154715049953
1059 -16.864555355879713
1060 -33.47902110834752
1061 -14.101924954435818
1062 -7.3357430702220885
1063 -13.631984632397652
1064 1.047066989323357
1065 -24.976105555721443
1066 -38.2652571767295
1067 -40.60683176484541
1068 -7.037015572380478
1069 6.940473740620364
1070 -33.52143610814295
1071 -28.25184627706476
1072 -26.976152674858312
1073 -9.189774707441975
1074 -23.44031763026549
1075 -19.27812618394324
1076 -17.76112369406037
1077 -21.471354409891354
1078 -22.825483178127325
1079 -29.26098414561857
1080 -29.315896266441268
1081 -25.848269557092863
1082 -25.91451972895389
1083 -32.99140155013694
1084 -15.847405661243247
1085 -27.02689645188191
1086 -17.221302952474506
1087 -25.316316876160126
1088 -26.516343759325974
1089 -23.588579376465788
1090 -7.0675874228094475
1091 -19.716293127347306
1092 -17.812721748927142
1093 -22.282438869487088
1094 -22.218336746395508
1095 -25.73029638190026
1096 -15.38534439911964
1097 -9.84714631098963
1098 -14.211862569627556
1099 0.580174917288532
1100 -4.82672628728571
1101 -16.8076338381978
1102 -5.922261554396391
1103 3.123098553677264
1104 -25.06831974393732
1105 -36.84152056114632
1106 -5.913580896277272
1107 6.908693799496104
1108 -16.89705931910532
1109 -22.583745027214462
1110 -24.397158989447636
1111 -20.71874728921699
1112 -10.540142393784336
1113 -22.31735717761694
1114 -24.048181813649133
1115 -32.64386286825058
1116 -36.54320534325467
1117 -5.982648041610955
1118 -24.20592185958405
1119 -19.742895103673217
1120 -16.54904641657238
1121 -24.525301682449644
1122 -25.238341657290874
1123 -26.602399596697214
1124 -25.55155724637778
1125 -17.63592427649186
1126 -18.43642529559962
1127 -34.988170010437464
1128 -34.95136069423111
1129 -6.029263032301824
1130 -26.875345530574123
1131 -32.164049042481054
1132 -40.80139569812978
1133 -9.664371204704512
1134 -31.47498954677256
1135 -11.13832903551447
1136 -18.015583197050727
1137 -7.76088762661806
1138 -12.856542598507948
1139 -26.59125635361459
1140 -12.040015998081799
1141 -31.708598934598996
1142 -24.371092312383407
1143 -22.656463840292563
1144 -23.639653131332306
1145 -30.002886642979576
1146 -7.394348637449293
1147 -29.425923611119796
1148 -32.514508035297474
1149 -17.940940279828936
1150 -23.651688477137213
1151 -30.680095946649235
1152 -18.0244598172477
1153 -17.850197392359842
1154 -14.89216344640634
1155 -7.280152173940732
1156 -20.785008845046832
1157 -18.598053590278578
1158 -28.138419475431874
1159 -37.41245549790328
1160 -27.954571167530375
1161 -23.068941945443367
1162 -25.52940631480713
1163 -20.82864312574864
1164 -36.37837943944134
1165 -36.858705021503994
1166 -18.349351443868798
1167 -19.37804846193525
1168 -35.184580376287485
1169 -14.397383349347802
1170 -22.22843467212675
1171 -34.740005283392094
1172 -46.99195830248078
1173 -26.919529872630374
1174 -11.74027260879142
1175 -23.129054992759773
1176 -30.21633481143217
1177 -18.69092648177524
1178 2.2134045893140137
1179 -9.213207054373342
1180 -7.114781999040279
1181 -16.860551324254047
1182 -16.214716435198497
1183 -6.839941100497818
1184 -15.08505538805417
1185 -12.72979797144595
1186 -21.08798216450785
1187 -23.04717560331541
1188 -9.726650148966437
1189 -19.64310337065559
1190 -15.061025124416483
1191 -38.41053994833608
1192 -15.691712640480837
1193 -3.3083431949315125
1194 -29.88176352024675
1195 1.3436580217382288
1196 -18.885590180635337
1197 -11.1217160537609
1198 -3.2653705126441492
1199 -17.4834318554723
1200 -10.789701906928675
1201 -12.928829256024036
1202 -15.293146806674777
1203 -5.864173241688986
1204 -11.00220249616963
1205 -9.144511087077554
1206 -8.774991095879086
1207 0.3638532318023499
1208 -8.696569052021806
1209 -13.073621980627795
1210 0.36879760620955493
1211 -14.237899334990798
1212 -3.75680643828804
1213 -10.14692240602366
1214 -9.205866379803775
1215 -22.018654090441558
1216 -11.647867765774718
1217 -12.268615880822034
1218 -12.855568581194094
1219 -25.452028625128733
1220 -36.57751058506997
1221 -16.544182510593963
1222 -30.365758138047678
1223 -24.512275532610218
1224 -22.32011201663525
1225 -31.45581257455924
1226 -19.561466737185548
1227 -4.237501462993241
1228 -18.17211042909461
1229 -8.857983053456556
1230 -14.29093656051773
1231 -23.92042708540568
1232 -22.063454006430547
1233 -9.698668342392047
1234 -13.251488122433365
1235 -9.488914196000987
1236 -10.791072380644328
1237 -26.404530765848175
1238 -7.2940147534472635
1239 -12.971811876117426
1240 -6.7904644597324655
1241 -15.071630852659872
1242 1.7268899752909783
1243 -13.178951567987678
1244 -7.707557857803767
1245 -28.79113364854202
1246 -5.911659687267238
1247 -21.42261800229098
1248 -4.472442727433372
1249 -4.4921120633180545
1250 -18.23828321861016
1251 -17.188033957902224
1252 -41.826547954982814
1253 7.962434080323437
1254 -22.522207085532283
1255 -29.57552427941424
1256 -12.23993079545602
1257 -34.399952293909884
1258 -38.849980012023444
1259 -34.55997228146851
1260 -4.530501900662639
1261 -35.85607882804048
1262 -34.944793537035295
1263 -8.81278185958712
1264 -4.498466564382106
1265 4.675428545556643
1266 0.27718673745184785
1267 -15.551574835888314
1268 0.04596670820639701
1269 -13.083838969081699
1270 -0.290377011323144
1271 1.3768466405484652
1272 -3.092954422039038
1273 -1.777989688077505
1274 -14.455322493873828
1275 -16.60350978606206
1276 -3.301185068226914
1277 -8.571100344901934
1278 -4.183271779369534
1279 1.3881863315073133
1280 -0.4868436286934593
1281 -31.356530859631313
1282 2.017854196099652
1283 -0.9111188559209404
1284 5.987894894303463
1285 4.297863635016402
1286 -9.722683360946684
1287 -3.134461498372111
1288 -6.093052259119868
1289 -2.2732502818483042
1290 0.1658348480645509
1291 -0.4341760367587267
1292 0.4409407903367537
1293 -17.55215242719205
1294 -6.061085235076462
1295 -10.164574530153914
1296 7.466906513669819
1297 -30.157408622894874
1298 4.970069998898107
1299 -14.944502214620297
1300 -20.776981099941185
1301 -15.343661048179202
1302 -11.787851678990119
1303 -4.944835699437099
1304 -9.489769439824741
1305 5.021335568303766
1306 -8.502357482618681
1307 -3.3187684954126597
1308 4.280132876135613
1309 3.013887277255417
1310 -4.918842543604114
1311 -7.897458671474306
1312 1.291826954945427
1313 -7.022433986008982
1314 -2.802388011128205
1315 -1.499303667330969
1316 -1.6121767430609908
1317 1.401877359602222
1318 -1.889942875103152
1319 -14.865717004186154
1320 -2.7973377944534876
1321 -7.349083663588826
1322 -6.454510443164909
1323 -1.7631548294605455
1324 -9.828353445228712
1325 -31.549041786526214
1326 -4.371733034864446
1327 -20.7433393856934
1328 -23.386187324702043
1329 -13.662921870597202
1330 -44.10192032487248
1331 0.025270770844072102
1332 -21.19137008878053
1333 -4.609972446237516
1334 -15.863596231483097
1335 -11.505775849862694
1336 -14.949245033248152
1337 12.301462750305072
1338 -1.4486895675840787
1339 1.6606311208370608
1340 -1.905484677060158
1341 -0.5827868641911482
1342 10.009998901811342
1343 -6.737365869165951
1344 -16.943199797108974
1345 -14.901535805590537
1346 -5.947308770938252
1347 -3.1733962807437637
1348 -7.414713726462942
1349 -7.550802440928673
1350 -2.380886052368296
1351 -3.3176564074617634
1352 -5.312348124646523
1353 -1.8585244634433185
1354 -13.508618525222555
1355 -9.188446012386413
1356 -5.51617085542719
1357 -0.7114823199235252
1358 0.006314845314773265
1359 -1.9791228986604255
1360 1.053283422558452
1361 0.2794993876272929
1362 -12.440972055358435
1363 -11.140470518985676
1364 -7.986530825328082
1365 -17.49448691351383
1366 3.980507777345047
1367 -15.352557928695605
1368 -24.728041366474645
1369 -9.48732595825044
1370 -12.128114522137185
1371 -31.83757612530695
1372 -4.356170776022191
1373 -11.096182168340166
1374 -2.5457333762393684
1375 -0.7132229102216661
1376 -7.442803113508271
1377 -16.748619270861674
1378 -6.877001083048526
1379 -2.2806158500743914
1380 -40.27582771919464
1381 -17.030984551576985
1382 -4.889174949281005
1383 -9.760197598673258
1384 -1.2602807024952198
1385 -5.981083442303788
1386 -19.561637611849147
1387 -11.973518633475178
1388 -33.34255658531489
1389 -9.065366851989092
1390 -10.488792882351117
1391 -6.596188051690988
1392 -23.35141239448625
1393 6.683898897412291
1394 -29.03816101208067
1395 3.02899065320089
1396 -11.634361989728786
1397 -21.17529838750561
1398 -0.7910570706534782
1399 -19.43858392357346
1400 -15.08776941439297
1401 -15.090918878942903
1402 -28.97855643840827
1403 -27.62864782872042
1404 -19.250863864416022
1405 -28.06095475483453
1406 -30.379590131913282
1407 -20.059602583385278
1408 -23.867836297351314
1409 -13.983386377330898
1410 -4.162227917705313
1411 -9.551215430826414
1412 -15.695281427653098
1413 -29.168143384208523
1414 1.4066572252701735
1415 -3.66154293861342
1416 -1.9072616432665381
1417 -2.5344209938884887
1418 -4.48693679989563
1419 1.878975325354695
1420 3.098614037671796
1421 -21.58056250194699
1422 -3.830635603921692
1423 -15.109002675644879
1424 -5.397514664570481
1425 -0.4852887734345859
1426 -13.416280065289902
1427 -4.754446576967166
1428 -2.4845541671708635
1429 -14.837805242436152
1430 -24.58421030923535
1431 -22.16581783684378
1432 -18.830103200276497
1433 -32.58159009896335
1434 -1.2992978852568193
1435 -6.165004016223393
1436 3.5329351877399313
1437 -16.734609839842307
1438 -0.49243406439141835
1439 -22.380167273601838
1440 -11.629416070875886
1441 -12.32570576835744
1442 -26.661265192417776
1443 1.9112565065009404
1444 -5.132328534127737
1445 1.0509561085731547
1446 -3.0762873144840706
1447 7.123027025190531
1448 3.068988606716157
1449 8.468279945452377
1450 -43.67067762854931
1451 -17.320877303356536
1452 8.050046126449597
1453 -2.8019633812288522
1454 -16.86424062311984
1455 -11.898737836565997
1456 -15.665795227072813
1457 -4.815900672096613
1458 -6.553390298939194
1459 -11.421920833566254
1460 -28.083100572885886
1461 -1.2648024716309738
1462 -5.231523122661892
1463 2.060210532231431
1464 3.30639988911571
1465 -0.2334221083414741
1466 1.9356261073224597
1467 -6.76691131187501
1468 -2.637250266880583
1469 0.3032488794618985
1470 -2.289706280525279
1471 2.6611354172088615
1472 2.9025049931768443
1473 -0.7065529996497207
1474 -2.6149935885172453
1475 -3.996214764789329
1476 -2.5954922349705885
1477 -6.581130700227223
1478 -14.443931184731772
1479 -1.062185323927406
1480 -18.398106954858378
1481 -4.098945336469187
1482 -12.330419349224249
1483 -5.851316132834909
1484 -13.868401828113566
1485 -8.732312113809312
1486 -3.8687368545679783
1487 3.6848896053138014
1488 -2.0260751036243163
1489 -8.266356621724698
1490 0.11202149645469035
1491 0.0672049846946902
1492 -3.5385917172893824
1493 -6.612977695567388
1494 -13.291062507504684
1495 -7.39198137848216
1496 -16.823751462863438
1497 -11.769577033729583
1498 -5.40751591361739
1499 -4.299064584756415
1500 -15.043190643370908
1501 -16.087847730177455
1502 -5.176965488631249
1503 -13.965323711454111
1504 -8.442825949995314
1505 -11.833214390990324
1506 -8.001413056306628
1507 -10.275612846519653
1508 -0.9733820721095253
1509 -3.363554997188767
1510 1.6899306260136655
1511 -4.462944743036351
1512 -4.921968077670026
1513 -1.0966428171993174
1514 -3.487809056739352
1515 3.4816877585509793
1516 0.33709765333187536
1517 1.3113484761447762
1518 3.999392304553912
1519 0.9157997254279325
1520 3.0042062620031356
1521 -12.807001411144883
1522 -5.564842519864032
1523 -9.360328249892627
1524 -12.050917644928413
1525 -10.25379064038687
1526 -5.737036696087452
1527 2.8636253025871703
1528 -3.9445466622900858
1529 -5.443368869736296
1530 -11.59562248987888
1531 -1.144943691113731
1532 2.1622987998356984
1533 -10.143175313999963
1534 -13.176254811359831
1535 -12.987135046341864
1536 -5.107319333414634
1537 -6.958463371064281
1538 -9.753994576842961
1539 -3.0136694177456955
1540 -26.441923815133194
1541 -9.627092101814778
1542 -26.889150412397576
1543 4.377119308881956
1544 -8.22672318828234
1545 -14.95170926094026
1546 -4.241392508588032
1547 -21.525427402479107
1548 10.992741466145963
1549 0.18598602854137425
1550 -42.31507862102197
1551 -38.261410512887814
1552 -11.281228337090289
1553 -13.473474829112238
1554 -10.587930256192484
1555 -10.815494470154809
1556 -19.915585403591248
1557 -7.305896398824697
1558 -1.612290498506627
1559 -21.17067453893367
1560 -12.798823051695072
1561 -16.5673420943752
1562 -5.195452593457739
1563 -11.386875263111142
1564 7.919962348825502
1565 -15.884008018918394
1566 -2.180357705689239
1567 -7.007820272358949
1568 -2.183541712469159
1569 -20.68913671863702
1570 -4.44796342042202
1571 -53.34377792518993
1572 -42.58150796004702
1573 -14.37381023040347
1574 7.882976656920801
1575 -16.930133896045444
1576 -22.406074847486742
1577 -15.830867169509583
1578 -11.755941097416652
1579 -2.9063326519122348
1580 -4.070287169387593
1581 -2.766127018072875
1582 -3.023203775242873
1583 -6.621271548666264
1584 -33.40483475735397
1585 -5.905757506609807
1586 -20.61586861361924
1587 -28.223021573807927
1588 -14.335786070062023
1589 -30.541277573246187
1590 -9.27631335819402
1591 -6.475682437660144
1592 0.5064509227905364
1593 -10.774564471743506
1594 -6.134752882579342
1595 -15.82659944484214
1596 -6.883049342995946
1597 -11.596728400046995
1598 -19.36071686083218
1599 -9.525991453878815
1600 -13.61527487567684
1601 -17.004428021267668
1602 -10.002650895336847
1603 -10.54867436952045
1604 -11.774981352488975
1605 -3.254931219485006
1606 -17.487916768517607
1607 -4.417775676445453
1608 -10.044861924401484
1609 -9.898437445183664
1610 -8.928915352845797
1611 -7.966429814063595
1612 -13.105461742345943
1613 -9.73364174230388
1614 -13.248309038223088
1615 -7.278008567558718
1616 -3.5657149047241545
1617 -16.499436046466435
1618 -13.973903542542102
1619 -14.100488678909315
1620 -13.64689050181958
1621 -18.10562213178826
1622 -13.903182256556029
1623 -14.731545733091043
1624 -14.566168804750777
1625 -7.501297531190939
1626 -42.94826731915178
1627 -46.16183300934761
1628 -41.571717080196834
1629 -39.00230174932906
1630 -43.311439464443104
1631 5.275009105688078
1632 5.723537476915517
1633 -26.54966668594192
1634 -23.1057419023088
1635 -15.507241620499407
1636 1.0174119387073732
1637 -28.974159036464116
1638 -32.10802367677723
1639 -16.87493135203811
1640 -12.628555874748999
1641 6.669577339534153
1642 -33.53248209607613
1643 1.8517621192005753
1644 -14.490722357363266
1645 -20.049936231942848
1646 -8.292446454242016
1647 -15.584264051162899
1648 -19.944715286509307
1649 -14.283276618134114
1650 -8.253503469459684
1651 -28.428259064582527
1652 -26.383313617376988
1653 -30.285676070603948
1654 10.113273550820596
1655 -28.751916162406122
1656 -1.504326968529349
1657 -36.36140299907027
1658 -21.1314777961075
1659 -32.81660913045634
1660 -41.72476255037123
1661 0.6870486498784157
1662 14.129561731841967
1663 -15.099968979704572
1664 -22.958066205855722
1665 -30.699912807986692
1666 -50.602068655331095
1667 0.2682950659295602
1668 -4.288550517960975
1669 2.822069694154197
1670 -22.918486611790286
1671 -8.463910526056134
1672 -12.359226875436871
1673 -30.82397881582947
1674 -36.774044548696835
1675 -21.946322374424344
1676 -45.393642305248065
1677 2.987383426584711
1678 -5.7578733071798345
1679 -52.73216394840667
1680 -25.5981760953748
1681 14.42492093683526
1682 -24.692582069906784
1683 -2.415020225762273
1684 -0.3033417961229861
1685 1.4953297383559403
1686 -2.868509760925663
1687 -10.765383635057805
1688 -8.981805535910244
1689 -15.652545230890537
1690 -3.583982892019703
1691 -7.206095789456449
1692 -22.04279753386785
1693 -10.222597136525291
1694 5.7169444628906785
1695 -38.55672137953894
1696 4.7570635391061655
1697 8.437159384356928
1698 -24.777199800881352
1699 4.164179906114004
1700 -12.16715100204572
1701 -4.033627403261926
1702 -37.97828319143431
1703 5.461519723462261
1704 -0.7180531416677696
1705 -21.104544780483266
1706 -7.802890632888011
1707 -17.753639063111624
1708 -7.651733278464526
1709 11.165953943153436
1710 4.826719823078456
1711 -5.2334786829522635
1712 -5.320371626738633
1713 -2.0730933069648745
1714 -42.90566514096238
1715 -8.767609027356812
1716 -20.15094300285331
1717 -23.45665842733404
1718 -43.878991444541896
1719 -24.118257423051837
1720 -19.42148774653979
1721 -8.48367161886359
1722 -18.358519736847374
1723 -15.972352385031408
1724 -20.65472331507757
1725 -0.23759759309585207
1726 -16.244191445567704
1727 -8.82448780320614
1728 -13.622344525299704
1729 -22.90728335435604
1730 -2.529893240727688
1731 -12.455130648943014
1732 -12.368779757858137
1733 -28.506114546789178
1734 -25.485711345813762
1735 -27.188153568522974
1736 -21.89405046666856
1737 -8.535539640029747
1738 -19.568309356099345
1739 -3.7159177355465363
1740 -31.559706464857737
1741 -12.180883036577871
1742 22.978697689287074
1743 -20.838557248401777
1744 -32.95605938433058
1745 -22.270245097250882
1746 -18.64310861219128
1747 -47.09750825977666
1748 -8.973716524047923
1749 -20.994297063060657
1750 2.8550444100437744
1751 12.934325039665564
1752 -7.16249740167259
1753 -0.19753306554688607
1754 -13.133636326631967
1755 -38.2178893136917
1756 -4.522042963167478
1757 -23.294626246065455
1758 -35.229629801690606
1759 0.5988522922084667
1760 -19.48238454388469
1761 -29.020383745727887
1762 -35.515743429642754
1763 -17.93125559722015
1764 -3.650749644460593
1765 -12.4319340153136
1766 -8.799584930558922
1767 -6.879781298713642
1768 11.362214177649584
1769 -6.304739383197156
1770 -1.9488222669358948
1771 -3.263008945661422
1772 -6.257752826952928
1773 -7.231219517838035
1774 -11.501504073131363
1775 -19.942842320366616
1776 -16.92773083963519
1777 -18.879247931237767
1778 -26.897370452224568
1779 -12.358562963161967
1780 -12.15506905329399
1781 -18.304546318885695
1782 -11.52139551715547
1783 -3.8957623993378365
1784 -5.035506416362914
1785 -14.147526564104192
1786 -12.470221385706536
1787 -18.417629149997666
1788 -18.958858572077588
1789 -30.269233194099215
1790 -11.841785634960251
1791 -7.97487736478186
1792 -13.869839066812565
1793 -4.220435003902821
1794 -2.6976111864986887
1795 13.304527178830467
1796 2.1085425702518843
1797 -1.5913649273422197
1798 -7.365631612946308
1799 -7.63078754245551
1800 -6.624629516193091
1801 -5.838166578976379
1802 -7.774018461794767
1803 -4.754227074728842
1804 -7.961086669394136
1805 -21.160274901523806
1806 -15.025643109103111
1807 -31.183599058952094
1808 -6.428764387410775
1809 2.663182248623634
1810 6.85029702447835
1811 -18.602121494562017
1812 -17.981952675822104
1813 -26.26610402456019
1814 0.24450746279137092
1815 2.7341000751526736
1816 -2.4895952182624024
1817 2.2758665672392815
1818 4.2027281698898875
1819 3.4078092885945805
1820 2.6792329145481926
1821 -22.092298871723905
1822 -25.234816673406602
1823 1.814697888020164
1824 -26.06026282962004
1825 1.6008147643467237
1826 -7.159118592553131
1827 -31.705440495415534
1828 -4.042230681843648
1829 -2.5588069967232876
1830 3.425420021580212
1831 -29.949106095396274
1832 -43.00625924440741
1833 -21.530145807632653
1834 -25.530416225038934
1835 -34.63370891795654
1836 -32.63479250716948
1837 -21.730103445122367
1838 -36.53143976999141
1839 -22.157887832685955
1840 -38.736137555124735
1841 -4.8707860683926265
1842 12.749045185049471
1843 -12.740013418262242
1844 10.014256977905315
1845 -8.008205020209717
1846 -4.118922457916196
1847 -32.253152747956335
1848 -27.954264055907988
1849 -10.965311554604268
1850 -28.18027775590788
1851 -28.28978360024499
1852 -34.60163074156051
1853 -33.05322778647678
1854 -27.421300695328682
1855 -27.961768947176168
1856 -17.948380430741672
1857 -4.854410344386706
1858 -13.399009247953218
1859 -30.381813917491527
1860 -39.35766275942748
1861 -29.770914221569402
1862 -22.12048474450392
1863 -8.490964438081283
1864 -45.15703435925651
1865 0.4628931539284531
1866 -12.308878010369371
1867 1.4022721760834975
1868 -23.886337875038006
1869 -21.17947541670568
1870 -8.047139999147184
1871 -20.102279150503602
1872 -9.001718301709188
1873 -10.226417266789941
1874 14.540133771974798
1875 -9.027174038177764
1876 -18.24457616368498
1877 -25.786586311151623
1878 -4.412289541377395
1879 -0.17890499775778154
1880 11.048656934710307
1881 -3.5535539365145086
1882 -2.396124120826862
1883 5.36679673204344
1884 -19.371388199936774
1885 -26.60725414333472
1886 -10.926726816637238
1887 -27.306427197372976
1888 -34.61641629585473
1889 -1.8319742035835225
1890 -11.428241856663808
1891 -17.934007445629977
1892 1.69728056444932
1893 -1.8389342452994606
1894 -4.178420900088531
1895 -10.828851563817734
1896 0.20880945950499152
1897 -13.860662669706217
1898 0.07823727479859371
1899 -14.05703106313842
1900 -3.2054186886097886
1901 -16.73270513112846
1902 -7.137495917571796
1903 -10.895052816063398
1904 -14.812738922505087
1905 -25.114362868508614
1906 -0.6798668875385192
1907 2.8145946163040936
1908 7.166297075051989
1909 4.46613270359725
1910 -5.122783275652036
1911 1.757115639621479
1912 6.3807685976827635
1913 -1.929930407822103
1914 3.206369836895028
1915 -2.6097947849343472
1916 -6.1668440828647
1917 -10.471953549444589
1918 -31.492350961293706
1919 -26.526367776310508
1920 -14.569827419692738
1921 -30.26335532863319
1922 -15.402744118702103
1923 -2.1590618269926924
1924 -22.973182897731167
1925 -7.045484927863872
1926 -5.171300562913384
1927 -9.770787888075866
1928 4.38027928970303
1929 -1.1454720431778695
1930 -13.454742073177767
1931 -1.8080028900339675
1932 2.5666988895775282
1933 -1.2722460006676557
1934 0.946546890099853
1935 -3.251848138019122
1936 -4.880904641958768
1937 -6.603456847757916
1938 -1.1174900428457477
1939 1.6197498482833907
1940 -43.44790640242718
1941 -1.3229055464311386
1942 -2.8723730205383617
1943 -9.72370986414142
1944 -17.561927805268205
1945 -13.623896968415211
1946 -16.131110349851078
1947 1.5050493479020952
1948 -23.631833987486463
1949 -15.958753113859276
1950 -16.172718539639753
1951 -16.402466886239125
1952 -7.546235997999174
1953 -18.243218424626104
1954 6.172591209598613
1955 -38.870513372607675
1956 -3.2294146037752216
1957 0.7822558025579202
1958 -27.60382156057967
1959 -24.268332699508317
1960 -32.428131189100675
1961 -38.250683891051594
1962 -12.379625636174751
1963 -11.466595511857886
1964 -7.738003990353173
1965 13.784641267307743
1966 -6.826898933352495
1967 -13.293634894132847
1968 -1.0542946834782196
1969 -13.147418145669072
1970 -10.638968118141056
1971 -2.8056463085541328
1972 -7.807370915404317
1973 -17.025954884454258
1974 -3.032884116555215
1975 2.0518360197541186
1976 -7.4510726514157435
1977 -0.8108868604054441
1978 2.474419961006206
1979 -8.401497661503964
1980 -4.019446134406462
1981 -0.4139097473402217
1982 3.1772482518624745
1983 -0.799838171096344
1984 -4.345588879979914
1985 -13.053687213497906
1986 -19.98963870480031
1987 -21.8071416038592
1988 1.5318978430336574
1989 -5.22923228005966
1990 3.42616633143698
1991 -4.398741020690795
1992 -6.130830574595602
1993 -7.459914633907902
1994 0.8407180901539687
1995 -1.0067735047203314
1996 -1.4947211144288304
1997 -6.941266173241747
1998 -4.743088653124869
1999 1.7475901584749227
2000 5.284797412178741
2001 -3.0337442801405268
2002 -2.711107024738594
2003 -3.6705417104244407
2004 -21.09291631187647
2005 -12.489891010823776
2006 -30.505551396462252
2007 0.5171318121856894
2008 -3.0864409132704895
2009 -2.3816514684223513
2010 -5.936740864765889
2011 3.796306336147536
2012 -29.149650778347276
2013 -25.99847721220198
2014 -15.768313336378633
2015 -4.726483584549423
2016 -9.400478842379961
2017 0.41684501412077224
2018 -4.347037794688367
2019 -17.162307294769853
2020 -3.8549480855252476
2021 3.891931076054025
2022 -13.319076637923427
2023 -32.55687739531859
2024 -13.20092477317201
2025 -30.08095429551962
2026 2.149815474920615
2027 0.6862203271471662
2028 -8.386535442278836
2029 -5.68700131137477
2030 -1.7117549550572584
2031 3.1762111341136916
2032 -5.360774042500561
2033 -20.638666283228666
2034 -14.576140914319549
2035 -0.29517955226197956
2036 0.7907965591698303
2037 -4.197954189964075
2038 -14.220058777253435
2039 -38.64114517587164
2040 -49.297756058802044
2041 -9.833564887993562
2042 -19.15511108996143
2043 -40.32413187295009
2044 -25.155547781893983
2045 -9.246418157504813
2046 -14.466020945020572
2047 -4.434071898003167
2048 -8.501954272777075
2049 -8.694686052598263
2050 -15.590054888518061
2051 -1.9255963000706107
2052 -6.348236365484772
2053 8.147712101261277
2054 -26.88555875900478
2055 7.456490474246675
2056 -14.330403460592933
2057 -9.846163512799976
2058 -9.639877329358132
2059 -9.961092585527949
2060 -5.541104027290857
2061 4.956640540934168
2062 -28.812687143588555
2063 0.4280736482018256
2064 0.06246496853374992
2065 -4.226926609623333
2066 2.6367158353165725
2067 6.025419165310886
2068 -6.823605032241176
2069 5.0188579292068605
2070 2.0680515763172296
2071 -4.340111233747011
2072 -0.43577054776687874
2073 -18.84072108471155
2074 -17.79048841977463
2075 -0.927065316690423
2076 -2.4965730154876655
2077 -2.650694293179549
2078 -4.989396139292803
2079 0.7950315752855386
2080 0.1833950215142977
2081 -6.990957104443223
2082 7.899564742209768
2083 8.335298818593582
2084 0.7998408696641854
2085 4.2680183171150565
2086 2.6954442280977675
2087 -6.728426920756902
2088 -13.506855551694171
2089 -8.052360321070736
2090 -12.863596520057472
2091 -14.450628210153955
2092 -5.32720015749961
2093 -5.387742277102807
2094 -6.5503969469601
2095 -4.366082874047424
2096 -6.025679292087152
2097 -7.774958032353461
2098 -3.4225749700848245
2099 2.2499926678866906
2100 3.683831938013027
2101 -1.5576134142378577
2102 -0.659229324607295
2103 3.227715887611994
2104 -3.9739531666644323
2105 0.511341747053375
2106 -33.91319531142799
2107 -1.4068662140454398
2108 -13.531149314615904
2109 -7.03268677190601
2110 -6.385332050003781
2111 -20.580434112424992
2112 1.4463953468578985
2113 -10.524780918498582
2114 -1.5582121986418496
2115 -0.7518761513754726
2116 -5.05418697284098
2117 -2.196192149216513
2118 -1.6252655103450524
2119 -5.0072332234313945
2120 -7.90685949338862
2121 1.0808883591105405
2122 3.5472286675953364
2123 3.312002963995619
2124 1.1207540322560816
2125 -3.1441607493159243
2126 15.52086829013817
2127 -12.057888011965842
2128 -2.0336964545221417
2129 -2.252401800988737
2130 -0.3346256107445515
2131 0.2743240287300432
2132 -18.70349268726248
2133 -1.3821715551425586
2134 -16.561550100089807
2135 -29.35196901683914
2136 -38.87637869436658
2137 -21.63227190011603
2138 -5.933679107882926
2139 -15.366709285850083
2140 -22.08078010649886
2141 -34.77855383920862
2142 -5.3769278521247905
2143 -21.129049559616252
2144 -3.90610269633602
2145 4.287693634216703
2146 -18.57702285359468
2147 -3.5488691076103716
2148 -25.200097896428197
2149 -21.857834532114357
2150 2.86413136689589
2151 -16.26816516845254
2152 -46.78224661149783
2153 -20.854585817520565
2154 -13.651230107797746
2155 6.250075224534812
2156 -1.2730446082637354
2157 -12.348566633876617
2158 -29.00477720060735
2159 -40.11866976922596
2160 -17.278215787563532
2161 -22.24242056017756
2162 -34.03264528559404
2163 -6.223256062639121
2164 -14.16010261192263
2165 -5.1138400786132845
2166 -5.685098722763651
2167 -15.192845824982214
2168 -29.405264920171465
2169 -35.61307228565624
2170 -15.254271263623814
2171 -35.36028525448462
2172 11.358663432411122
2173 -2.694646589290351
2174 -11.797933008950348
2175 -2.25666933470653
2176 -4.957678529188707
2177 -7.252453068322502
2178 2.026785520563135
2179 1.8788843406547675
2180 -16.14108361635008
2181 -37.141043965208084
2182 -19.33821704178714
2183 -16.65200613625595
2184 -44.69083012717252
2185 -24.530290149377397
2186 -8.232599413827847
2187 -4.9792988875015
2188 0.18654815061265254
2189 1.9990907562413485
2190 -25.72265650888643
2191 -30.259892288253614
2192 -30.42596217568018
2193 0.7285699098391342
2194 -20.615696677500235
2195 7.129370046810945
2196 -4.908962384715851
2197 -26.860760088704556
2198 -10.323639508313063
2199 -3.040181372544175
2200 -5.457023330973316
2201 -12.482066848933464
2202 -19.992998312247654
2203 -11.402369981939119
2204 -6.765785719852574
2205 4.656895127015887
2206 3.558090175702382
2207 -3.5873879454836426
2208 3.5779484309925467
2209 -45.345826654049745
2210 -11.539142871807272
2211 -12.45677571948705
2212 -4.479944532618247
2213 -17.119668931621856
2214 -5.618514038005523
2215 1.5811043265499756
2216 -6.255583459216723
2217 -6.153659119078511
2218 -12.318426649777102
2219 0.5870076966792113
2220 -0.579562432247185
2221 0.6692489048205607
2222 -41.506850888931076
2223 -8.916217347171042
2224 -4.832395843532576
2225 -17.791975737827308
2226 -8.686695068108238
2227 -4.700612577522406
2228 0.5243437754591287
2229 -0.013648190787498606
2230 2.0375193816375394
2231 -2.8743340762473237
2232 -1.9795319942441711
2233 -0.061232660929963455
2234 -4.9166215548766194
2235 -0.5938891991194396
2236 -34.61630997059692
2237 -6.207290593955259
2238 -12.657609052069601
2239 -19.012400609508187
2240 -4.421910542278056
2241 -1.7565759035885276
2242 -21.379740842565806
2243 -1.1379871229965648
2244 1.2718844683951465
2245 -38.01188920652188
2246 -13.511970028542128
2247 -12.256186589041608
2248 -0.1706436622609908
2249 -5.381181876154878
2250 0.013888725568103838
2251 -6.874311756608513
2252 -9.518437449237535
2253 3.092427516137686
2254 1.4541998240858083
2255 -1.733747746621084
2256 1.9307048911764286
2257 4.608826203572098
2258 -22.191872646948905
2259 -0.9017262336092244
2260 -8.953336574658605
2261 -8.991767322965606
2262 -12.085878599416027
2263 -13.76628316300994
2264 -20.964791950040816
2265 9.350923277631518
2266 -2.9038173845020356
2267 -15.91667870926889
2268 -20.695543610107123
2269 -10.654860837816523
2270 -18.25545465227042
2271 -11.365065117695194
2272 -15.07059209499057
2273 2.0119432345664245
2274 -3.9502532683851315
2275 -20.033953395265126
2276 -4.612957885038486
2277 -8.278529361418624
2278 -2.066467199680919
2279 0.7457453000884561
2280 -0.05073789128146018
2281 2.19720360108593
2282 -11.64914050135063
2283 -37.97306856430325
2284 -30.316247053335246
2285 1.1290105434661382
2286 -21.99649718046203
2287 -7.691476799996017
2288 3.314018923344993
2289 -14.066560983864328
2290 -11.473018420633888
2291 -8.63648215076697
2292 -10.189871837383107
2293 -14.497158003604127
2294 -13.459780133660825
2295 -9.71404168182882
2296 -30.62326657059748
2297 9.078267859605985
2298 -41.085234402502685
2299 11.013460558961379
2300 -11.82650598159933
2301 -8.5320117638199
2302 -25.773603386135072
2303 0.6692525721770654
2304 -15.64963495324133
2305 -19.918279265085438
2306 -6.845209856238362
2307 -20.272342550476605
2308 -14.402355509737099
2309 -10.79870617696637
2310 -24.885685412473247
2311 -26.659274514240387
2312 -21.60664500255938
2313 -37.391021739519346
2314 -26.97537201372121
2315 -30.367250375861914
2316 -29.33857313793269
2317 -23.27790201648444
2318 -13.967723678972979
2319 -17.945799072288064
2320 -29.29700624100573
2321 -23.954293224461434
2322 -2.495767460694042
2323 -8.969191570545954
2324 -28.72208936942887
2325 -11.281975708402461
2326 -9.96217312185734
2327 3.2216556652306463
2328 -7.615085573055694
2329 -38.31182614574674
2330 -14.969539397881308
2331 -35.59559528481928
2332 -25.300558658048104
2333 -18.199795640317753
2334 -19.31718089954331
2335 -28.78535139830492
2336 -35.313670260985674
2337 -7.669179308953171
2338 -16.000447854384692
2339 -23.063667688668065
2340 -19.26655686199039
2341 -14.661698215852812
2342 -21.91624616750778
2343 -30.999075258241064
2344 -0.3949913546493917
2345 -32.98522081606207
2346 1.3743020427104784
2347 -10.079210489322577
2348 -37.59407432543405
2349 -3.554147028934094
2350 -12.720260334107733
2351 -31.689881131706933
2352 -51.583534819541384
2353 6.67086657259817
2354 3.0709898039727705
2355 -7.203014058678527
2356 -29.51038117745964
2357 0.7999460379917582
2358 -11.234236476377118
2359 -39.869107262665054
2360 -15.22800804601662
2361 -31.49768581088574
2362 -7.495408955696039
2363 -0.9022629790336941
2364 1.769290600509121
2365 -1.9109350203012583
2366 -2.0808400865097063
2367 -18.74905029988513
2368 -0.9508724107332819
2369 -9.003899154505197
2370 5.3466908010173935
2371 -8.629821307495295
2372 -31.724948992725547
2373 -5.591184950686875
2374 -3.709251298573363
2375 0.5185924983784207
2376 -23.44094323747908
2377 -15.950217569049563
2378 -15.003719112766703
2379 -11.860242926368665
2380 -2.0200204777525506
2381 1.3161793815308191
2382 -1.1300114790644147
2383 0.2690051964439044
2384 -1.4925459564253105
2385 0.6681531234081194
2386 -2.286798993484554
2387 -1.0363257991521095
2388 -1.6615254419449774
2389 -1.016479509103956
2390 -3.967907321668463
2391 -3.75008760810073
2392 -1.566170379105315
2393 -14.658761792142032
2394 -7.354289706409909
2395 -13.562237748432818
2396 -5.333265496208332
2397 -0.0769006693729898
2398 -8.019627013275603
2399 -12.150954739821463
2400 -4.64622562439763
2401 -5.12838162452812
2402 -29.73014120342661
2403 -8.790117531802826
2404 -15.447144006407616
2405 -22.051214979127398
2406 -17.19220722427097
2407 -22.645921215292184
2408 -10.492930449559644
2409 -8.740832896526262
2410 -23.44820672626898
2411 -3.261812146268203
2412 -4.547839676740405
2413 -13.486458332593902
2414 -10.076757645599281
2415 -16.00948811281516
2416 -22.26540704810148
2417 -6.437743376276485
2418 1.4817036443742109
2419 -3.331204543440981
2420 2.3532479214661
2421 1.4740526738160407
2422 -0.8390478395289392
2423 -9.904617502510519
2424 -10.360332272223022
2425 1.2210384181776317
2426 -17.01146322413537
2427 -8.146433485559392
2428 -25.29352393536261
2429 -6.719917617483588
2430 -16.90700123054863
2431 -25.51814120934301
2432 -8.310802823144476
2433 -13.673003588072897
2434 -28.301678657027225
2435 -14.221328713170514
2436 -2.446386825481168
2437 -14.788438790850924
2438 16.314734328419437
2439 -16.36558443350892
2440 1.0239975225443778
2441 -9.355987003993942
2442 -2.1856628373380227
2443 -6.361600889335532
2444 -22.114503255156013
2445 7.769515408532752
2446 -9.883145829388814
2447 -13.47538619579107
2448 -21.437218692051683
2449 -0.4738521165588463
2450 -8.344618787371727
2451 -38.14581453727646
2452 -2.5424441056570504
2453 -21.882577338409757
2454 -18.068645605466735
2455 -4.579917754853523
2456 -4.057114940258179
2457 -4.532208044205618
2458 -0.47514742631465195
2459 2.3644394102241493
2460 -7.09582491658075
2461 -6.278534635495889
2462 -20.48622345576441
2463 -17.60359572298403
2464 -33.49262211772307
2465 -7.523729330039496
2466 -10.5981612345163
2467 -12.822216419625184
2468 -6.996733758170739
2469 -1.6538996542758833
2470 -6.6771296087800875
2471 -13.525549904284416
2472 -8.457418920335622
2473 5.1762463834833765
2474 -14.535942946662544
2475 -5.467081216247898
2476 5.0629879488958975
2477 -8.399164461776527
2478 -6.836345681465609
2479 -2.215132155722822
2480 -17.09337618982914
2481 -24.687224255811305
2482 -25.504824445369305
2483 -38.331603253052016
2484 -33.51199437526622
2485 -7.326193947824067
2486 -30.527223277483426
2487 -2.413456878860161
2488 36.05100583242689
2489 -9.815949718236661
2490 1.993171112115233
2491 -11.383948777206388
2492 -4.8996961570317215
2493 -20.14567685020578
2494 -14.535901361760189
2495 23.573384047031723
2496 -23.40159501541915
2497 -46.80433173844955
2498 -31.071713510223635
2499 9.4476099306604
2500 -39.03587997843453
2501 -25.172906396756296
2502 -18.153667706021224
2503 -27.065141754382203
2504 -56.24423734216514
2505 -7.916300647800235
2506 -24.085973829762224
2507 -41.72048778303142
2508 -17.117998585522
2509 -53.619435956252566
2510 -19.065248724679986
2511 -23.758084995663957
2512 6.256157448247104
2513 -7.974189331073285
2514 -19.057609233565454
2515 -17.545751421464082
2516 -17.122613557743318
2517 -23.617215351266786
2518 -33.97192215976349
2519 -21.066109401647264
2520 -5.335529417718062
2521 -14.357804429222305
2522 -31.227370539785188
2523 -35.910228526225694
2524 -18.279461954212746
2525 -13.950460485581862
2526 1.020380686262506
2527 -2.706387075139355
2528 -47.10772660172661
2529 -33.00560539598038
2530 -28.453520574368593
2531 -11.365788272098872
2532 -27.689803879527755
2533 -4.589224696934252
2534 -6.703919055540609
2535 -25.770236831490184
2536 -40.775809997960025
2537 -32.5706149308855
2538 3.7024219927814555
2539 -31.540052567813838
2540 -56.88521199540686
2541 -45.46644882599314
2542 -8.31874575571681
2543 -17.247950565766658
2544 9.783944001616474
2545 12.973628590739827
2546 6.5270724697322295
2547 6.121326895406091
2548 2.1015068815858102
2549 -0.7163831802752975
2550 -7.248286266161013
2551 1.1432106264782487
2552 -13.102775018998946
2553 -5.855599200868309
2554 -11.023439809485426
2555 -13.370838137265965
2556 -27.830007584214037
2557 -35.91254638539525
2558 -38.35498803386407
2559 0.8096172137209214
2560 -21.88627290772507
2561 -6.78260286047851
2562 -15.677708036556288
2563 -22.489963344557765
2564 -1.4213729284977308
2565 -8.988533337923
2566 -43.81643867567443
2567 -28.777131167528278
2568 2.8699687089149664
2569 -26.438888976534653
2570 -14.301775879152265
2571 -21.93910790072463
2572 -31.264383343732042
2573 -34.04748439003262
2574 -34.84816689835803
2575 -15.635529137578269
2576 -21.219211895564804
2577 -14.00622823774378
2578 -10.77277313095983
2579 -14.649009280286409
2580 -6.295832272834086
2581 -12.042302114680206
2582 -19.319284754701222
2583 -18.824029661965177
2584 -11.478029178125144
2585 4.7055758615610825
2586 1.1689703856778215
2587 12.228156632266618
2588 -2.0624041196842153
2589 -17.09046137993384
2590 -0.4595563200348988
2591 -3.4923202141291405
2592 1.25582608585828
2593 -1.0245751817393465
2594 -2.4776048354837985
2595 1.0131475921638775
2596 -4.0430052634808815
2597 -1.62903083806028
2598 -9.04547974926143
2599 0.5274148944910848
2600 -1.6720848564741027
2601 -0.31311003605194854
2602 -2.080274106132274
2603 4.1334289786107545
2604 1.982919292198785
2605 7.875872563350859
2606 6.390721314629773
2607 4.317554101726273
2608 -4.06124112068981
2609 -24.51844941496238
2610 -16.909408145265044
2611 -8.410907747284364
2612 -21.15201684867614
2613 -31.008524325830802
2614 -20.07444718605053
2615 -13.489286886601185
2616 -8.273581802645204
2617 -31.418203109119204
2618 -6.192764486881206
2619 -2.8970117199615926
2620 1.4113111793008284
2621 0.3284981375814823
2622 -21.820663397211028
2623 -30.2552334144614
2624 -0.34950572162037136
2625 -8.235874888297985
2626 -5.821113626765582
2627 -6.231706317541393
2628 -1.9054493654154065
2629 0.44362731992601767
2630 -3.2661938173309317
2631 -3.404788731906592
2632 -9.586232923258795
2633 0.03399909336541896
2634 -4.302395151008532
2635 0.05849075032616383
2636 -0.3044632434147934
2637 3.5194852728907424
2638 -8.251304380972142
2639 0.9861830249181367
2640 -3.2936988928324715
2641 -0.03463126587725128
2642 2.2627364060025137
2643 -6.854933228615846
2644 -8.01064638168129
2645 -13.161272910280386
2646 4.09774892178335
2647 -28.089845933842152
2648 -1.4985508932669471
2649 -1.0516713526067907
2650 -32.69657281731052
2651 -4.843077988140867
2652 -0.7853960060498503
2653 2.6900494624370186
2654 3.266593264341209
2655 -3.3110063725018697
2656 -1.1643818487506359
2657 -38.82436681510415
2658 -17.308337920678895
2659 11.20291888894033
2660 -2.7827408675241165
2661 -42.00335555898186
2662 -18.818824874357233
2663 -29.536436470555053
2664 -44.401667864509655
2665 -7.872182688828034
2666 10.20350883234336
2667 4.029613624779886
2668 0.4655673335683241
2669 -8.45118106704278
2670 12.050290394986224
2671 6.906888564317342
2672 5.670832835132606
2673 -5.240177634719439
2674 -3.0532506517316507
2675 1.6406066242203814
2676 -3.228467603028694
2677 -1.4351008126830858
2678 0.806280374211201
2679 -7.5267629134249
2680 -2.1953780101129086
2681 0.8273753738764208
2682 -8.928426462773205
2683 1.7084775514340436
2684 -2.0307219195077777
2685 -17.495948854919696
2686 0.6060756394507189
2687 -15.642258290278987
2688 -2.4826217651416664
2689 -7.0254703690532185
2690 -23.68703894082908
2691 -15.516531582101743
2692 -41.092747305231896
2693 -2.1835879279005166
2694 -38.01148435675976
2695 -30.429282801318188
2696 -12.717295832374221
2697 -18.41029754272837
2698 -34.19658574745816
2699 2.8077796878975643
2700 10.858754000937042
2701 -50.6876190124749
2702 0.25185016479692424
2703 -3.99399136672655
2704 1.640788885660877
2705 -23.02738971513434
2706 -11.624856479669106
2707 -24.79356384887782
2708 11.17885871640974
2709 -48.37670947787352
2710 -32.47081306630411
2711 -34.18130918018054
2712 -46.341440609149
2713 9.704144828886637
2714 -7.388150248956081
2715 -15.793900580994086
2716 -20.510855497222657
2717 -10.230419077221887
2718 -3.431169757023308
2719 -10.834614710665628
2720 -10.68241078086954
2721 -24.772259767770592
2722 -42.457751088454536
2723 -12.694882367500105
2724 -13.485488850334223
2725 -18.82553820631787
2726 -21.91201047464405
2727 -12.339432012622273
2728 3.8189397862502665
2729 -2.1301921635176404
2730 5.757596489157732
2731 -3.0718463030096608
2732 -0.3131151495712402
2733 4.4913146126522046
2734 -5.931859399843961
2735 -4.532709862692718
2736 1.993445804418443
2737 5.928165372166259
2738 1.5787183489010204
2739 3.5605777526053135
2740 -7.515548656729225
2741 -17.914767566739464
2742 1.912911899558385
2743 -1.302070959966659
2744 -0.35036906957189784
2745 -1.8011297837621532
2746 1.6037801337779092
2747 -1.6190234140386746
2748 -7.105521755381196
2749 -2.366483930586546
2750 -9.1150838365854
2751 -0.7240574045694665
2752 -2.557931397105276
2753 -7.761628533722979
2754 -13.039243122106418
2755 -4.625375986607833
2756 -5.325832868150173
2757 -13.119684208588296
2758 -8.265010752433009
2759 -19.57225182892769
2760 -2.9389168926169806
2761 -4.0098511840925495
2762 2.9477994912228316
2763 1.5410684526807745
2764 -13.59218553328581
2765 0.7831195380249119
2766 -4.761928119024524
2767 -0.8761070526648836
2768 -1.0843224565777927
2769 -19.438181772379174
2770 -6.834753680883732
2771 -1.3272774734455743
2772 -21.41660997936604
2773 0.5824752175145841
2774 0.5108054818111123
2775 -12.293202863779152
2776 -0.007651647306192899
2777 -8.041519457990507
2778 -4.868805325213179
2779 -3.4625773603713603
2780 -8.430624264580983
2781 -3.374850112636777
2782 10.473172925825784
2783 -0.8371829775140214
2784 12.064924467238598
2785 -2.465598918389587
2786 -17.26403490341545
2787 -4.7285480731906135
2788 -18.252364334374434
2789 -8.497447459491815
2790 -36.67252023403402
2791 -19.74341139502052
2792 -16.396922182982234
2793 -44.56059949803559
2794 -36.723837806330266
2795 -4.323957522405689
2796 -7.185525283549214
2797 -11.08878437174455
2798 -20.51579166921918
2799 -28.38929050939565
2800 -36.42219395414766
2801 -37.38848013228984
2802 -32.299751336633925
2803 -16.412687542049536
2804 -23.71179409707387
2805 2.1527315400290536
2806 -7.789000556631945
2807 -3.010625219806243
2808 -8.313080737332202
2809 -1.1715587896118813
2810 -10.772160741393309
2811 -14.147679396833992
2812 -4.36124328326041
2813 0.30722859870424146
2814 -19.801280107206694
2815 -11.645431520630519
2816 -5.353417642665736
2817 4.8568210191263645
2818 1.4049035156078753
2819 -10.7972602528664
2820 3.126107147931325
2821 -1.1860248823343136
2822 -2.5089044736535286
2823 -8.263869527812057
2824 -6.491457057785446
2825 -8.798072044909786
2826 -6.642903099998221
2827 -12.689672078857402
2828 -10.816696093834762
2829 -8.207594939118572
2830 -13.106577784077817
2831 -9.284495092959697
2832 -25.880390570796298
2833 5.232910383098206
2834 -10.104714656800061
2835 7.084488022472651
2836 -3.3559193699965544
2837 -6.55987148386339
2838 -17.022021192501708
2839 -11.198233869086543
2840 -11.909846829459275
2841 -0.6681048833488603
2842 -34.9565770595656
2843 -26.528771315711055
2844 -22.10505196918064
2845 -23.82110185642232
2846 -4.619487121880375
2847 -10.237561669610876
2848 -16.663819182971782
2849 -15.200778244091488
2850 -28.175512747807517
2851 1.0912378244999854
2852 -11.288568916185032
2853 -25.392892582926578
2854 -3.285136235980608
2855 13.014640408267878
2856 -12.69494199433626
2857 0.17790145345032216
2858 -11.398512703543384
2859 5.690846526245586
2860 -18.775505618455934
2861 -5.920135605240794
2862 -12.421735551783787
2863 -25.22358919625578
2864 -19.40699685563566
2865 -39.02712107027226
2866 -45.07353151308358
2867 -13.747618430080038
2868 -6.948673904835305
2869 -10.048736666265905
2870 -29.277514148517074
2871 -10.33072922730571
2872 -33.63519288761876
2873 7.820033991333621
2874 -23.59874079014742
2875 -12.2431269584276
2876 -21.11512069530858
2877 -5.188346183219255
2878 -18.86318935494317
2879 -7.948953582641407
2880 -20.344689803617513
2881 -3.398621602994244
2882 -26.246659498190855
2883 -44.48006954976459
2884 -31.052270817532552
2885 -9.912787853307382
2886 3.003502210988663
2887 -9.569370047383709
2888 -35.214201561421504
2889 -28.218433424396206
2890 -6.0104629301108075
2891 -29.423305492050567
2892 -31.009169713181617
2893 -11.967306639819435
2894 -29.089354312660145
2895 8.450186017186644
2896 -25.700122532318783
2897 -28.160607552325526
2898 -26.61370995442019
2899 -17.425299450244346
2900 -26.403200237114362
2901 -20.229001683567912
2902 -11.502329599011864
2903 -18.13087466974888
2904 4.715136848110124
2905 -28.93476556214533
2906 -14.006284969446279
2907 -22.871716474509157
2908 -7.573922950233827
2909 -20.61125885039204
2910 8.243779032818711
2911 9.734060966643302
2912 -0.8377827278985933
2913 -1.0876094104915683
2914 -6.321630530852708
2915 1.3709153232209792
2916 0.2577921921532834
2917 -3.018866196700692
2918 6.956885837726441
2919 -37.19166211701886
2920 -9.013440169967362
2921 -21.01529094646219
2922 1.3728559248527745
2923 -39.072048537819065
2924 -33.708762892456726
2925 -25.734113715314162
2926 2.667655100952106
2927 -17.72232804097308
2928 -12.760812690273887
2929 -34.76624090596684
2930 -30.448464985333704
2931 -28.053925533183794
2932 -35.25050954213104
2933 -22.172179285105376
2934 -51.1949655087784
2935 -42.93546597882771
2936 -44.30995684546884
2937 -39.75060129863705
2938 -17.906933368760217
2939 -14.24975222840556
2940 -21.102816638417426
2941 -33.17198866547886
2942 -21.31363095972745
2943 2.6042820180063426
2944 -4.2056058372702685
2945 -12.093701890800585
2946 -1.3036462721107818
2947 -4.673481187676953
2948 5.6360740176975375
2949 -1.517256826391822
2950 19.190443604386235
2951 -5.100477197491127
2952 -5.32801613308955
2953 -13.124671712343552
2954 -16.38434526465804
2955 -31.903882933395654
2956 -9.292373094226932
2957 -48.37369548086761
2958 -26.73571562396857
2959 -30.68990673465305
2960 -2.837195071430615
2961 -19.685490486186026
2962 -7.962002312276891
2963 -19.84766121827386
2964 -19.730661866637384
2965 -4.073631820984446
2966 -32.9896651101856
2967 -6.805206789203803
2968 -20.76497113078309
2969 -27.880180750331203
2970 -19.891506318621104
2971 -9.112317515315372
2972 -16.26941522875757
2973 -21.64494423991142
2974 -21.749406427255888
2975 7.322972989478876
2976 5.141252914201759
2977 -19.054249241410727
2978 -43.0031403654984
2979 -13.85368448777357
2980 -14.932641026128113
2981 15.385090933116444
2982 -13.981992748162156
2983 -12.07996349034409
2984 21.587412837473092
2985 -25.433486428520265
2986 -22.983708929768618
2987 -43.636970688147706
2988 -15.797867852004128
2989 -31.139271052557305
2990 -10.561088514500733
2991 -25.128032381070952
2992 -9.597905776426778
2993 -15.55312776199411
2994 -2.703808805577137
2995 -5.257358043013228
2996 -0.32734485224369564
2997 -14.900152692692936
2998 -24.693267595997167
2999 -24.87808914618159
3000 -12.899640518492669
3001 -22.496060327554734
3002 -7.9539493842821685
3003 -7.293664223244268
3004 -16.490351501757686
3005 -40.72934040981112
3006 -21.908241094864934
3007 3.081416356858972
3008 -17.55556876914998
3009 27.9398744722172
3010 -1.8547978254967894
3011 2.4505777462682454
3012 18.139821722285706
3013 5.9198850315631715
3014 -23.399517306322814
3015 -19.89464825750838
3016 8.615876136649167
3017 -28.616160127159237
3018 -14.785728527343453
3019 -3.352512870369828
3020 -39.563577380124045
3021 -28.92702225619927
3022 -11.520932582194801
3023 -29.580777309889527
3024 -10.356884187693941
3025 15.447546154793818
3026 -4.01286074432719
3027 -16.404242981939753
3028 -4.097584609609912
3029 2.1065921234808047
3030 -7.154634451730671
3031 -1.2519807727045553
3032 -13.78980572522647
3033 -7.051878121504705
3034 -29.486203966834292
3035 -15.562831741749832
3036 -15.53788438625852
3037 -9.502395948896156
3038 -8.55360240418944
3039 -8.018639295324393
3040 -16.670616743384453
3041 -9.918472845586948
3042 -7.500990902558843
3043 -11.554982527136744
3044 -26.259014788557835
3045 -4.2922760944521
3046 -17.38093815683271
3047 -36.431831357061604
3048 10.118501783114189
3049 -10.198703107038309
3050 -10.904446306072787
3051 -3.511852153316722
3052 -30.940463611513987
3053 0.9233339499319845
3054 -14.2553633147465
3055 -7.307762611527578
3056 -24.60774975645545
3057 -12.86614719739533
3058 -21.254911055781413
3059 -0.26434207683007116
3060 -13.264330564669509
3061 -13.951136652331334
3062 -5.638910967873235
3063 -25.906405918909876
3064 -15.952399191260337
3065 -10.73659704591264
3066 -45.89769779557391
3067 -24.00403037390235
3068 -21.472795897220056
3069 -16.482236630258267
3070 -14.938730966452713
3071 -2.9184390113301926
3072 -4.544772803530068
3073 -8.287055934402888
3074 -3.3079412374949606
3075 -7.9045152943997525
3076 -3.4396176952570388
3077 -8.620917384306521
3078 -7.737623646732099
3079 -12.270602894451004
3080 -8.600651384120575
3081 -16.140710124451726
3082 -5.104370365996728
3083 -17.33674677210409
3084 -15.177356798138645
3085 -8.833280770608107
3086 -0.5865536380691628
3087 -3.8804788848626774
3088 -7.6555326626113676
3089 -3.215999618671485
3090 -9.026338574491238
3091 -7.1555360092686895
3092 -0.03740019304837915
3093 3.4007107915342205
3094 2.784728361335292
3095 1.5246177612808243
3096 3.1437406516626654
3097 0.8202272832607559
3098 -2.409349417110352
3099 -1.7204833730534301
3100 -2.3478690776364237
3101 -2.395112958190002
3102 -1.6197716558566027
3103 9.447659813448263
3104 -0.4816256234384491
3105 0.31866178198120904
3106 -20.498973756370397
3107 -18.1795363963797
3108 8.366073480015038
3109 -23.471615240999235
3110 -34.3852407438372
3111 -4.766113929100393
3112 -37.03743981853811
3113 -4.078170185891213
3114 -9.046939278523933
3115 -6.238106553854595
3116 -6.958557250897866
3117 -9.203644329620875
3118 -11.569190520518896
3119 -6.521568000689731
3120 -5.823120998996892
3121 -5.32622373085047
3122 -2.4878962156747
3123 -7.600626910521096
3124 -2.0506366144597994
3125 -4.081687545829918
3126 -7.349928197383706
3127 -1.9058951261399488
3128 -9.43760810595646
3129 1.1636299395762035
3130 -0.8782408195237804
3131 2.03543540209168
3132 -0.7484804572524445
3133 -1.135807429938868
3134 -2.721077786427486
3135 3.249704337879375
3136 -12.73375617234764
3137 1.7412093147834822
3138 0.3518114217901893
3139 -4.023132729088247
3140 -7.107770530090784
3141 -4.6876784738383135
3142 -38.27826316172432
3143 -65.8265624303004
3144 -21.10941621212434
3145 -39.2458638541025
3146 -1.8528546179638943
3147 -7.461364320839202
3148 -7.215381794469722
3149 1.8210575026035076
3150 -2.819732540645782
3151 -7.753014547920466
3152 -26.008617688816155
3153 -28.870698944456233
3154 -21.015721945093972
3155 -2.2458363848044245
3156 -21.58988681202158
3157 -13.253198607272788
3158 -5.811155313308991
3159 -26.745629552863974
3160 -13.132120644132083
3161 -19.550259040171948
3162 -18.99745691520715
3163 -14.509661591646728
3164 -21.65233364033862
3165 -9.10942026436358
3166 -3.6513382018260017
3167 -11.116058367281221
3168 -27.695877611596806
3169 -11.437548894219363
3170 -16.364249369720927
3171 -10.919512247462698
3172 -5.926038653595897
3173 -1.9818769654558854
3174 -2.7525811032873753
3175 -0.4397490089880011
3176 -3.095220275509928
3177 -4.8703160879515055
3178 -6.1310966797807485
3179 -6.623645656548033
3180 -8.491767965438921
3181 -5.7676016947937025
3182 -4.492291429624893
3183 -4.924817377795116
3184 -2.914492098922492
3185 -2.5402602650606423
3186 -1.5627272143377922
3187 -24.629777570431468
3188 -14.571044190172833
3189 -7.495948307021608
3190 -0.23560411806771298
3191 -4.088316163540148
3192 -18.30993992480813
3193 3.773243044343253
3194 -18.798165795893436
3195 -2.079814934002934
3196 -20.543208655154448
3197 -4.561511312213551
3198 -37.191847852058125
3199 -36.04219800745734
3200 -26.14070439909221
3201 -10.6200423935453
3202 -11.875701656803868
3203 -13.987871773366496
3204 -5.401423850381979
3205 -3.636927299168456
3206 -3.535641977648629
3207 -2.591286936798133
3208 -4.257272010616434
3209 -4.602839311472344
3210 -6.635488227449387
3211 -6.565856062102685
3212 -4.453584927559278
3213 -4.159367427369143
3214 -4.3209883901431745
3215 -8.496395001185155
3216 -5.826887579117174
3217 -5.829625342182262
3218 -5.5869603553674825
3219 -8.471962007888068
3220 -3.963968322438886
3221 -3.8153158118212014
3222 0.5437782657395291
3223 -5.404554497967183
3224 -2.896017633277952
3225 -3.631256105809152
3226 -1.2620704988331999
3227 -4.201081655991147
3228 -2.6775786812290607
3229 -5.559141993268859
3230 -3.1814577958565495
3231 -0.041561494175111874
3232 -1.805193442223972
3233 -0.45497318585956237
3234 -2.0306933584947546
3235 -3.383957908273442
3236 -1.7465229380755045
3237 1.1131877759483177
3238 -6.684120623652416
3239 -37.26043218681909
3240 -28.24301625700653
3241 -14.31193613590367
3242 -17.860981327171757
3243 -4.160541456016654
3244 -19.2841121128705
3245 -24.08379346276459
3246 -10.536174255076622
3247 -4.303704936432623
3248 0.5639024324571074
3249 -4.129750488056743
3250 -4.240392154262954
3251 -5.321815717160352
3252 -5.375211866250611
3253 -6.060850001956714
3254 1.181451587682095
3255 1.123712069782341
3256 1.7362823083701369
3257 -13.224696168054653
3258 -6.416338277188479
3259 -9.756746908243077
3260 -20.047562604243286
3261 -19.91240381176278
3262 -40.17055139274657
3263 -6.944613141507143
3264 -15.010156688160642
3265 0.42573224606370785
3266 -11.040478676351485
3267 -5.302168379798531
3268 -4.861553416957904
3269 -11.529824062767439
3270 -4.394064874379547
3271 -5.676667189351283
3272 -17.422395636802392
3273 -16.531514801327575
3274 -4.5158150504887455
3275 -4.676572760786075
3276 -17.849481665335915
3277 -16.344176630236905
3278 -5.427807383116888
3279 0.9630015408969484
3280 -1.393764130831405
3281 -10.52783978305597
3282 -0.42970617503873654
3283 0.14590712360703037
3284 -0.6601669660129119
3285 -2.4667894445252023
3286 -2.0734005140620866
3287 2.449426679316093
3288 1.8715319900757459
3289 0.45392053098708857
3290 2.6331453127489657
3291 0.7701382529288822
3292 1.5568988441441616
3293 0.5857216479814088
3294 0.3307244307779183
3295 0.9161574920610291
3296 1.705398232799489
3297 -3.014840551259549
3298 -2.098197064259584
3299 -1.1931188443404972
3300 1.326617225719092
3301 2.7383644216961693
3302 2.432878151493496
3303 1.6959570783878735
3304 1.0430803256915533
3305 1.4186092103207193
3306 -1.0711913293604447
3307 -26.017910351794416
3308 -18.96068561202148
3309 -6.16945892209289
3310 9.427337179842725
3311 -3.2259590918663887
3312 -9.641225900025747
3313 -22.902055602244655
3314 0.1478823657517205
3315 -26.565617297058196
3316 0.23471548894420266
3317 0.7707166787305323
3318 2.02357073719264
3319 2.392618917079817
3320 -1.8682928943219304
3321 -2.6686992641813414
3322 -13.91457974067278
3323 -35.11314423378324
3324 -0.23993388171467814
3325 -12.385511608576635
3326 -1.4731767849654716
3327 -10.235255966632977
3328 -45.66194354896041
3329 -23.117099826151097
3330 -23.959452664335696
3331 -8.581791076628287
3332 -2.405361402790586
3333 -20.797088864645485
3334 1.6180394589187928
3335 -2.9129973534900637
3336 -27.88824265015137
3337 -24.692577341094875
3338 -15.966819647016527
3339 -15.569642328859919
3340 -15.613037613610649
3341 -29.26680778700029
3342 -8.608427303143545
3343 -8.142259351492976
3344 -8.048843635071972
3345 -5.992542288652039
3346 -6.2766155493966655
3347 -8.388830628985597
3348 -10.690375327257351
3349 -5.96671663216679
3350 -2.09463956558131
3351 -5.236460839104111
3352 -13.270552305181628
3353 -8.530173724614578
3354 -15.51041964325428
3355 -27.6028062504041
3356 -8.179417557981797
3357 -27.175800884057097
3358 -33.82745623144452
3359 -22.436343059892096
3360 -11.034552857250674
3361 -28.759269669915376
3362 -15.402618979287654
3363 0.6706105976604158
3364 1.8829311141130165
3365 0.1982920145856042
3366 -3.238667515529378
3367 2.8459854329314838
3368 1.9797715658522792
3369 1.4750165595661382
3370 1.6001815331875695
3371 1.2207940222827893
3372 -9.585205647841212
3373 -9.213464572440426
3374 3.2437798694665254
3375 -8.236084646488015
3376 -9.450087957272771
3377 -5.11468914746234
3378 -2.380106357211771
3379 -0.46620751192502213
3380 -8.726334384484653
3381 -7.988436112507043
3382 1.1577149259790895
3383 1.667810572124581
3384 1.856506381183135
3385 1.9300825609957974
3386 1.7078083318821153
3387 0.29887714620519545
3388 -0.08515341775171692
3389 -0.5845752143663412
3390 -1.7138329533861543
3391 0.1351915965070657
3392 -0.7243057570533711
3393 -0.21524472103847075
3394 -1.4636095251588268
3395 -0.06674494767576107
3396 -0.5356589602769236
3397 -0.22129066431734828
3398 0.13451205444172956
3399 -1.4318191660463344
3400 -1.2474653723012306
3401 -1.5834542203313322
3402 -0.6565517696515599
3403 -0.6616014078611624
3404 1.4415031690990145
3405 -0.007572723323100945
3406 0.3484526820405153
3407 1.0169607752309822
3408 -0.31243348178701125
3409 -1.488216383727995
3410 0.46794289042096354
3411 -5.386532355537347
3412 1.1570651973318309
3413 -1.1756757089855092
3414 1.8904307963870814
3415 2.1789829861519685
3416 2.1415678400611795
3417 -2.7377857066619615
3418 -4.389735301682231
3419 -0.6894660836740514
3420 -2.680151646322338
3421 0.362437219403364
3422 0.8198512809361272
3423 -0.9594512786487758
3424 -0.47662519126868574
3425 -1.5420928357727826
3426 -0.45192281294541314
3427 0.7222005483994144
3428 0.841439992152591
3429 -11.758344249301736
3430 3.0933106442264395
3431 -3.0054448428645264
3432 1.0316525479745178
3433 -1.63294938321269
3434 0.9122891189290385
3435 2.8001957743633827
3436 0.6181851832348911
3437 1.0839633364486507
3438 -5.745310378725553
3439 -0.41969170834476244
3440 -29.509976810687803
3441 -2.8925651119776012
3442 -28.664770718597136
3443 -14.592482579085772
3444 -32.640480683815255
3445 3.760485892014549
3446 2.070979994183144
3447 -2.6274402510996153
3448 -0.2043287950893864
3449 0.7990577009088884
3450 1.561447919079801
3451 0.5496058637103124
3452 1.1341851301405403
3453 0.41243786812832695
3454 -0.28656923100788845
3455 -0.35685199269952134
3456 0.2615679406648269
3457 0.3955794290245103
3458 -0.07229881651583128
3459 1.4339483950429712
3460 0.4983962565923866
3461 0.11339013649208937
3462 -5.6107323287152395
3463 -1.0808582592679885
3464 0.6613331797652063
3465 -0.07417573924758472
3466 -0.2792738058890973
3467 -1.3603723107051338
3468 -0.7906163251653198
3469 0.27843718527234157
3470 0.10443613394963905
3471 0.08202855481766164
3472 0.6689919652185926
3473 0.1711741344278562
3474 0.16731868971037328
3475 0.4333205991772411
3476 0.2485473845269007
3477 -0.31927581146825107
3478 -0.004893334689113544
3479 -0.8820489845464181
3480 -0.39867746914896995
3481 0.5290402803727193
3482 -0.43621679148171094
3483 -0.8504708940502315
3484 0.07449693621470942
3485 -0.1787051745656936
3486 -0.18698407181407675
3487 0.39240796875979866
3488 1.287940056889347
3489 2.017026738257991
3490 0.7706637098593637
3491 -2.1457566407455304
3492 -1.7234038777412206
3493 -0.8655723380345444
3494 0.8929943392061978
3495 -0.15173211848479695
3496 -0.45610070984315826
3497 0.5478711619623937
3498 1.0183158101058507
3499 1.5901403391588247
3500 2.1965967097460815
3501 3.1640162021391736
3502 1.4904099683726963
3503 0.5764544571247825
3504 1.9468544521709554
3505 -4.519205920325039
3506 -15.401480068527162
3507 -31.518387052717006
3508 -6.574888699395669
3509 -13.094973338621784
3510 -4.3337032780134175
3511 -11.993117051221635
3512 -9.755055816025415
3513 -32.56203741365796
3514 -19.0536197730829
3515 -0.19170286448308616
3516 -1.6979674412276653
3517 -2.998898721019068
3518 -4.093492679367627
3519 -1.7037427442672197
3520 -2.0884003616005065
3521 0.18467865806873304
3522 -0.8835302230992238
3523 -1.9441050187125801
3524 -4.557222552195745
3525 -9.22090877822513
3526 -3.1031352283424347
3527 -2.5933819156054234
3528 -2.645810705346812
3529 -0.4759408221085323
3530 -1.3071658504351216
3531 -0.8145911123136466
3532 -1.0698735380914877
3533 -0.5995885687843838
3534 -2.023907375808631
3535 -2.098975987193262
3536 -2.084634553703072
3537 -1.1039387253083988
3538 1.2945926977503404
3539 0.9027386486511386
3540 0.2492642684810562
3541 1.1377518898768175
3542 0.28988667227968107
3543 1.467711390399054
3544 0.5671916075646004
3545 2.293489647366223
3546 2.236969314898015
3547 0.09023913982891826
3548 0.9176940161535458
3549 1.9986310056468937
3550 1.338698208490241
3551 2.423880634895613
3552 1.6117656172331771
3553 1.2959662575492985
3554 0.260671207413543
3555 -0.003984060538787162
3556 0.4371013629251684
3557 -0.1667409406567458
3558 0.3835175496425654
3559 0.4282390246387513
3560 -0.9513769305963069
3561 -0.5682538127276348
3562 -2.9252413005547715
3563 -2.4360182567025186
3564 -1.19274843852545
3565 0.6728295589519258
3566 2.035383491867833
3567 0.016887480299046728
3568 1.0498516445678252
3569 2.5119578371761597
3570 1.5246851075373706
3571 0.19932585249334805
3572 0.4903409192623803
3573 0.3406441499406355
3574 -0.1053973211318953
3575 0.011824427876563277
3576 0.34170297697972274
3577 0.06804942301474512
3578 0.325441395934904
3579 -1.3170363635579998
3580 -0.19263799546242807
3581 -0.8082658462025575
3582 -0.5090590085789154
3583 -0.5042034032940864
3584 -1.9093354912486393
3585 -2.708220483815676
3586 -0.47057760806928856
3587 -1.6274749213460018
3588 -4.632628476136306
3589 -3.5364764781626583
3590 1.6501329758726933
3591 1.797332710667688
3592 -13.385654470958833
3593 -5.32067680639986
3594 8.303309796027316
3595 -14.101914148932119
3596 -12.62537360898059
3597 -2.2143009378579155
3598 -1.891881160066405
3599 -2.688948859545926
3600 -7.343666031707544
3601 -3.300321526517655
3602 -5.99956302146762
3603 -1.301475070696324
3604 -8.575332948874275
3605 -3.6145836881690774
3606 -15.511036180359515
3607 -13.47523124015046
3608 -6.83670923836602
3609 -6.61733081123326
3610 -1.0232404071839118
3611 -0.9030057198168652
3612 -0.6993229916343989
3613 -0.8239467802520085
3614 -1.2476499476021854
3615 -1.3404421769123291
3616 -0.4744122111941397
3617 -3.374034041572013
3618 0.02741003592964262
3619 1.369284919294878
3620 0.023902324564405716
3621 -0.031166102586867056
3622 -1.529477421437623
3623 -1.3066954880947015
3624 -0.675791651350155
3625 0.9460992002222338
3626 2.9462762830602878
3627 2.0578576478415926
3628 1.9069907109865745
3629 1.2873440693361045
3630 1.0457545053314243
3631 1.3251709169117385
3632 0.8011568300629733
3633 0.602297192371334
3634 -0.09914567172687384
3635 -1.108366131620278
3636 -0.8696376392249658
3637 -2.983226758795063
3638 -1.2751706528941578
3639 1.7016205551348684
3640 1.1784146261727437
3641 -0.3959290915298334
3642 1.7875229841192777
3643 2.831156653814396
3644 0.6310232841745892
3645 3.757201639476698
3646 0.27674194270788577
3647 1.8844989960693055
3648 -0.03376280440643313
3649 0.29613176200262387
3650 0.853672456965578
3651 0.5178174337508972
3652 1.1781174523563822
3653 -0.03364885520306416
3654 1.1750455639096617
3655 -0.08714737577014603
3656 -3.2188096477546786
3657 -2.378333928867651
3658 -0.45073961590664113
3659 -0.29546833271801004
3660 -1.5585850166002637
3661 -1.9020053329502116
3662 -1.7339703377507976
3663 -0.9035879112579278
3664 -0.4885898126930988
3665 -2.1287420918789577
3666 -1.9177878662536387
3667 -0.7599485702748643
3668 2.4663769708175094
3669 -2.921287539232435
3670 -0.7645849625539267
3671 -2.5086871898008396
3672 -0.7603429992406745
3673 -0.2869489006890217
3674 -0.18077159516804386
3675 -2.9627504219539698
3676 -29.031481548410085
3677 -0.7262221417766704
3678 -7.953365937627968
3679 -13.833019908275018
3680 -38.96016279533287
3681 -10.505481603721565
3682 -13.333210725366953
3683 -5.316625306937786
3684 -3.099475554753153
3685 -25.09398369415023
3686 -5.858602392370521
3687 -45.843568938981335
3688 -14.674159545053117
3689 -15.59215854991824
3690 -22.00866528962695
3691 -21.30697522997507
3692 -19.32937640998294
3693 -20.0529731934522
3694 8.480749375972373
3695 -5.272471839755017
3696 1.8394325901877893
3697 -7.26311813416949
3698 -0.9662305078950885
3699 3.0796075526066122
3700 -8.084181459581886
3701 -0.32226713601136
3702 -29.21119624569212
3703 -7.246323087541241
3704 -31.029614981391497
3705 -16.87742973444474
3706 -1.6899785796484503
3707 -0.41199104594837993
3708 -5.5378642519809365
3709 -3.1743976038575057
3710 -2.7311905725343966
3711 0.30147046990081433
3712 0.9422002414493181
3713 -0.6550915664491186
3714 0.4713192873970547
3715 0.3904831878680852
3716 0.831709577102738
3717 0.44931134622500396
3718 -3.0420115968542816
3719 0.009120822334080004
3720 0.5358614792287699
3721 0.6911253350376501
3722 1.245450957397552
3723 -0.21992848848720314
3724 -0.7884600796013547
3725 0.6477315919245302
3726 0.7363063668705582
3727 0.8593155751102313
3728 0.3458091863244772
3729 1.5840375658945414
3730 -32.42289832627808
3731 -18.60545871877912
3732 -32.40851482489525
3733 -30.89698197259233
3734 -0.9063572231364379
3735 -13.735886337591364
3736 -12.52553430703556
3737 2.8222211761960354
3738 -6.999656481244164
3739 -3.6042835299104627
3740 -6.2473177824234885
3741 -1.309587336294644
3742 -0.938672943704587
3743 -3.6267797798819084
3744 -4.561336093445425
3745 -9.002048377835017
3746 -3.233181475936144
3747 -3.6877270384797884
3748 -0.6277251400497335
3749 0.14389155458120512
3750 -2.2457401883022974
3751 -1.7243416174297455
3752 1.4772836682501655
3753 -0.5811193149420433
3754 6.20420336214258
3755 2.337591976547992
3756 3.917461198643432
3757 3.6509141503917637
3758 0.6454064008500427
3759 4.154673623831477
3760 -0.04649100820664898
3761 -1.7698730811827408
3762 -11.943130103134026
3763 -0.7118307272157108
3764 -11.98541533017793
3765 -5.504988243019762
3766 -1.9474951163260266
3767 -1.949333155531349
3768 0.4531553086907661
3769 1.588310788788658
3770 -2.9397413542339925
3771 -4.643785324381461
3772 -1.8426382079751056
3773 -3.7357819720536645
3774 -0.7840616190098808
3775 -1.1788671431451803
3776 -1.4179871721807285
3777 -3.558500624782173
3778 -37.24842067321529
3779 -32.04572553084319
3780 -31.32834874968263
3781 -15.691546494629147
3782 -9.473772419519372
3783 -52.019046209320656
3784 22.394233048808236
3785 -38.25658906231751
3786 -21.74370773433897
3787 10.273592253833193
3788 0.7069417338230414
3789 -17.84772361156909
3790 -27.090468970504297
3791 -22.139095736339804
3792 -10.162028387870231
3793 -7.133914008227293
3794 -23.7932644892174
3795 -22.64361464461661
3796 -4.05283891770523
3797 -22.84326266005766
3798 -13.81085238374144
3799 -5.200394844954135
3800 -8.374206590014074
3801 -20.92429825753832
3802 2.3745160141805535
3803 -40.530254227208786
3804 -35.26130119636335
3805 -24.71220374138924
3806 -30.076439375298506
3807 -6.284856332533382
3808 -4.236438199182885
3809 -10.681903461347684
3810 -9.930292547459684
3811 -27.828692688078736
3812 -10.870207832048909
3813 4.152973655263195
3814 -10.838242641683754
3815 7.170495235077251
3816 -0.98365318917291
3817 -15.204999655044666
3818 -0.12123552468241541
3819 -3.2672283291786153
3820 -5.420242671254819
3821 -0.8776957762138045
3822 -2.90344041900491
3823 -11.816734172596771
3824 -0.9980728727062523
3825 -1.1125911144551355
3826 -2.787274214386416
3827 -10.565823902940755
3828 -11.961758752196328
3829 -2.4258148706030624
3830 3.1609966086236816
3831 1.5099617859804129
3832 1.8640498695532732
3833 -7.1954846584612095
3834 3.744988376335823
3835 1.858238578120945
3836 4.249923518343567
3837 0.1914935864752624
3838 0.5564482916744601
3839 3.717148206663987
3840 -2.385738091387611
3841 -25.066177199010706
3842 -28.501245336341817
3843 -40.39838065043863
3844 -25.585266691589496
3845 -28.5059597849063
3846 -6.4589627431333065
3847 -25.401852471211168
3848 -10.463439132651983
3849 -9.564610152802635
3850 -28.77618764038052
3851 0.9807401146729535
3852 3.3895308805027162
3853 0.582964492294559
3854 -11.941211112509627
3855 5.5961284545883245
3856 2.3211670465022327
3857 -1.4479557986263536
3858 1.176756337981642
3859 7.666029265938123
3860 5.292318416227645
3861 2.280740411023726
3862 -2.07201894561018
3863 -1.491913399206096
3864 -0.2909514833438152
3865 0.4379570897392114
3866 0.021645925909251674
3867 -3.0630734021693935
3868 -1.4389833694427216
3869 0.1480856597344973
3870 -2.891721445880394
3871 -6.355427102458197
3872 -1.2568513366479601
3873 10.092519626542634
3874 8.61622155333287
3875 -24.611445999710703
3876 -10.921501479477302
3877 6.886766523318657
3878 -7.4782257477434175
3879 -23.621778320597514
3880 8.272558385533776
3881 5.8663277518576065
3882 4.1514250704538425
3883 -23.902148775596725
3884 -18.10370410714444
3885 -19.675552048341487
3886 -25.539802863325605
3887 -10.968872911588695
3888 -22.04202806574991
3889 -13.996088339594717
3890 1.0422580824601755
3891 -3.996310865816631
3892 -9.52179618898721
3893 -6.491433517624973
3894 -11.252122671080723
3895 -8.320187916985452
3896 -14.895770344882186
3897 -13.352326911005802
3898 -32.73865513788711
3899 -8.144633170142187
3900 -8.987560092831991
3901 -8.626595429388544
3902 6.5660666879903875
3903 3.357283856879076
3904 -9.394750336044963
3905 -13.187487017322564
3906 -34.7479765860278
3907 1.599675275121117
3908 -36.809007817044915
3909 -35.176931528640125
3910 -10.922446837495226
3911 -5.638592278524302
3912 -12.040786527655145
3913 -11.972169192301807
3914 -14.452456502502901
3915 -21.65926251794852
3916 -14.46439131331732
3917 1.6155124200243154
3918 -5.242025227023405
3919 -10.879678125938662
3920 10.182810772070225
3921 -15.507169256198395
3922 -3.296397483138571
3923 -13.889827962551935
3924 -36.04860663713087
3925 -33.59713322187483
3926 26.59756627635972
3927 4.15463531877016
3928 6.988655358054384
3929 -7.175949630382238
3930 -15.792049613374257
3931 -9.555972430273831
3932 -4.284750552540936
3933 -12.730913145480153
3934 24.46002157131341
3935 -28.928602389822043
3936 -1.7450394811370642
3937 -8.422531680836983
3938 -41.48611472016244
3939 -28.366859289012208
3940 -13.95614731153968
3941 -4.790742786192422
3942 -17.66697797151297
3943 -41.59059803552402
3944 0.3578654691968404
3945 -22.61316137392001
3946 -17.889974394665913
3947 -13.500381695866817
3948 -27.85090430513286
3949 -26.80298795772789
3950 4.61225315727599
3951 8.60313172178532
3952 -12.908888605960092
3953 -32.15118566317746
3954 -31.282958540932885
3955 -27.775537169243908
3956 -5.658778096705937
3957 -14.763795362615783
3958 -11.13733591481141
3959 -26.44027855363951
3960 -5.507638784216251
3961 -0.5353072703356156
3962 -21.325202502874017
3963 -8.107884252994845
3964 -12.74959254502799
3965 -7.244975289096474
3966 -7.6802157465957865
3967 -20.703797518224164
3968 -16.58617654503847
3969 -28.083643010294765
3970 -17.731293427484342
3971 -7.698229880372674
3972 -12.614774827934744
3973 6.1855779957294
3974 2.901357498106372
3975 -34.649491835967346
3976 9.78872965755174
3977 13.613265285059898
3978 8.308170034649228
3979 2.5917285471758804
3980 15.3084894649958
3981 4.997925026137527
3982 -1.5427788448534556
3983 5.394058183872985
3984 0.17483525698800803
3985 3.8979236629462686
3986 8.009000828146963
3987 3.489813435554097
3988 -2.596515458324284
3989 -5.66718097643854
3990 -4.7372841151323515
3991 -3.024699292898149
3992 -9.246806026788544
3993 -32.81306369249491
3994 -12.58649159891429
3995 -14.32156041664537
3996 -8.691693183609459
3997 -16.60662239171346
3998 -18.31033464581458
3999 -15.335118457889038
4000 -32.7486614021704
4001 -4.166985689375578
4002 -11.723944838420284
4003 -8.153678446617123
4004 -8.039858855938947
4005 -1.7519098888410372
4006 -13.60147279351222
4007 -16.575410652160354
4008 9.958051667429535
4009 10.816659234936232
4010 -7.48384146461336
4011 -10.477625034844532
4012 -2.801374051640596
4013 -2.555031441969477
4014 -14.928932817630848
4015 -28.880753839122335
4016 4.0518653833816645
4017 -39.51450057388443
4018 -16.826997123915497
4019 -14.938802943238262
4020 -33.74813610645608
4021 -17.73552651163889
4022 -12.714141063355346
4023 -1.6970942509449378
4024 -5.816766882640223
4025 -16.05444655071027
4026 -24.378855398466694
4027 -40.284811535155164
4028 -26.037607187236716
4029 -21.376550950043747
4030 -0.30843273281047007
4031 -5.642663173416222
4032 -5.193549715614063
4033 -17.995324629860697
4034 -22.313643181660446
4035 -24.345205290858576
4036 -25.59998798851855
4037 6.129902483480546
4038 1.061894226802833
4039 -17.608813823713863
4040 -25.043493672362384
4041 -52.60926125918253
4042 -22.773756411964424
4043 -20.200739874605205
4044 -7.681139782838873
4045 -11.966193490413135
4046 -4.009703852397506
4047 -23.349104282173066
4048 -16.921779643887568
4049 -13.207831941491603
4050 -20.602252072736157
4051 -11.187934867758159
4052 -4.2780916412304215
4053 2.6017005612698267
4054 -27.097038730793138
4055 -4.954397941199277
4056 -13.829268284005229
4057 -6.408790641279629
4058 -9.22697807071483
4059 -10.587668203071225
4060 -24.50969648801707
4061 -47.100535283479985
4062 -10.968013615701057
4063 -18.393966686273924
4064 -19.151925732493545
4065 -19.628060489243943
4066 -20.67775911013232
4067 -21.201869005967747
4068 -6.013705406796653
4069 -5.410715451904834
4070 -1.6689235277731496
4071 13.942691802988993
4072 -17.927435177722945
4073 -28.168660960502457
4074 -23.937007841597804
4075 -43.944341603310605
4076 -45.28629473391091
4077 -23.214753549296294
4078 -42.51582994353812
4079 13.560680862929877
4080 -41.92129680323065
4081 -31.961279834270535
4082 -21.74474484927967
4083 -8.234714462004922
4084 -8.833930406588625
4085 -27.60445431155662
4086 1.692650827327161
4087 -3.2942804075255117
4088 2.651591891320422
4089 -4.232306034726207
4090 0.2880763263897097
4091 -2.70837717485163
4092 -7.144229799084424
4093 -0.20594530462039984
4094 -3.047512013832893
4095 -12.565828372911783
4096 -2.9668938749046356
4097 -9.576549206630588
4098 -9.34965498444304
4099 -7.28157947764179
4100 -6.306720991266193
4101 -15.794457780495723
4102 2.4204240587232926
4103 -8.97491853243526
4104 -14.966065936705418
4105 -12.593289257609868
4106 -13.24628854662762
4107 -24.811748570893833
4108 -8.337382028724678
4109 -33.33702509970506
4110 -7.179826781581942
4111 -23.320499277720373
4112 -35.091774541814814
4113 2.8827402358209655
4114 -28.733207527905325
4115 -25.509775862448876
4116 -16.8592717397635
4117 -17.46515190293474
4118 -40.98439069416869
4119 3.4589908204978563
4120 -28.293647629272453
4121 -13.46699972087983
4122 -13.381012962352397
4123 -14.50039652370091
4124 -18.363500099647354
4125 0.8867339089253801
4126 1.0220700430848229
4127 -2.5807329250208566
4128 2.544169063356676
4129 -6.004123480372073
4130 -6.399185848634516
4131 -5.816324112524162
4132 -3.1440705340307615
4133 -1.9847615772257268
4134 -8.028746678679454
4135 9.871052300102455
4136 -2.583171293075866
4137 1.0604183910018765
4138 -11.016207970599934
4139 -7.253984091380262
4140 -7.948420695523091
4141 -9.308265620144667
4142 -17.37819450802548
4143 -27.16679342965319
4144 -3.6699029782305295
4145 -28.95661825563613
4146 -13.589203568083612
4147 -18.09197895904523
4148 -24.99729240778426
4149 -30.422127569747243
4150 -21.85427220914935
4151 -34.303845613936424
4152 -30.481546604946196
4153 -11.832175150330732
4154 -13.415305663268663
4155 -18.38331696098481
4156 -11.293541753322351
4157 -12.77694459685008
4158 -9.231864842913783
4159 -29.96020717791951
4160 -24.4909286113875
4161 -5.567291791705648
4162 -9.12667139422978
4163 -17.81044933296609
4164 -15.848528459223017
4165 -9.7729941147106
4166 -3.316848732565413
4167 -3.024721097663278
4168 -10.468540585610608
4169 -16.655797612840832
4170 -20.070004919362983
4171 -8.443482432082382
4172 -6.553868186942273
4173 6.953800731632655
4174 -1.4929489725091845
4175 -17.223337723172445
4176 -12.017161498486967
4177 3.5775072053221812
4178 14.88211713605022
4179 2.8625803699431707
4180 -12.358846048825507
4181 -17.141131826675846
4182 -20.233512164209678
4183 -23.627425973796345
4184 -15.489366517723974
4185 -21.253032397654316
4186 -25.1731248403473
4187 -10.929950765590911
4188 -13.276842644355346
4189 -38.62213271239758
4190 -29.19731745793004
4191 -4.039719177264779
4192 -45.396392513737375
4193 -22.157920925945074
4194 -20.90915850568461
4195 -49.78679964087263
4196 -10.654823114028405
4197 -33.29798446944973
4198 -30.582937577783888
4199 -30.47202584980347
4200 -35.43239621305038
4201 -42.82531677457577
4202 -6.421870242980512
4203 -6.124307801960968
4204 -3.8352403491044242
4205 -2.996917497657414
4206 -6.71016298552524
4207 -16.731599507384818
4208 -15.586682832838415
4209 -8.276705022850656
4210 -25.780801455013425
4211 -12.620022259092366
4212 -24.350787911661318
4213 8.101226689564209
4214 -24.888943614424353
4215 6.686204794147925
4216 -7.955379675783624
4217 -14.34277563596348
4218 -7.973263654909679
4219 -22.66519640863553
4220 -1.0790455939013919
4221 -29.680207513442728
4222 -20.35252766614518
4223 -11.435601828380314
4224 -34.045163441971674
4225 -15.738404918042361
4226 -7.6192744692148695
4227 -14.479912661197158
4228 -7.480889023596683
4229 -6.094255233487783
4230 -5.235001891114807
4231 1.9099531852841027
4232 4.897867474359227
4233 -11.900297226879047
4234 -3.0672018992695667
4235 -25.509464794237427
4236 -5.401632836349163
4237 -24.05143528678833
4238 -15.659638229724223
4239 4.469477838184393
4240 10.491702289494569
4241 -1.2289105337027286
4242 5.460561049514363
4243 -25.786764517720147
4244 6.663485953046766
4245 -12.450431251703849
4246 -17.344921655147044
4247 -14.22290392703173
4248 -14.646804985612835
4249 18.560119836171943
4250 -8.519364314872947
4251 2.1886177859728924
4252 6.5664269622416755
4253 -5.65559100384271
4254 -12.13603700063235
4255 -19.40792185785933
4256 -26.96610009405267
4257 -3.018008346975839
4258 -14.803185652568354
4259 1.9848883565606956
4260 -15.073235203191143
4261 -12.202126429393537
4262 -29.136586323446537
4263 -11.583261796760052
4264 -8.066237662670028
4265 -10.748831633636437
4266 -5.289145026809856
4267 -6.847023869484838
4268 -14.11084132585689
4269 -8.37891467265421
4270 -6.797348180558329
4271 -6.742972420452715
4272 -16.426241176255427
4273 -6.373571590259817
4274 -9.782834426899935
4275 -17.32354086844236
4276 -29.23943364118051
4277 -4.543496981870849
4278 -13.878809471368294
4279 -32.74568184911157
4280 -23.802058998256978
4281 -46.12191513674566
4282 -24.281961688623706
4283 -41.805911453506994
4284 -32.080763190928266
4285 -30.902774834575393
4286 3.843612061922904
4287 1.5492329177354986
4288 -5.952032677126554
4289 9.031386474497413
4290 -12.949331449694146
4291 -18.38010767584099
4292 -12.328207526079932
4293 -9.800794915057631
4294 -7.303502221573144
4295 -29.021593667293345
4296 13.389473247727437
4297 -23.611740984874924
4298 -1.9619692148933245
4299 -15.363569085166237
4300 -7.50552222479324
4301 -11.724894734300468
4302 -16.50684455028284
4303 -13.780823647469369
4304 -23.871402284864743
4305 -8.530613695071807
4306 -5.488405945190025
4307 -9.900179675402324
4308 -7.869242597760749
4309 -13.19002389574016
4310 -11.968117305324267
4311 -15.504192982980603
4312 -8.046881034917314
4313 -10.069312670399814
4314 -12.442248646432418
4315 -13.893582869470848
4316 -6.142941564542562
4317 -18.159402968604116
4318 -23.927465087932216
4319 -25.224288518458344
4320 5.909595968040812
4321 12.182879406739666
4322 -39.02695337716679
4323 -20.49500311004449
4324 -31.233192928761856
4325 -17.284325120509894
4326 -30.205998566497875
4327 -33.922001883992486
4328 -26.202277556944317
4329 -37.36043049646862
4330 -18.67011756119013
4331 -11.588817403803551
4332 -21.804645150605648
4333 -33.977023129731826
4334 -18.470200932945737
4335 -8.430425890359766
4336 -22.680248551105176
4337 -8.443106238808104
4338 -38.76079246280351
4339 -27.627124233042412
4340 -12.458614143399755
4341 -0.8952936734516698
4342 28.571974145182466
4343 -25.802387947844252
4344 -10.210770582929836
4345 -16.972993592301936
4346 -24.564397598244685
4347 -10.046836972788443
4348 -30.278778166150442
4349 -23.572995697565784
4350 -11.24386355677765
4351 -28.379766378937056
4352 2.000524813382217
4353 -26.441099061475544
4354 -31.97827045546117
4355 -22.057793714049765
4356 -10.93684519925373
4357 -18.395867825914173
4358 -15.658977209774894
4359 2.5818048714241013
4360 -12.329971080881514
4361 0.9383262718077457
4362 6.898437638283212
4363 -7.370871422966448
4364 -18.06212833386686
4365 -8.9232833294374
4366 0.45122840769632605
4367 -10.459800974595273
4368 -19.27578391410745
4369 -4.030800584649987
4370 2.9108863573768757
4371 -6.499386292528507
4372 -27.778525986168823
4373 -8.03191852645963
4374 -38.42089732409557
4375 -19.3027794517015
4376 -13.093151027489803
4377 -16.775774779332714
4378 -20.738772653531342
4379 -15.943087424892873
4380 -3.3335105356514396
4381 -7.301584772586357
4382 -5.494403356369003
4383 -1.6605026061067474
4384 -7.100085211060359
4385 -10.216186479415773
4386 -5.620185833076248
4387 -6.728397009055916
4388 -4.564618225880549
4389 -14.989736892072397
4390 -12.464923007497564
4391 -5.513003253468632
4392 -23.6598490810777
4393 -17.712935612419095
4394 -32.98393843472077
4395 -46.2700009902379
4396 -23.224929244888482
4397 -44.02293838013764
4398 -32.43730353695122
4399 -5.823910244443978
4400 -11.295308394207241
4401 -13.052159085573804
4402 -10.373317994090321
4403 -0.5003693786343502
4404 -25.406397589557745
4405 10.038860556633445
4406 -9.16771958766607
4407 -22.510509341515863
4408 -26.05504907018665
4409 -8.235395068333746
4410 -35.20332596516164
4411 -21.997258541644115
4412 8.201444116744678
4413 4.55551438121678
4414 -18.42178360220976
4415 -25.03395352459789
4416 -25.582156402606632
4417 -27.8587084959363
4418 -14.824023712631606
4419 -34.766677211875646
4420 -10.795867780627887
4421 -3.487515067289205
4422 -18.50262481244994
4423 -18.26014314853106
4424 -12.508311830849125
4425 -39.08439466260286
4426 -12.808625637288205
4427 -7.123827949455153
4428 -37.62776621170226
4429 -0.7311851365827897
4430 -10.242842101360875
4431 -14.767548823371907
4432 -9.441717979849637
4433 -2.174538408412045
4434 7.441386615310912
4435 -5.6656794775663
4436 7.156272187561699
4437 1.6755216525091965
4438 -27.55611889541222
4439 5.9872577093633295
4440 -23.382479020729953
4441 -12.636255380215152
4442 -8.397728281724849
4443 -11.519382357464929
4444 -15.200750938291604
4445 -17.52876369259902
4446 -12.846524753690028
4447 -28.562765424231767
4448 -32.7670731520874
4449 -5.97319145116664
4450 -31.026685311120527
4451 -9.681767063172737
4452 -34.454609213334045
4453 -34.52607449531642
4454 -15.382085907935979
4455 -37.68548498629229
4456 -9.978394179455208
4457 -23.077321666914795
4458 -13.793860313579934
4459 -20.326412069465587
4460 -2.850009340169199
4461 -11.737621781170455
4462 -31.580939052169708
4463 -15.894806522065338
4464 -8.37690238066134
4465 -3.1457009379568626
4466 -1.6772533664567164
4467 -2.930484101183392
4468 -7.554102806247247
4469 -7.692241634776874
4470 -2.222012885940203
4471 -2.54843235125285
4472 -18.467653824681474
4473 -23.511201976019947
4474 -11.018747070211248
4475 2.804150307908567
4476 -35.46714982149133
4477 -3.2136701817753783
4478 -33.97852569005947
4479 -12.016398592859186
4480 8.6686201449488
4481 -20.237888915510847
4482 -21.050207901096
4483 -5.906868530297215
4484 -11.352893633214407
4485 -14.677645353370316
4486 -13.854483673834766
4487 -9.159491926701595
4488 -5.684714422553515
4489 -15.681992550752474
4490 -13.89349979514096
4491 -8.661002944397769
4492 -4.295196983847272
4493 -3.044886270818097
4494 -2.2690857963553572
4495 -1.3982672795682447
4496 -20.458698889358203
4497 -12.761388608457345
4498 -16.327560273167474
4499 -14.075794598471548
4500 -4.773664361859992
4501 -12.7959274406638
4502 -5.408883492199384
4503 -13.326974127287249
4504 -21.39715030619656
4505 -13.759542915572965
4506 -20.86307398996869
4507 -13.47959940714165
4508 -3.950820214743144
4509 -3.1966589127498444
4510 -12.575995478577825
4511 -4.0685518863664765
4512 -5.582462901423132
4513 -7.1067927499455985
4514 -4.38530751066297
4515 -25.534801563458167
4516 -13.409143069410494
4517 -10.5497014511803
4518 -14.579649880897923
4519 -11.252582615432912
4520 -25.5663324753505
4521 -32.5735386199395
4522 -21.640590933295897
4523 -17.916148169210793
4524 -11.095190302850241
4525 -9.592066985436832
4526 -32.61007845283675
4527 7.895840420931782
4528 -1.0446991546991922
4529 -7.853530690554908
4530 -21.421104830217374
4531 -10.838526114862761
4532 -8.482304812504443
4533 1.0284595693691516
4534 -3.19021255648011
4535 -2.8746822925898594
4536 -6.547366545132827
4537 -19.363838151884558
4538 -7.74072930518596
4539 -13.915271537212684
4540 -6.228416563968786
4541 -12.758399311350223
4542 -8.100854935869284
4543 -1.0349399848785834
4544 -10.198151888753637
4545 -1.710847705534834
4546 -6.696090647828678
4547 -10.308221205849986
4548 -10.750174220279005
4549 -8.85441812739853
4550 -28.839962680762838
4551 -4.967557337389008
4552 -6.199767947177752
4553 -22.51390059605954
4554 -3.0257111294749484
4555 -27.80857527480097
4556 -5.084825206353998
4557 -10.380620366406657
4558 1.76219229439841
4559 -33.62618292559666
4560 -6.6213122630628645
4561 -2.9452169758389934
4562 -11.77810611433204
4563 -13.055057302506174
4564 -28.17040927022099
4565 -11.62448067110221
4566 -14.405775131536066
4567 1.021475597169192
4568 -24.147218071226817
4569 -19.57174161708026
4570 -13.927723796304635
4571 -8.989364266555349
4572 -12.640936830995342
4573 -23.037732325992984
4574 -9.095212461931078
4575 -12.795066600330465
4576 -20.2065634205121
4577 -14.77902687139227
4578 -22.93882044122307
4579 -8.52053641436738
4580 -19.672525698578102
4581 -11.764414024781727
4582 -4.301977951297013
4583 -6.434604332522867
4584 -23.06613027363157
4585 -12.46768103369017
4586 -25.400399018640456
4587 -16.918661346251756
4588 -6.876631258506677
4589 -8.05772286117004
4590 0.6638012657634681
4591 -17.208292817132897
4592 -26.771837100224076
4593 -11.075882302672253
4594 -0.7967026964163233
4595 -13.248298328194215
4596 -29.362935600607017
4597 -3.307200232107134
4598 3.217147501257423
4599 -8.195381291270314
4600 -6.198523098674923
4601 2.4675517716878677
4602 -30.237754770895844
4603 -34.99653275143049
4604 -12.302413033700722
4605 -25.23368509735912
4606 -11.1442394157745
4607 -23.740417435501005
4608 -27.571775806310907
4609 -10.214407488581491
4610 0.792202344530233
4611 -14.10918535433433
4612 -40.543742155078654
4613 -19.150913412926457
4614 -15.51396874576414
4615 -41.12254274034538
4616 -20.99150642940731
4617 -3.1824283395716337
4618 -14.136952289199398
4619 -36.14988144237955
4620 5.834615833737916
4621 -6.881979421220604
4622 -2.6578707510505044
4623 -8.519888614873198
4624 -9.016131810267835
4625 -15.37293295551528
4626 -7.73099242312077
4627 -8.187207082167296
4628 -5.095729169869155
4629 -12.707967854943126
4630 -10.348034390306566
4631 -12.753401965263766
4632 -23.573635586689925
4633 -7.569959442055115
4634 -14.47285256467294
4635 -2.3016292215725116
4636 3.930981835065031
4637 6.287342654223176
4638 -34.01309993219358
4639 -15.320851991792878
4640 11.023668477306929
4641 -6.0836759433466066
4642 -3.132390059725294
4643 -5.340806858859578
4644 -19.25788305278591
4645 -1.7853999300973373
4646 2.1624063803066385
4647 -10.010232975192775
4648 -5.396099036878877
4649 -0.2658587253105361
4650 -8.054828213311266
4651 -4.254123801279638
4652 -5.025448241855774
4653 -2.508855554038164
4654 -6.986141345857322
4655 -7.060203908124386
4656 -27.18476462783976
4657 -0.856670150241116
4658 -0.2798921794806665
4659 -26.725070916723926
4660 -22.031923288295946
4661 1.6250051926191371
4662 -26.28824221866598
4663 1.2461376404181645
4664 1.9180302347124962
4665 -21.012447436604415
4666 -8.714119964413548
4667 -23.25300483582163
4668 -34.80782487884702
4669 -13.586338157985884
4670 -25.36910748740658
4671 -10.301247654446342
4672 -5.605655772221216
4673 -17.38654779420278
4674 -9.151826867990604
4675 -6.226447305849142
4676 -4.171150464101084
4677 -9.977780149968167
4678 -8.44784876539532
4679 -41.63342878886819
4680 -5.680469757864339
4681 -9.587242541449958
4682 -3.1992049595587013
4683 0.6687957139081846
4684 -0.04410918090448831
4685 -1.3977711530655506
4686 0.010887269461236429
4687 -3.105897595831484
4688 -1.5266719274086062
4689 -13.048334226497245
4690 -11.899256057066378
4691 -29.294455274435315
4692 -12.347787806417763
4693 -4.36665908146344
4694 -3.887005709561199
4695 -32.68056402552087
4696 -30.28289836536511
4697 -18.001855023632814
4698 -17.14497135237034
4699 -12.21848381942502
4700 -31.15532644448569
4701 -14.949662811424787
4702 -31.934705259219335
4703 -22.76274785858681
4704 -18.92539159360764
4705 -13.089792192265303
4706 -24.82006413047493
4707 -10.81208874275093
4708 -14.608449013750214
4709 -2.876012049100827
4710 -36.11966813080653
4711 -17.34333331911359
4712 -7.763292322948837
4713 -12.963495738071215
4714 -24.22884621305362
4715 -9.87385740942409
4716 -23.8235814246723
4717 -26.167981769944745
4718 -18.5308553590237
4719 -13.16750786843957
4720 -20.15038695747382
4721 -2.91559308932905
4722 -8.95632191798475
4723 2.2751127289117723
4724 -5.304934024320537
4725 -6.68632800721738
4726 -10.498485573612852
4727 -8.337977917995012
4728 -4.919409683719859
4729 -6.989550162152591
4730 -5.950334154721058
4731 -4.3851955860875025
4732 -28.510506832405955
4733 -14.29532952288253
4734 -24.489801665869017
4735 -27.994217529387242
4736 -27.529405382026308
4737 -23.57536614089913
4738 -11.686527280186128
4739 -18.245198103542062
4740 -22.171575580939827
4741 -26.34069821873243
4742 -12.056245064332616
4743 -26.46792034909013
4744 -20.814542325321963
4745 -12.483389756529796
4746 -16.38341872079676
4747 -7.984169932285295
4748 -2.8469542384431406
4749 -30.041853942953313
4750 -7.86268287075276
4751 -20.980754911106487
4752 -12.880752517685032
4753 -17.03403453978375
4754 -0.9583429563372919
4755 -5.332828802784061
4756 -10.480980396470258
4757 -15.074845636030368
4758 -8.6701819502133
4759 -21.39986577869815
4760 -17.389973492693535
4761 -37.5338133651494
4762 -6.684573910039616
4763 -12.126071161513101
4764 -26.540883173355688
4765 -4.050316509339755
4766 -8.309961086200346
4767 -1.1985540379733721
4768 -3.4660372163847204
4769 -2.5364502663597523
4770 -1.3106284078244061
4771 -6.071047696071764
4772 -1.8198830892486149
4773 -2.428085935876152
4774 -4.596745608316414
4775 -0.42346678010828326
4776 -12.556637500137148
4777 -35.22421226528415
4778 -3.967928547968477
4779 -15.414123173369589
4780 -15.520553366428649
4781 -13.187100209494238
4782 -16.634075750748888
4783 3.3054882000139334
4784 -50.57208275917452
4785 -25.24420533912926
4786 -41.50536193376596
4787 -16.08305618850005
4788 -31.613322986692072
4789 -4.993408081288508
4790 10.688551179639035
4791 -5.009822399588302
4792 -6.8496443052226095
4793 -0.7588241323745751
4794 -24.214336123285467
4795 -8.634516557195747
4796 -4.4190362530216225
4797 -1.7508078369790747
4798 -5.844184154999966
4799 2.7663150669726018
4800 -13.836460371666616
4801 -4.9422982397463056
4802 -5.106849451256421
4803 -2.4698504319934
4804 -25.648847606380297
4805 -13.897822226883
4806 -12.954790958518425
4807 -8.491752624881046
4808 -15.060082175733841
4809 -9.72724497958945
4810 -1.512374490964139
4811 -8.066288896145853
4812 -23.156986051656713
4813 -3.664843497689726
4814 -31.543068976963113
4815 -13.371668582908024
4816 -11.487362460025178
4817 -11.08984126963056
4818 0.2857350197264168
4819 -17.245110914215037
4820 -33.77054899286508
4821 -40.45709341342939
4822 -18.644471655719098
4823 -34.10544736675976
4824 -23.993962550821742
4825 -9.963209178150718
4826 -0.3420611311282846
4827 -26.609543829006725
4828 -7.427274722956063
4829 0.43861260865378426
4830 1.143646932387055
4831 -3.839212638158933
4832 0.5395707491814392
4833 -8.453730393692677
4834 -18.317196368117585
4835 -0.703168015555566
4836 -4.095234814111463
4837 -6.018984294100956
4838 -11.597427146592526
4839 -5.4760241212460095
4840 -23.00123475474611
4841 -5.383401415911503
4842 -11.656086937904037
4843 -10.64532329595313
4844 2.125781159219041
4845 -16.010802913475636
4846 -7.971743822062999
4847 -22.00982368848403
4848 -17.16725533372548
4849 -13.547947933125833
4850 -5.903418999605346
4851 -1.1911042384871688
4852 -9.092750935614895
4853 -64.15088958498193
4854 -24.402144272009174
4855 -16.11892921398874
4856 -10.329529243546276
4857 -1.24768313914421
4858 -13.672886263553664
4859 -8.05808940587085
4860 -14.297331009371701
4861 -13.323669417864147
4862 0.05700372431412688
4863 -7.6695768268103715
4864 -3.1226165153273904
4865 -3.369908922595787
4866 -4.7910874306532785
4867 0.9457356461299059
4868 -1.3283713257049385
4869 -1.0516521509346786
4870 -15.30657993199522
4871 -15.967151652295433
4872 -3.3992927545073326
4873 -14.567491035599087
4874 3.2490120583491806
4875 -18.855901070779655
4876 -14.148829304047831
4877 -5.669356325391709
4878 -9.782095350665186
4879 -8.66874277955314
4880 -1.5190731563068403
4881 0.8078679380218091
4882 -14.504505529896415
4883 -9.457354821378539
4884 -24.971824422457285
4885 -44.50634492356345
4886 -11.293410146892565
4887 -12.784111695380124
4888 -1.4260066194008687
4889 -9.877282821490372
4890 -18.094045185889843
4891 -5.956678234988795
4892 -52.533064834581744
4893 -32.54618039314271
4894 -48.88552061695882
4895 -19.301532575762685
4896 -34.75848553930395
4897 -36.94378009092965
4898 -21.776528168527875
4899 -14.403732930650294
4900 0.3911868541751755
4901 -11.20181992877784
4902 -3.2979834070286596
4903 3.736253491324314
4904 -12.657945690685592
4905 -22.242498518180074
4906 -1.2839660324394935
4907 -13.946394802492142
4908 -10.118604154591011
4909 -4.1598739746681535
4910 -19.793178166929867
4911 -5.462762064346898
4912 -22.13749543787242
4913 -1.8238995662984963
4914 -11.754722010268015
4915 -8.984623186130921
4916 -5.63414634448025
4917 -16.57627940286373
4918 -21.95619008788839
4919 -4.186650588488992
4920 -20.651766148057067
4921 -10.679974437442434
4922 -11.527614940999047
4923 -6.91008579155241
4924 9.203848393018415
4925 6.243794244702003
4926 -13.6720954708528
4927 6.96111004833845
4928 -6.592004078101454
4929 -2.2245156096432765
4930 -17.18100618522236
4931 -32.43796764298386
4932 -11.950252915385791
4933 -18.424708254436265
4934 -24.889267611050307
4935 -12.571690030122262
4936 -18.464725117583
4937 -5.852439604754617
4938 -13.593438679674145
4939 4.426739903218404
4940 -22.257756754291332
4941 0.7771655454265419
4942 -17.494063055837323
4943 -9.90304470079267
4944 1.7947617702023126
4945 -23.192533246841194
4946 -0.8865412323047349
4947 -40.14624103124574
4948 -27.13152256669244
4949 -5.023827680260874
4950 -2.7812283693904463
4951 1.8124356990976958
4952 -1.1863809107639827
4953 0.3341386498250358
4954 -5.17553471133142
4955 -4.960544905267016
4956 -2.653880518345104
4957 -1.4833204459458649
4958 -46.13273583498128
4959 -5.05688131732546
4960 -21.57080468281434
4961 -16.055989443535218
4962 3.840872274229914
4963 20.749861577054833
4964 -24.138469679335685
4965 -17.09617773007718
4966 23.653429741375295
4967 -0.20261628281397862
4968 -27.10030156327324
4969 -9.791977152282051
4970 -8.252891655550192
4971 -12.584185800461563
4972 -20.37128994626517
4973 -5.340632415122381
4974 -9.821471361515286
4975 -10.18844192778095
4976 -17.110076780966775
4977 -0.6894211206477484
4978 -1.5860311392055884
4979 -0.6224849425141292
4980 -8.260979802522925
4981 -28.700697294230196
4982 5.710513449986902
4983 15.23689170888596
4984 -33.85267480564027
4985 -20.076595616719278
4986 -35.04470838764755
4987 -31.229698435043684
4988 0.33172845526758465
4989 -15.225063035187777
4990 -10.143498153695692
4991 -10.170102542164969
4992 -25.35444591559659
4993 -5.148432171731547
4994 -20.033959281007263
4995 1.033765857948165
4996 14.464545493926998
4997 4.60590801555285
4998 -8.171533187982131
4999 -5.578077849428373
5000 -22.490306829280307
5001 -12.642298139127815
5002 -21.265923661222914
5003 -2.0808641124685527
5004 -31.770688285515497
5005 -7.630252917133767
5006 -13.599834672973811
5007 -29.18742774313505
5008 -27.25793615164803
5009 -52.04224428911286
5010 -49.974138488711326
5011 -0.3844301064420142
5012 -21.301433904842124
5013 -35.2337635077849
5014 -41.728721812728324
5015 -2.583347764249047
5016 -9.205729949087253
5017 -45.094279936326785
5018 -6.551831776323816
5019 -0.4368176033216878
5020 8.390107509292138
5021 -4.822445732486667
5022 9.458898579093075
5023 -10.912948757623381
5024 -23.971225957019342
5025 -1.8449845298747822
5026 4.199421725071443
5027 -10.85203314612183
5028 -15.598407304189605
5029 -30.783444310647464
5030 -26.066532714716594
5031 -3.1303336752118773
5032 -10.010802139936422
5033 -40.567336595797826
5034 -16.240896578475805
5035 5.224958475892345
5036 -36.6123342411434
5037 -38.60685961871874
5038 1.541936818676768
5039 -15.140288806934986
5040 -37.781138478161445
5041 -11.77637652329533
5042 -3.79585362822545
5043 -14.699496988213795
5044 -20.615487885290786
5045 -14.236258125561
5046 -21.60246980703756
5047 -7.408445192054351
5048 -12.29314410464067
5049 -15.612831618251949
5050 -5.9947051949890735
5051 -4.107326891618868
5052 -8.745845100180304
5053 -11.226055704783938
5054 -30.82861106056982
5055 -6.545029388816329
5056 -16.363447869799273
5057 -10.024989005301467
5058 -5.632184418265533
5059 -9.445423776203533
5060 -8.779453622886066
5061 -6.983889097548963
5062 -0.4081480494631978
5063 -21.568527251616906
5064 -5.178358247294236
5065 -36.874645888571976
5066 -19.418477897072588
5067 -9.541407728905906
5068 6.634227648065134
5069 9.143937578229378
5070 -16.592825133835575
5071 4.213403367300634
5072 -8.949506411113108
5073 -14.712623675851791
5074 -2.8388725584857455
5075 -1.658312492252735
5076 -2.4963312226858396
5077 -9.417208185480268
5078 -9.77500843133137
5079 -9.949776246588007
5080 -9.580505669328849
5081 -12.722371908686036
5082 -10.467175514646806
5083 -13.328940490273235
5084 -12.404785355757195
5085 -23.918584126438798
5086 -12.551761920957361
5087 -9.043714557347412
5088 -7.146140107115935
5089 -6.371574832582556
5090 -9.5631169518159
5091 -3.5255755052559836
5092 3.3236982003938467
5093 -2.569990864343854
5094 -1.082570384027931
5095 4.380612451912166
5096 -18.664066504391958
5097 -41.4403738829268
5098 -36.030279795222015
5099 4.3521650061931
5100 -8.91150376630423
5101 -5.796022317703173
5102 -31.128860320411185
5103 -42.64525714360032
5104 8.825320178001276
5105 -11.952755349856307
5106 -36.31633784840189
5107 -19.997677738399943
5108 8.848442520984682
5109 -2.5411434886242206
5110 -23.166897857641306
5111 -3.987936642571876
5112 -16.662547607134183
5113 -12.809220372436393
5114 -16.54521953005984
5115 -31.476588882067443
5116 5.863078327974217
5117 -7.0618956742819865
5118 2.501703506833437
5119 -20.210371683817648
5120 5.696073697083775
5121 -2.6664817490526183
5122 -3.0713651323574593
5123 -22.7443814564035
5124 0.6464974534505745
5125 1.009899617251358
5126 -4.129478497129457
5127 -0.7957399704045384
5128 -0.43824625490262403
5129 -0.3771873637699173
5130 16.527273127246882
5131 -23.799803565582405
5132 -25.671392194693908
5133 13.299483426363004
5134 -22.267828823193557
5135 -16.302082445509296
5136 -11.213401505205256
5137 14.585016473061113
5138 -24.384484043751144
5139 -3.4804134813374548
5140 -32.667403183168354
5141 -14.136786047872883
5142 -7.398193467612727
5143 3.9694498241698604
5144 -28.91464805339274
5145 -9.07524556471457
5146 2.0478554328141034
5147 -14.671293166166725
5148 7.860307698607503
5149 6.731509710182145
5150 -0.34657826973503686
5151 -33.43073364864598
5152 -17.180512083347566
5153 -11.035852797535481
5154 -15.465993317446555
5155 -5.107426239945634
5156 -21.508380046777894
5157 -37.364979571404255
5158 3.359788125027844
5159 -52.09726379945685
5160 -3.5653539537248435
5161 -3.841180062600324
5162 -9.650254485254845
5163 -33.469756812624546
5164 -29.679880815440846
5165 1.4794190722214988
5166 -20.961504223904193
5167 -11.320499468845373
5168 -59.56915366653513
5169 -12.74913173297813
5170 -12.354509433455823
5171 -20.737105876505083
5172 -6.102763570780517
5173 3.412133458540047
5174 -0.22436998295190277
5175 -19.90803825067269
5176 -37.54032947981905
5177 -20.59422664149097
5178 19.27464423112411
5179 -19.3875171130964
5180 -27.077967120665125
5181 -16.595824947213842
5182 -20.069952335199197
5183 -9.751622398114268
5184 -21.107073554773088
5185 -19.35337724771802
5186 -7.023435693830106
5187 -26.140628370242776
5188 -34.75264201950209
5189 0.9045355859443953
5190 1.542407279300096
5191 -26.210299610065558
5192 -18.30293733501734
5193 -7.1849646076407225
5194 -28.3971215202006
5195 -32.120435120381586
5196 -0.5436741616754444
5197 -19.276003899336065
5198 -46.68384985552883
5199 -40.52703384732871
5200 -61.14290390711074
5201 -0.31397492564108687
5202 -42.038097300463704
5203 2.279946243006998
5204 -26.454343171915678
5205 -6.5917391298465375
5206 -7.561775390620896
5207 -4.59548512721507
5208 -45.979972869197226
5209 -27.65255767894749
5210 -23.07848411783576
5211 -17.277714353783814
5212 -17.996110980174127
5213 0.10678477251785808
5214 0.8524237473485118
5215 -34.02223696559129
5216 -44.078926022053345
5217 -10.448497659544664
5218 -34.93352206283875
5219 -32.23916792136093
5220 -23.164831052331575
5221 -9.875137381430104
5222 -8.697401718857583
5223 -24.392327887495775
5224 -13.928362525690464
5225 -3.080529951737262
5226 -5.293102360013872
5227 -1.631248836179293
5228 -1.3443875448743348
5229 -21.347726828060114
5230 -28.1409493111771
5231 -13.474277679721855
5232 -32.066246347720295
5233 -13.246555808742997
5234 -6.229817817083094
5235 -20.71268359323687
5236 -12.782189231156954
5237 -15.698762220733915
5238 1.222606204659096
5239 -21.07978103712041
5240 -20.61558407898483
5241 -12.027179343304887
5242 4.273729842971661
5243 -13.788903204515954
5244 -21.47049829836993
5245 -21.11584230526656
5246 -14.668349699783576
5247 -7.986658764401364
5248 -19.655058343506536
5249 -20.55342805575172
5250 -14.955142872609139
5251 -10.919156025275297
5252 -27.131023643338995
5253 -27.38765733835229
5254 12.705065585946867
5255 -30.92653715934968
5256 -27.116640237430982
5257 -39.108137400997656
5258 -11.309356899702689
5259 -21.43475726401841
5260 -39.26082221221339
5261 -11.011566849508963
5262 -0.6482432527428318
5263 4.212976420732739
5264 -1.8879265310463962
5265 3.4532923185305844
5266 -0.3702197963913204
5267 -8.859045354094414
5268 -7.375334531246626
5269 -9.542979758400907
5270 -4.767712587647257
5271 -15.02648532622945
5272 -22.35878417022861
5273 -36.65794048134077
5274 -3.382750303376524
5275 -0.1093699948937865
5276 -0.9431250527233351
5277 -17.628162058106245
5278 -6.602818309321737
5279 5.680957294440886
5280 -0.915139674267266
5281 1.2890521420321601
5282 8.56083617222801
5283 2.7622092423352296
5284 -2.476043999007961
5285 -8.458725518585416
5286 -14.610796203347563
5287 -7.6889343222607565
5288 -2.5169408058772387
5289 -22.0169108970504
5290 -5.25855551915447
5291 -1.5969205343857176
5292 0.7936096743363305
5293 -2.3182566733782006
5294 -15.435444526995852
5295 3.88710576436948
5296 12.289265215237538
5297 -30.55581332889371
5298 -2.4573839920818865
5299 -7.755730503412342
5300 -29.006430470753983
5301 -20.80675569627012
5302 -20.79512008670805
5303 -27.99595956584817
5304 -18.200534233562212
5305 -18.098293324177792
5306 -23.597062626344268
5307 -16.071286658647733
5308 -13.320082299525529
5309 -2.8617750117153626
5310 -15.29686022697424
5311 -10.659799132723856
5312 -4.910577060568612
5313 -1.2305697878744104
5314 -14.808566526642098
5315 -32.336280748734865
5316 -14.06698329709514
5317 -17.09306078312933
5318 -5.359478443512198
5319 2.5809407512497273
5320 -28.734930750209607
5321 -18.07261287647678
5322 -10.828945154418761
5323 -0.020258569998113672
5324 -1.069739713276067
5325 -0.2954554997783271
5326 6.161545123382529
5327 1.9993497232793016
5328 2.1976740617092583
5329 0.36117278171295764
5330 -4.507977381718811
5331 -1.3393353990465402
5332 1.4403290449766792
5333 -44.38568715074274
5334 -54.28622845108432
5335 -37.39183124809395
5336 -20.32054636019122
5337 -6.339037003874982
5338 -39.60403469952638
5339 -19.16531080870438
5340 -39.85211779840465
5341 -1.4985832143032167
5342 -31.679411160240125
5343 -36.794540278159694
5344 -11.274619016526994
5345 -37.61105202101826
5346 -0.7972107853529451
5347 -25.971863079684407
5348 7.810302321070631
5349 -3.8108738343662116
5350 -9.00873363177292
5351 -1.3792603115127713
5352 6.922281975931983
5353 17.386255441865067
5354 -32.54121710910404
5355 -20.69718540081012
5356 -4.195393864052749
5357 2.058238185220398
5358 -41.52299784683259
5359 -37.32503304231446
5360 -11.668786100509024
5361 2.535737529944308
5362 -2.078566224385868
5363 3.8610978464437355
5364 -20.234481163479067
5365 -4.097811443753162
5366 -22.883897607563412
5367 -33.38326785090263
5368 10.4248427186755
5369 -40.5065156363527
5370 7.682516911711427
5371 -24.550593682401814
5372 1.884445928915229
5373 -36.04279332107064
5374 -31.768040350220108
5375 8.840844713055413
5376 16.997463247931737
5377 -25.67977423283388
5378 -36.5143898083891
5379 -15.606121088758227
5380 -19.026532574040903
5381 -2.706414768454706
5382 -4.047707171146321
5383 -0.3690090071281884
5384 -16.59581163409195
5385 2.4458537417970363
5386 -18.041616008632992
5387 1.6632462521058915
5388 -27.894325258571044
5389 -12.32620189205205
5390 -4.4276912480694595
5391 -30.628874663521856
5392 -8.179052361160865
5393 -9.755884621746954
5394 -16.89566848959541
5395 -17.959679404495837
5396 -21.24606830387449
5397 -28.0320480415113
5398 -26.268675928198064
5399 -34.86135417881276
5400 -30.284648893469274
5401 -11.504458637058852
5402 -13.376309319291613
5403 -10.359754520361312
5404 -10.883461784820247
5405 -14.958884752830636
5406 -25.586463395507888
5407 -25.775638833581034
5408 -35.02924328847992
5409 -25.326428120629426
5410 5.519082963946566
5411 -24.809725473397265
5412 -8.121808776006073
5413 -4.879235837496526
5414 -9.61481515696578
5415 11.81504259738882
5416 -5.185313175490883
5417 -4.103802873715177
5418 -37.97927708436022
5419 -1.9738671668092138
5420 -13.438314537230909
5421 -1.6851358044952212
5422 -3.746946828951768
5423 -1.813232666773256
5424 -33.52426282847198
5425 -16.913455014198117
5426 -14.860441685955447
5427 -6.155872868567822
5428 -14.419211825930105
5429 -9.537424828105431
5430 -17.122713901784156
5431 -18.427211750362186
5432 -13.07810457700456
5433 -25.995267348593043
5434 -14.950663845305971
5435 8.146543284415966
5436 -33.53157243721842
5437 -22.917148268161252
5438 -13.218976633545099
5439 -31.657101319247886
5440 -7.282209911950194
5441 -23.994350130872917
5442 -8.820920271247013
5443 -17.891026563740017
5444 -17.800513405547825
5445 -20.15869402821976
5446 -11.790941418420989
5447 -8.68950065761208
5448 -11.253467094209627
5449 -28.64597206256891
5450 -24.79711372361053
5451 -6.498234742586065
5452 -21.475974015449754
5453 -12.17510040163339
5454 -0.6861200813892355
5455 -2.9686587775860973
5456 -4.059356478537666
5457 5.694584258928371
5458 16.759309999779944
5459 -23.797730972813444
5460 7.608030587242683
5461 -37.91313844955919
5462 -3.2474278726625196
5463 5.613122841418371
5464 -25.0867154793565
5465 -10.924352804230294
5466 -8.913339199608453
5467 9.561790183105332
5468 -33.62023636318612
5469 -26.716570588084142
5470 -17.059567074516526
5471 -5.179412348329497
5472 1.5319033440684142
5473 -14.582812563094922
5474 -1.7044260519719683
5475 17.252524337793
5476 -3.9088467298506293
5477 2.8723223627195695
5478 1.4603666637655988
5479 -35.80445549480981
5480 -14.663276518605416
5481 -0.7950749938661466
5482 -31.331789019316492
5483 -26.504686055766214
5484 -42.333558393943534
5485 9.872682221038266
5486 -17.923844776735205
5487 -6.820833016178658
5488 -24.635586065013047
5489 12.017766556148564
5490 -8.151180064210493
5491 -24.75175689735246
5492 7.105555522580253
5493 -33.11522634645109
5494 2.2621171647132723
5495 -26.32604349864516
5496 -26.871332527123013
5497 -16.007113808367574
5498 -28.089211641227593
5499 -29.039732752343117
5500 -20.86899305562969
5501 -16.235188427935064
5502 -23.229287375790737
5503 -9.630591419819684
5504 -0.7475269951067457
5505 -1.9421995349678036
5506 -18.369983505765266
5507 5.306793868290988
5508 2.837754778550443
5509 -4.307618946530856
5510 -0.5115518927588709
5511 1.9096634416555753
5512 0.4981561065191636
5513 0.964480847488594
5514 -0.6717574187909485
5515 -3.2658506218409458
5516 -12.08986439535016
5517 -3.195204690764367
5518 0.764537008919142
5519 0.38981329437621753
5520 0.9487730906295474
5521 1.1826021716439572
5522 -9.562367937775125
5523 -10.789793857609183
5524 -11.010967677589505
5525 -11.695351894684427
5526 -5.479824763414071
5527 -11.297831765745213
5528 -5.622444548399944
5529 -3.4768664989303217
5530 -4.957017413764552
5531 0.1978981640849088
5532 -22.199250565124384
5533 -11.250778346234728
5534 -28.978037541159864
5535 -19.00493633716178
5536 -17.590674449431535
5537 11.457289628424478
5538 -37.56128901194025
5539 -6.305367596311844
5540 -28.819194286432758
5541 -14.772584567186422
5542 12.208050221058365
5543 -7.970104157078895
5544 -3.3171660712263837
5545 -5.825243862069183
5546 -14.780275771958987
5547 -4.759305369426293
5548 1.8237643907951133
5549 -2.098327317193325
5550 -1.5751741661527194
5551 -0.3733432075464225
5552 2.483576387025678
5553 2.4498230402430634
5554 0.9218178827247175
5555 1.3403694250958507
5556 0.5153106579839368
5557 -1.1218511643564852
5558 -0.8897256209839542
5559 -1.3276459501075442
5560 -0.4457761381102318
5561 -1.0365367142723698
5562 -4.1211755767303115
5563 -3.9554550625765112
5564 -19.972309032850315
5565 -42.559466251675914
5566 -24.797215612097062
5567 -16.257238917181965
5568 -35.78256082890119
5569 -8.99541619105119
5570 -16.15713997706713
5571 -20.316655314596428
5572 -24.263005086346382
5573 -11.275380863507452
5574 -21.943613172372277
5575 -33.56927848386797
5576 -26.819262082479835
5577 1.2464071237272583
5578 0.2267183294794813
5579 9.6439060580745
5580 -35.83710987862185
5581 7.7561683509587604
5582 -22.110943439809198
5583 -29.164847551136045
5584 -26.724111950735388
5585 -20.90494298047357
5586 5.391591254804953
5587 -19.046362653025426
5588 3.7763335531888877
5589 4.899307610999967
5590 -6.86762727770154
5591 -11.875063407600246
5592 -13.694938971186202
5593 -22.029499968758174
5594 -11.031673165242392
5595 -7.054824387546687
5596 -18.299519254855987
5597 -4.042498525232222
5598 -1.9662782352305657
5599 0.9477548825122358
5600 -12.288827656923678
5601 -11.278175745790504
5602 -7.438036080780003
5603 -2.287764423680346
5604 -7.412932034252735
5605 -13.171521256598062
5606 -33.57284650162546
5607 -21.315243512669404
5608 -21.20620359670953
5609 -9.13256730443769
5610 -26.307135717700294
5611 -1.386910992838384
5612 -8.537066804781352
5613 -11.458040380668681
5614 -17.46432522012401
5615 -23.43287265506602
5616 2.1429916701634646
5617 -7.357195639954589
5618 -12.36676939782643
5619 -14.655627283442591
5620 -20.852523836497568
5621 -0.45733822644106115
5622 -16.339369652526802
5623 -0.6993090972393111
5624 -29.76853142828666
5625 1.4277690116560553
5626 -25.988433606029865
5627 -6.709409725662844
5628 -2.333449972568196
5629 -12.389550373381935
5630 -8.760807704112812
5631 1.2304324866521348
5632 -22.943090190518415
5633 -13.837009273282748
5634 -18.769223287935166
5635 -16.996841114316922
5636 -22.774950316223986
5637 -23.886217461627385
5638 -21.17931255069503
5639 4.400350678499089
5640 3.604697640730592
5641 -3.1847923186977276
5642 -19.747382428861894
5643 -10.041036003869522
5644 -1.698654222531186
5645 -4.374240681137162
5646 -15.900473955401393
5647 -12.934779390316253
5648 -32.55990779714586
5649 -27.38308752010693
5650 -5.7692091342163625
5651 -19.88240382745338
5652 -15.015756387724686
5653 -4.844572635290388
5654 1.5045410652077407
5655 -15.269655315897543
5656 -1.7898465380813287
5657 -1.3328560449925135
5658 -4.097505491869088
5659 -12.900651776604354
5660 -18.528526017602417
5661 -5.917039303319761
5662 -12.223075251485861
5663 -19.155065643944834
5664 -7.635716382547107
5665 -22.54840507979374
5666 -25.55838307576283
5667 -3.1383675952922205
5668 -20.369861196401324
5669 12.697406991443131
5670 -26.982331572446856
5671 -15.493153843962064
5672 -19.897833707643002
5673 -34.85472546562771
5674 -12.74817238228221
5675 -21.882277078510086
5676 -31.947086695647887
5677 -20.88835257851606
5678 -29.20686493759946
5679 -0.43303895967648715
5680 -22.50256659989318
5681 -4.482596326219791
5682 -9.56539544446874
5683 -28.637198681546433
5684 -34.39937454204817
5685 -2.96842953129948
5686 2.5220460188591094
5687 -7.479182301588589
5688 -19.062622304917166
5689 -16.62121642350918
5690 -6.108998815364175
5691 -21.69796409744449
5692 -15.535213295510038
5693 -17.71019099763129
5694 -10.350979111902852
5695 -8.680549648486194
5696 -20.36805113693583
5697 -18.011653557162063
5698 -14.400229077591211
5699 -24.44972575435124
5700 -16.180707690451527
5701 -22.238629855815525
5702 -24.983213510405623
5703 -14.557455050564458
5704 -2.1502215827039617
5705 0.46717554521383137
5706 -1.2510921463891282
5707 -1.0046971491200383
5708 -1.181933530557144
5709 -0.6644040095646051
5710 -2.511467113425315
5711 -25.68495161635903
5712 2.9432797495230623
5713 -7.448054888770421
5714 -24.042005325395877
5715 -15.769346691296086
5716 -20.809612617532693
5717 -44.83134470631252
5718 -27.978249934984486
5719 -7.813082247503189
5720 -42.079923161620535
5721 -15.575778872131341
5722 13.830735625354864
5723 -8.372965212301933
5724 3.537238030294393
5725 1.2079863132262836
5726 2.654014149402792
5727 -5.299012838556809
5728 -1.9013248249042953
5729 0.626260494459857
5730 -5.247341164175887
5731 -0.8730025511412532
5732 -1.028478192576149
5733 -1.885584356685431
5734 -1.5154259253336932
5735 -1.2744337978531257
5736 -0.8074459168316389
5737 -2.3248753532824047
5738 -2.767763018508558
5739 -3.092531816767587
5740 -2.444369902959297
5741 -4.215141932970873
5742 -3.441026086518541
5743 -2.2904602143276134
5744 -0.7609118747517641
5745 -0.1364460009166214
5746 -1.904256618086074
5747 -2.353017518249253
5748 -2.361710237085208
5749 -3.496240977667185
5750 -3.596056158178544
5751 -1.1951298811202287
5752 -0.20101742770129932
5753 -0.6923257063125493
5754 -1.4662425046037242
5755 -2.286304122194997
5756 -1.8005885004754236
5757 -1.6033835819012894
5758 -1.9936411880311788
5759 -2.988445342515188
5760 -23.910005646038773
5761 -18.80542446039661
5762 -11.940708038809388
5763 -32.35198744694659
5764 -7.42755037843177
5765 -18.43805434883776
5766 -4.099173136593017
5767 -2.246761867210298
5768 -28.369611718695232
5769 -31.184154812290945
5770 -26.357229959834367
5771 -36.180060986753524
5772 -1.0103138291624782
5773 12.283061325709568
5774 -13.148232576813315
5775 16.162041314793022
5776 -29.670498613925446
5777 -31.00586355759573
5778 -1.7890036442069686
5779 0.35018072863153066
5780 -0.5849121394068061
5781 -2.1869429048188613
5782 -3.2830192586504565
5783 -0.8464223823885549
5784 -2.2261718732064764
5785 -3.3159093557644517
5786 -2.419258810951578
5787 -2.870986917032278
5788 -3.2400511114172694
5789 -2.3092207562441764
5790 -4.143145114558138
5791 -4.184462308313232
5792 -2.8682638205851254
5793 -2.1759506579797017
5794 -1.1885658156238788
5795 -2.6440954916954795
5796 -0.7601638266915688
5797 -0.8347897634349647
5798 -1.4488989410667272
5799 0.5590232842037222
5800 -0.007741764308448183
5801 -24.958447161141667
5802 -4.061212657959695
5803 -6.8518693460139914
5804 -16.86257345857812
5805 -32.86979561963948
5806 -22.67549068396009
5807 -20.096623393176998
5808 -18.963082976447332
5809 -18.939830285055358
5810 -21.284137618191888
5811 -28.34931204678505
5812 -25.17241770044144
5813 4.897706635784561
5814 -4.315492797451298
5815 -17.295016141468803
5816 4.0563723904246585
5817 4.1684764782189445
5818 -35.3375444148606
5819 3.957948525221582
5820 7.216828777217015
5821 -30.040464556798106
5822 5.030766397393891
5823 6.407911466971854
5824 3.5359330719651187
5825 -25.401185180812316
5826 -19.95923251723274
5827 -33.456340283075114
5828 -14.417816652315668
5829 3.491428594397148
5830 0.9342258527303057
5831 1.9461751010552688
5832 -8.807986167562921
5833 -13.833370149245457
5834 -1.162187587357912
5835 0.2781144410514389
5836 1.2588451963834815
5837 1.4816013711802953
5838 -1.5349229403919888
5839 -37.69246104531412
5840 5.68764370530902
5841 -22.987113497434184
5842 -41.92239152318769
5843 2.283232329223101
5844 -37.885750507627236
5845 2.7375175740408304
5846 0.19050557929149364
5847 -4.591326912171644
5848 -11.765000459236326
5849 -13.472555906388443
5850 -28.84238570825997
5851 -3.3566099113233214
5852 -16.289045582832912
5853 1.1510512858566653
5854 1.4526626260533522
5855 0.9161780444211035
5856 1.843371395659633
5857 -4.325288823362352
5858 -7.717334201860504
5859 -0.9889773287360731
5860 -1.7813146578200394
5861 -1.9612994168762816
5862 0.2593921059132845
5863 1.8667132408813631
5864 0.8942597400691011
5865 0.9793236164755944
5866 0.6331383323516638
5867 0.18930028825503542
5868 0.17716508139958023
5869 0.9739467017989955
5870 -2.2624801431485686
5871 -0.15797489153919742
5872 -0.5023208840527513
5873 -11.14168265893677
5874 0.14394963697166532
5875 -17.69293050842418
5876 -8.442190208409883
5877 -2.1976833255753445
5878 -0.34979208712495163
5879 -31.85977510598721
5880 -17.079762156564247
5881 -24.749767763620767
5882 -20.666942562243495
5883 8.794249499693688
5884 -26.528288988128626
5885 -17.958690914321778
5886 -28.673199067643292
5887 -30.704713032256986
5888 -7.687013017775898
5889 -44.470729994606955
5890 -13.960704878118559
5891 -29.913439256215934
5892 -6.597349250206898
5893 -13.923949592238786
5894 -12.906513433814835
5895 -7.246208172357292
5896 -7.069397288517211
5897 -20.877379241308372
5898 -13.157920733020873
5899 -25.113487459840254
5900 -33.47697417864983
5901 -5.74193552900324
5902 -2.91772019822296
5903 -22.36755600680539
5904 -3.2878369463894344
5905 -4.577002751200489
5906 -21.320724149510788
5907 -6.6395133870921565
5908 -10.47462512318336
5909 -9.59767672108981
5910 -16.538805110118993
5911 -14.08011664269812
5912 -22.017538242467417
5913 -17.239854120908422
5914 -30.459364896784972
5915 -18.225004082949745
5916 -21.124368878250824
5917 -37.15761072872221
5918 -6.460692429644841
5919 -17.459677441068052
5920 -12.054847383099986
5921 -8.743676212626305
5922 -19.543012340910792
5923 -8.055380493051343
5924 -32.08770181258645
5925 -45.27198822735809
5926 -15.522509117668669
5927 -1.5339367668864725
5928 11.564031948342308
5929 -9.207169119747414
5930 -9.849606582092674
5931 4.059114974968398
5932 -4.32052670758756
5933 0.3299243770190515
5934 17.470265318327293
5935 -24.873230934995664
5936 -0.1909840513758536
5937 -26.052241453246825
5938 7.655392952053807
5939 1.0360265978997631
5940 -10.702498473395972
5941 -9.449969860530691
5942 -30.18402401062558
5943 -36.42989828109246
5944 19.723333831249764
5945 -28.756708091598995
5946 -35.93702656010428
5947 -7.956982872192748
5948 -27.463302255435845
5949 -36.47717515943034
5950 -45.58777919648972
5951 -5.993504340723884
5952 6.6114280493026305
5953 -22.2146442631635
5954 -29.514639641069078
5955 -30.51606314658915
5956 -27.027125602693705
5957 -29.604118478363233
5958 -25.28637478329154
5959 -28.398017191996477
5960 -38.170626523506655
5961 -25.58272788121074
5962 -29.164682177507203
5963 16.61341155595772
5964 -24.346439912322822
5965 -19.072617766504845
5966 6.330211808103486
5967 -16.14559187860621
5968 -14.22007296088108
5969 -37.33551912937008
5970 -33.97560672981737
5971 -5.673584298835048
5972 -18.271101336130524
5973 -1.695394091427006
5974 -6.941946296580281
5975 -28.86016046418648
5976 1.2277005138543609
5977 -30.176708131429624
5978 -8.69786889963987
5979 -6.466554859078169
5980 5.122262640200206
5981 -3.603445460322837
5982 -0.3727871649750159
5983 -3.930409873470635
5984 -17.654426528118492
5985 5.500550222153834
5986 -24.073085944317572
5987 4.63302772938885
5988 -35.35294862917086
5989 -17.184654379368002
5990 14.697706127612328
5991 -9.514564830283925
5992 -20.79956486101379
5993 2.6624013965368793
5994 14.137993265254336
5995 5.879355541617551
5996 1.4389857787780056
5997 -10.08327048042789
5998 2.2332995069368917
5999 -6.317720862050919
6000 0.018893499034311388
6001 7.843384325390507
6002 4.1267475829790055
6003 5.054566931754671
6004 5.145258007282828
6005 4.017744523109577
6006 2.7480130204373565
6007 2.0952309197974683
6008 1.0246368332034035
6009 1.231540135023679
6010 0.7631683688817429
6011 0.35779050180281047
6012 -1.7108179903996643
6013 1.4950160670514743
6014 -3.840894949500798
6015 0.5154680229598307
6016 0.6109643436108309
6017 3.9672209250723243
6018 2.945917070264404
6019 8.499312318698648
6020 1.776622011212603
6021 -13.557101947001938
6022 -16.108797709200008
6023 -22.959674226551577
6024 -19.380109864493132
6025 -24.70811103892411
6026 -5.080036947325716
6027 -11.392355610719969
6028 -22.307478947881755
6029 -26.303776110252947
6030 -15.906971062156662
6031 -7.4258237808116245
6032 -2.8710165366926232
6033 -0.6502074956260913
6034 -3.0057200181580264
6035 -12.422193274942256
6036 -6.138118858759117
6037 -16.972156199462333
6038 -19.315386761908886
6039 -0.8415285675172345
6040 -0.727944108867814
6041 -0.8527232378334156
6042 0.44726518875017063
6043 1.043533227371372
6044 -2.952924582624837
6045 -0.16828112929768393
6046 -4.983676798540983
6047 -7.933163136159855
6048 -14.171097077147424
6049 -1.300162199188926
6050 -12.573533567554259
6051 -0.04472118295554537
6052 -3.2151577890606133
6053 -0.38458178224158474
6054 -5.978905195408879
6055 -1.1895694525980798
6056 -3.9760024130306557
6057 -14.238223140667106
6058 -5.409100967001723
6059 -8.987057021939837
6060 6.55671111552685
6061 -6.804710468943377
6062 2.126592018481606
6063 3.1442800029882347
6064 -16.61057316242732
6065 -48.54773213025954
6066 -25.22418074422967
6067 -33.71829406839577
6068 -10.276811864298507
6069 -14.975444086156932
6070 -7.89493462318831
6071 -14.687737974632618
6072 -5.43100914259805
6073 -34.003008566144416
6074 -29.563520774463395
6075 -22.651965229417982
6076 -41.478504368526046
6077 -21.37390484842661
6078 -4.0556180719149415
6079 -28.81351537084498
6080 -5.709133136748132
6081 -10.000539514516277
6082 -24.876778397585003
6083 -24.421201892267273
6084 -29.108287658393383
6085 -18.73503305677863
6086 -29.764076424134256
6087 -4.937250145982398
6088 -5.323126850464323
6089 -24.80635129480681
6090 -29.784488983792397
6091 -25.20888189200472
6092 -36.31208401812953
6093 -26.468612724095145
6094 2.201936863807059
6095 -11.200973850537267
6096 -17.141613769550894
6097 -1.7010569869008032
6098 -26.132715826745553
6099 -45.90969908213912
6100 -41.38786780631475
6101 0.09244777860702015
6102 -44.86696967135795
6103 -63.596929353200686
6104 -31.700800918770256
6105 -15.50770021135555
6106 -15.099068098914577
6107 -24.49374269253458
6108 -23.064336523512612
6109 11.546303023139771
6110 -44.5599269031678
6111 -21.918945720986375
6112 -23.9557432989082
6113 -9.547726629092649
6114 -22.524472649770615
6115 -35.55952050698543
6116 -15.729288243246993
6117 -27.97281300595627
6118 -28.627791878415156
6119 -36.24427493894574
6120 -41.427312997099655
6121 -33.376099884674915
6122 -42.90787937344197
6123 -20.423634698504173
6124 -12.777654533606691
6125 -10.130861417585693
6126 -41.31865448621625
6127 -1.1898688448000758
6128 -13.280482057625195
6129 -21.77353346586082
6130 -23.953501468588072
6131 -29.40676584057859
6132 -21.273522819840146
6133 -37.967505527071914
6134 -26.535879461344884
6135 -37.148716355824
6136 -27.655286082671665
6137 -35.62433218212624
6138 -39.582689418224184
6139 -9.20700142945003
6140 -32.66144040969419
6141 -36.1917822737385
6142 -13.757652775194147
6143 -20.99878795732293
6144 -15.010494963889068
6145 -9.350735616247256
6146 -26.86666873356924
6147 -33.190301806750355
6148 -9.086756032054108
6149 -25.516973161912464
6150 -24.83923656763407
6151 -8.904980704437039
6152 -33.76789710378871
6153 -0.7113034366069769
6154 -30.614650074368694
6155 -54.579082135523784
6156 -15.282495250515494
6157 -17.322474035558407
6158 -44.41668613868926
6159 -9.17789827386674
6160 -13.37741880134141
6161 -31.4870441897244
6162 8.850099360204913
6163 -40.56804460340136
6164 -20.65553533407845
6165 -2.290148663125874
6166 -38.70164049877028
6167 -36.2817689135448
6168 -22.814293713997177
6169 -15.117448106260417
6170 -15.44535363160452
6171 -44.431101287168424
6172 -23.07513165134369
6173 -10.441723639292467
6174 -33.088080677503164
6175 -35.311030528100964
6176 -12.725757277487574
6177 -21.050286344896886
6178 -6.237532371066481
6179 -20.924097569456645
6180 -10.1416406235857
6181 -23.971279987345916
6182 3.376190382610803
6183 -2.135747481328581
6184 6.953560772509081
6185 -7.5523032658609734
6186 -10.735495957223174
6187 -22.4174330605616
6188 -2.6111841682814703
6189 -16.419829457690504
6190 -24.431651603414647
6191 -5.575500832271209
6192 -15.304954063123295
6193 1.50367289296948
6194 -10.85440590612372
6195 -6.60032552342469
6196 -3.6466948623493955
6197 -21.118152638773463
6198 -17.99430912311931
6199 2.9671138601332494
6200 -5.516664280553959
6201 -14.219174009244162
6202 -1.6549008791067172
6203 -13.030811585885967
6204 -18.938948024664278
6205 -3.910365984232194
6206 -3.4826276183422307
6207 0.6826548198159434
6208 -26.77666356883885
6209 -3.8072645237469986
6210 -11.62090686588548
6211 2.0966616942892142
6212 2.0613351610813697
6213 7.506901089061139
6214 1.581676771134662
6215 -14.096007916210802
6216 -5.488655454604159
6217 5.283413431583467
6218 1.5719124877947614
6219 1.3735941333898518
6220 0.2786737662719679
6221 -0.0723482163134031
6222 -1.918635003141535
6223 -0.15287498302626773
6224 -0.04910247211897513
6225 0.4502154113812139
6226 1.8280962773528882
6227 -0.4050891849058098
6228 0.08675950367833138
6229 -1.2989510224103287
6230 -1.4009799552190816
6231 -0.40539031531123326
6232 -0.7764743273517525
6233 0.7114042636381055
6234 -2.1128233216167427
6235 -10.135239134867442
6236 -13.929081821787985
6237 -2.936978315613087
6238 -7.426630009545188
6239 -3.7379684185511723
6240 -11.929705854164203
6241 -7.287772558857978
6242 0.8795501191494987
6243 0.5912934632804536
6244 -6.382707174686657
6245 -9.134333268574556
6246 -7.01636681643009
6247 -23.980384505949623
6248 -7.174174593328935
6249 -4.5609365509603235
6250 -11.872848304614891
6251 -7.692124405732466
6252 -14.243301820071938
6253 -17.77237799402079
6254 -18.793768107524812
6255 -15.718326194533292
6256 -28.94585535617458
6257 -43.34848613668
6258 -28.731452852262446
6259 -10.896065812378511
6260 -13.311701322840964
6261 9.50692707737282
6262 -0.6356348838881241
6263 0.12763199816428825
6264 -17.903602611558455
6265 -10.985966002539062
6266 -14.758233580597588
6267 -0.04940620561741525
6268 -15.837349705121742
6269 -23.019523679109117
6270 -16.53863134312982
6271 -0.754094823434425
6272 -5.0788901261951835
6273 -3.879262114382582
6274 -1.9250795257330173
6275 -3.6904576605896
6276 -5.067321188949718
6277 -4.043190706479509
6278 -0.9979214889473224
6279 0.19416795706478296
6280 1.065459152860858
6281 -2.983239591734746
6282 -1.6776916969934246
6283 -8.069374002239638
6284 -1.6624398324226786
6285 -4.937867938300769
6286 -13.836045390340733
6287 -8.65131836007189
6288 -16.124626266985143
6289 -7.031676670724555
6290 -22.01150657829101
6291 -24.831679959899773
6292 -8.655803464066848
6293 -16.28447624757784
6294 -16.416852701482423
6295 -9.752574029389798
6296 -15.752667040033993
6297 -21.598657491668128
6298 -21.298562415244522
6299 -24.052003777592034
6300 -26.12775621006338
6301 -12.900746622418518
6302 -5.691429874616879
6303 -13.974252915814867
6304 -12.69358531954087
6305 -21.913617818591884
6306 -24.031359267463266
6307 -12.821079440825851
6308 -12.277476966703398
6309 -8.378578323270776
6310 -6.840004874872684
6311 -8.094131281395239
6312 -7.96498939099838
6313 -3.7173232344824645
6314 -20.044324086954585
6315 -10.356714759193128
6316 -20.678510921023843
6317 -19.31655394164176
6318 -6.464302995477192
6319 -16.472078690175405
6320 -19.081323029047926
6321 -18.353161538044514
6322 -13.834350919999125
6323 -15.429150326707894
6324 -12.013742747193755
6325 -9.670165417375538
6326 -7.579394806199416
6327 -6.212999707668496
6328 -13.599229806261866
6329 -15.968128561934863
6330 -14.128349204375409
6331 -15.245986772673932
6332 -7.576503730222321
6333 -42.3934260821926
6334 -25.781385769365297
6335 -29.453988879539537
6336 -14.023648217645677
6337 -32.863283169518255
6338 -19.081870773733826
6339 -1.1770751256134826
6340 -51.07269218959918
6341 8.86284396882649
6342 -12.75681907944454
6343 -10.981353633410762
6344 -9.300573353916697
6345 -2.5151077819083003
6346 -9.97637088820091
6347 -6.5113997352853765
6348 -4.340232130147924
6349 -2.4798685660438786
6350 -9.940957228599292
6351 -6.706067003219069
6352 -7.7697476510440175
6353 3.3849409928875684
6354 -39.33739598982677
6355 2.7888136308045066
6356 -9.595055414846284
6357 -27.742633854482847
6358 -42.91063537219859
6359 -36.35974963344881
6360 -4.203734028057807
6361 -24.918945527886827
6362 -21.48358272716563
6363 -38.0737629163143
6364 -35.974136040735466
6365 -14.909398463491817
6366 -17.886455779514073
6367 -18.463583314496937
6368 -27.095195578068523
6369 -21.981783119963076
6370 -23.291881246570266
6371 -4.0878908568927725
6372 -9.4859875163385
6373 -12.21144948425499
6374 -29.239531382128334
6375 -6.47391328634898
6376 -33.69679450820098
6377 -16.662106959928934
6378 -0.9797708261710067
6379 -37.864274585875826
6380 -32.84743512363653
6381 8.238244750358135
6382 -28.069673237832756
6383 -28.572667295218416
6384 -34.775125436533855
6385 -16.606659441561643
6386 -3.2366562849919136
6387 -16.53190276608613
6388 -18.214191974640272
6389 -28.28443668993612
6390 -12.057963173117605
6391 -26.17030358570337
6392 -19.29122228594031
6393 -27.369828841331763
6394 -21.524181877228255
6395 -23.363829339125367
6396 -1.3929617604039959
6397 2.708113866517233
6398 -0.584173835394904
6399 9.748626729466633
6400 4.635482788689696
6401 5.558858904797234
6402 12.49517520259702
6403 2.4599536745260413
6404 -2.3247586044202033
6405 3.7639952461083883
6406 -1.9298638309803209
6407 1.4130547602074512
6408 -10.48158390968616
6409 -12.225900236419548
6410 7.794384323031263
6411 -28.411634892617876
6412 2.594875405824714
6413 3.0392988229205367
6414 -11.336990683692274
6415 -21.065002814731123
6416 -8.944406791832735
6417 -33.59663516621906
6418 -46.80416028251275
6419 -6.992472885226016
6420 -43.793464922407296
6421 -17.808334767779307
6422 -14.087789516304328
6423 -3.5721249833685578
6424 1.4851376435585553
6425 1.689446464752982
6426 -15.892518768354494
6427 -8.624051600965322
6428 -2.9456672716177126
6429 6.379493065256102
6430 -5.722112200650445
6431 -4.361783791516209
6432 -8.768873271289484
6433 -2.2805689578950115
6434 -20.384008984482207
6435 -43.52199048022681
6436 -26.459458614744218
6437 3.168966268530785
6438 4.250682180957811
6439 -20.612445038039294
6440 -17.39299694732326
6441 11.186757267228968
6442 -1.7310715423533112
6443 0.9549273866022122
6444 -24.40124261899633
6445 -28.25682615687445
6446 -2.037590299775766
6447 -17.619404789864493
6448 -34.63051063207415
6449 -12.67548965307171
6450 -13.742974801370874
6451 -16.07671635124585
6452 -22.47401755772822
6453 -18.58028250170857
6454 4.881730552546651
6455 -1.9640373708910193
6456 -5.1458609420336145
6457 -10.203243693138793
6458 -28.10012612101389
6459 -3.6646374068561998
6460 -11.005433490603755
6461 -24.57402294044179
6462 -35.7372456830203
6463 -28.625885139457242
6464 -40.440867146837405
6465 -0.007720633483259008
6466 -17.404921912998397
6467 -8.699102748881268
6468 -31.987222913557925
6469 -27.54517016262849
6470 -28.872473978701453
6471 -30.516682486161297
6472 -26.083959352583477
6473 -23.674392556145612
6474 -28.03849632693411
6475 -10.69498933630617
6476 -23.58833903263483
6477 -40.34758033547026
6478 -19.82313531112377
6479 -13.532849766174477
6480 -20.884998856810853
6481 -23.487384171948214
6482 -0.7871301293326541
6483 -14.81577540383223
6484 -19.852487785171544
6485 -17.965523884662108
6486 -10.899080101425062
6487 -13.386073987338895
6488 -17.268084861239913
6489 -20.1272889324899
6490 -1.7714999132271623
6491 -11.357839453784399
6492 5.737066506697447
6493 -14.535946229311667
6494 -4.811045642468816
6495 -7.520867196974723
6496 -30.668825146392628
6497 -11.230666240233987
6498 -5.688303279095562
6499 6.262764932324062
6500 0.1334040185547201
6501 -4.443594579490891
6502 -11.092592635050096
6503 -6.003545150045247
6504 -8.543517985337822
6505 -18.114453404251545
6506 -14.630396842287738
6507 -14.018742825047811
6508 -19.54108399094548
6509 -16.129404591015483
6510 -5.553380584624392
6511 -20.23219948365193
6512 -17.520311800584313
6513 -18.316156551800958
6514 -27.63895618938972
6515 -21.92822420033699
6516 -22.544310835690993
6517 -16.408816756774176
6518 -11.498033894604596
6519 -29.920141684389964
6520 -29.63986858282311
6521 -19.367564787023003
6522 -25.656529934802236
6523 -21.904659573035897
6524 -22.45028572031195
6525 -11.359124924017086
6526 -19.070176792548736
6527 -11.533609266094718
6528 -8.240325837578421
6529 -21.539691647381552
6530 -9.332848455563072
6531 -18.113979470029445
6532 2.817576196798909
6533 -20.65058710136509
6534 18.374882529630703
6535 -10.508879226997669
6536 -4.921035165076319
6537 -23.034948735012005
6538 -26.642549804477166
6539 -7.609464936424192
6540 -19.94406053981758
6541 17.5700042734234
6542 -12.714817710287026
6543 -37.368768537562865
6544 -16.45990855638258
6545 -21.822258003694007
6546 -7.724349046125862
6547 -0.09661380854566232
6548 -10.60343317462306
6549 -0.22389961780339945
6550 -8.59240683815253
6551 -10.262423153921555
6552 -8.74253392654995
6553 -0.9842485982610378
6554 -4.820023089696915
6555 -7.517939458664914
6556 5.571474512890127
6557 -8.692888438556983
6558 -21.126035366044526
6559 -20.673527761373116
6560 -5.056081263566593
6561 -15.070786223390169
6562 -12.98331665147256
6563 -6.762313418414997
6564 -9.175074445863283
6565 -12.057809472690133
6566 -5.67676029696202
6567 -3.3122529592081262
6568 -1.411211321058363
6569 -4.695952159284498
6570 -10.086419652937185
6571 -3.3960552958659536
6572 0.7755323418416082
6573 -1.00866364509915
6574 -23.564574101959444
6575 -35.240240449695555
6576 -5.133160428740666
6577 -25.79675611819359
6578 -28.62074924535962
6579 -19.170268689991207
6580 -36.26995634981926
6581 -22.978316284210596
6582 -42.70076998078817
6583 -26.785701125893393
6584 -12.290894462233409
6585 -23.06240566592911
6586 -27.399541589630825
6587 1.6921190016642504
6588 -14.777513311803196
6589 -7.393971669144085
6590 -11.065429019643197
6591 -26.29864899422304
6592 -30.915572990533256
6593 -5.754667206402227
6594 -2.861702358181792
6595 -7.935931001875579
6596 -2.1291558179917045
6597 -3.8939384454772514
6598 -8.23773183713478
6599 -0.17214477361776517
6600 -0.7891722347436007
6601 0.8940790230743005
6602 -17.315645501989348
6603 -19.61952764581016
6604 -26.491006024124655
6605 -9.36536457498034
6606 -17.332398385250126
6607 -23.59336242649995
6608 -2.0881907971682083
6609 3.3230394971130592
6610 -18.373423486166576
6611 -4.860025095276069
6612 -21.98700102974326
6613 -14.747186146501626
6614 -17.347991614440687
6615 -24.1976503925235
6616 -20.910347010000404
6617 -32.1964411794141
6618 -3.887482732674689
6619 -5.00052886891237
6620 -4.316301921318518
6621 4.211093033793731
6622 -11.857537197915372
6623 -18.37083826659873
6624 -18.065625722718686
6625 -4.646421681950305
6626 -3.0685139030792925
6627 -4.371978301265044
6628 0.28016745024899137
6629 -30.033380437123125
6630 -21.97156825441998
6631 -34.78994070877132
6632 -11.495123521480563
6633 -0.8222820278536528
6634 -11.403797670347558
6635 0.13890057722717755
6636 0.09081814690376631
6637 -3.719569403290952
6638 -10.247257736188477
6639 -5.545782681220298
6640 2.1195323066647687
6641 -1.4478226505589555
6642 0.2204544255998917
6643 1.0295614274733815
6644 1.6460287939639238
6645 1.1596961493407434
6646 0.45564163038055994
6647 1.2877059835079125
6648 1.2798452547597117
6649 2.4623796926316572
6650 2.6730675238392725
6651 2.2557281214192333
6652 -24.68129718430544
6653 -8.44593942334439
6654 -7.072438397565274
6655 -1.3727597311587305
6656 -31.6389183354353
6657 11.001067446523376
6658 1.5116752642364009
6659 -4.153276714821695
6660 -0.856487214860681
6661 6.909214142907294
6662 2.2710974087921203
6663 1.153497760847531
6664 2.393784743316646
6665 0.1139411610190291
6666 0.3079386309356778
6667 2.2538796614175953
6668 1.4697459701473417
6669 3.601214146273851
6670 3.3900215087787364
6671 2.456700490619405
6672 4.000404143938795
6673 2.1383585577254416
6674 -28.14899838086567
6675 -6.39624624055752
6676 -14.53319457185149
6677 -23.258156940982882
6678 -1.4541115407618053
6679 -5.82735408315144
6680 -9.912856356494158
6681 -18.099900763600452
6682 -12.036282123705169
6683 2.2632549157354513
6684 -26.11900116020726
6685 -20.38594206045134
6686 -27.23637841077987
6687 -25.679335997771997
6688 -30.976343488725398
6689 -33.61458948221014
6690 -6.807891774347372
6691 -8.861127887477487
6692 -0.6186227443568351
6693 -4.555906690079865
6694 10.203749176174314
6695 5.003205264129792
6696 8.39669241638112
6697 2.031355052384024
6698 0.4712103534300695
6699 -2.968444195109332
6700 0.7619834364476264
6701 -3.464211044138501
6702 -15.693045196650637
6703 -6.345702379392751
6704 -5.831145559736323
6705 3.795001375010179
6706 -16.129911329264143
6707 -9.460024850671616
6708 -1.5342066349029482
6709 2.6821426137322852
6710 -1.207847956164769
6711 2.855255325164035
6712 -8.535970832419261
6713 -17.189608110308036
6714 -6.00894589692296
6715 -6.878981343237683
6716 -8.10815344707138
6717 -12.154909177891822
6718 1.8155054674416897
6719 6.910440371011209
6720 -15.909324429536792
6721 -11.109809997717239
6722 -19.55366052175421
6723 -11.898362412706483
6724 4.860199440730358
6725 5.449454948946659
6726 3.9897979327051143
6727 3.143023189243395
6728 4.254027121787221
6729 -23.750690386242642
6730 0.7543451050714066
6731 4.426776953066582
6732 4.557014627683966
6733 -1.162136836872378
6734 2.9352724584945826
6735 1.3818775628843287
6736 3.8394409184649705
6737 4.234463437220402
6738 3.6673744903651824
6739 3.182469730716257
6740 4.131768179993378
6741 3.4031847632746213
6742 4.205954435512103
6743 2.978739239848655
6744 2.6859795335256784
6745 -22.52132299427103
6746 -3.4333312143894728
6747 -15.891949892843405
6748 -19.6874428593021
6749 -6.368604540581727
6750 -2.2614478496865194
6751 -5.975727172654006
6752 0.5748053345168591
6753 -4.075715994288039
6754 2.3766289394468187
6755 0.4913424333257717
6756 1.69879373652293
6757 2.91314063312122
6758 2.9385347125095724
6759 2.597161519615038
6760 1.5227814574708463
6761 2.670375302265602
6762 -4.901178457039932
6763 -4.741936041727022
6764 -4.511713569955901
6765 -2.048073297939991
6766 -14.842027428420261
6767 -29.433685349323206
6768 -3.4317242551490197
6769 -3.0732511223894834
6770 -10.34112259145797
6771 -10.288997824447579
6772 0.8198956626892323
6773 -42.52013365940642
6774 -28.604647635191796
6775 -12.638064086184604
6776 -41.62518791025664
6777 -16.36528040796984
6778 9.785959090460091
6779 -32.90038898560102
6780 -10.55084055289044
6781 2.169520026975224
6782 -18.44656336007043
6783 3.932286891677213
6784 1.9221035417477832
6785 1.6778686483488128
6786 3.688510013477353
6787 3.3683510739203486
6788 4.142180552060017
6789 2.8363238103009643
6790 1.4600396765311598
6791 2.6105484266960413
6792 3.238680733176443
6793 2.18835698806477
6794 0.6537104781794187
6795 -12.895824535766733
6796 -5.311698008483799
6797 -1.4885575545900793
6798 0.04942665969458176
6799 -6.5846977491960565
6800 0.6438211508998938
6801 0.0001757944251585286
6802 2.655656614045729
6803 1.966428074543801
6804 0.9853087759880873
6805 1.8530693941983918
6806 0.9484049986749596
6807 1.8575604794103129
6808 1.2498743116455444
6809 1.8686990947720188
6810 2.165296299353504
6811 2.3725604566982654
6812 1.296905538875435
6813 1.4236975382990205
6814 -21.320215386634228
6815 -6.954000262784102
6816 -7.418716696633201
6817 -13.58017585336027
6818 -10.008131821410789
6819 -3.92952095792265
6820 -5.087441107037594
6821 -3.738076672962052
6822 -5.78670157670218
6823 3.6258987747039644
6824 -22.492793440202657
6825 -7.771227440625953
6826 -24.12087525288851
6827 -42.03173884281059
6828 -31.262268200080143
6829 -9.72071738266808
6830 -23.20989813496111
6831 -11.511983022039786
6832 -6.9993978062468525
6833 -5.035773681286373
6834 -16.970602694891422
6835 -3.2117367182907763
6836 0.6416969371396408
6837 -0.21780070565335335
6838 -10.014784656029514
6839 -9.201309296215186
6840 -6.835891816613294
6841 0.8142563073759084
6842 -23.543792487174215
6843 4.29610297815656
6844 0.2126864197550458
6845 1.4144273568339123
6846 0.38145807904584217
6847 -1.909332691589807
6848 0.8730990368759376
6849 3.6723602559170105
6850 2.496356694807473
6851 -0.28788789278260085
6852 2.339360740343691
6853 2.2931618879089366
6854 0.01563963837965275
6855 1.3709037454944337
6856 0.7294869988846767
6857 2.4834822179595357
6858 -0.08266574256587773
6859 0.6212825438032451
6860 1.8060735768961604
6861 0.5592266736613237
6862 -0.08192937051513581
6863 -0.8291149981939816
6864 -2.7523027436276606
6865 -11.50983372086528
6866 -7.898831169817859
6867 -3.4675572401810495
6868 -4.459396025233873
6869 16.07398775376394
6870 -10.471787111552258
6871 -22.38361130606703
6872 -14.899993878746173
6873 -13.584195899483747
6874 -2.535327855895448
6875 -3.4791050494094087
6876 -0.7824327595294744
6877 -11.729187158866699
6878 -2.492018344042444
6879 -10.46147199744315
6880 -0.4343821275922528
6881 1.0253578646962704
6882 1.7329133415818796
6883 1.8881676442921163
6884 1.7226822649751556
6885 1.6236649198370288
6886 -1.1715666999819223
6887 0.9719344098061264
6888 1.3719145206158283
6889 6.056691691438464
6890 -18.40530801434521
6891 -15.419051628753804
6892 2.017129398967372
6893 -9.795339461105323
6894 -4.41294447901877
6895 -3.9931438423231884
6896 -6.226899435306113
6897 -4.927593830628902
6898 0.2780272191828408
6899 1.2590866016698419
6900 -5.226042968810797
6901 1.5559321615433146
6902 -2.4106610334046126
6903 -1.6108091644789966
6904 -0.17737271667880122
6905 0.7873203011431906
6906 -1.2353073947000666
6907 1.1831068852647149
6908 0.25531648220945496
6909 -2.0755841637088452
6910 1.519875717683899
6911 -6.634874099679437
6912 -11.145639702908229
6913 -1.0521799245337025
6914 -7.876482156066632
6915 -1.4788449905243761
6916 -15.08718346292866
6917 1.9017801359193982
6918 2.0064760091298375
6919 -0.0474550877144793
6920 1.1758724404781242
6921 0.8740510528588493
6922 0.50972012400307
6923 -3.928210209326062
6924 0.9438070069320383
6925 -0.3444936134411546
6926 -2.46118926477895
6927 -9.324360766105237
6928 -1.0929977119450631
6929 -11.408526690055151
6930 -3.787380316152994
6931 -0.05492013228373253
6932 0.9693269024828624
6933 0.39366468422173057
6934 1.559338467412308
6935 0.6609078731178306
6936 -0.2668663188737992
6937 2.3634756227569595
6938 3.3188825372827706
6939 -7.952945553550235
6940 1.2025877847342052
6941 2.830897108311328
6942 0.3994993248648825
6943 1.5464585878125217
6944 6.179973373595712
6945 2.9740350183227564
6946 5.488544883524737
6947 6.49091857415755
6948 -14.380810408050893
6949 5.326551296550024
6950 1.5106874508103647
6951 6.083512397779851
6952 2.235688475194329
6953 2.9460584207424834
6954 3.717556726590701
6955 1.6526812410671845
6956 -3.6497668490790236
6957 2.6887381353753153
6958 -2.583354132981476
6959 -8.923726388786017
6960 -2.4205857706117966
6961 -5.339618163594132
6962 -9.312563930453035
6963 -7.228159400875593
6964 -2.112768903774704
6965 -22.227660573479806
6966 -20.38438440834172
6967 -26.384520065343676
6968 -30.16647261805163
6969 -8.415821437767736
6970 -23.558134111614052
6971 -4.711020512817777
6972 -5.403467884946004
6973 -4.198955223845259
6974 2.223411434870504
6975 -7.025731745426456
6976 -18.380594830518238
6977 -39.944457802783
6978 -2.853410532518901
6979 -11.437750935797085
6980 -6.321200399918598
6981 -6.074841486517107
6982 -31.600436932117592
6983 -27.743303750782797
6984 1.1163546056840277
6985 4.626743371432094
6986 3.243283453731274
6987 -15.105278258892067
6988 5.0856517936899035
6989 5.005913210968719
6990 -25.010902967450384
6991 -25.90628743465233
6992 -4.235769558096072
6993 -3.378377988846623
6994 -12.378085832241196
6995 -12.387407056232478
6996 -2.4139156662821186
6997 -8.967381028090166
6998 -5.896474683154666
6999 -16.521791718182648
7000 -19.7355319475905
7001 -7.284924805986666
7002 -8.100921026912692
7003 -6.510528089448344
7004 -3.531871634697018
7005 -1.792601377099636
7006 -7.220866772607551
7007 -0.9474382205992878
7008 -3.515233663812105
7009 -3.8557382997609966
7010 -0.6050099663050788
7011 -1.2778127979222336
7012 -1.1292132589838002
7013 -3.064685281171405
7014 -1.7296319841776857
7015 -1.8155016091355356
7016 -2.3967610193425206
7017 -2.9181853515692637
7018 -1.944930833825638
7019 -1.9152646856653155
7020 -1.4148229455380352
7021 0.42929302458302115
7022 -0.5374667030738783
7023 -1.062241572639614
7024 -5.074867665120255
7025 -3.50093970096641
7026 -1.7411988013204245
7027 3.4234237468932407
7028 -0.7572815315902699
7029 0.9161261341972567
7030 1.1003723474714207
7031 -6.7765471731513385
7032 -9.260041741060268
7033 -2.8961479844946005
7034 -2.0584232435116427
7035 -11.69825030537453
7036 -8.469771509326675
7037 -22.746535098874446
7038 -3.367616052557569
7039 -8.332465634057298
7040 -6.268311084551824
7041 -13.581295079458359
7042 -12.853684615789971
7043 -1.6799085381822079
7044 -1.836825181147433
7045 1.1866587874334074
7046 -0.8149236960576672
7047 1.4710048085200833
7048 2.4260026302702316
7049 4.331470711559377
7050 2.9723090946425508
7051 2.6962964813130386
7052 2.507740090771404
7053 3.4403767397705813
7054 3.260835424770339
7055 4.415916217182384
7056 3.579336559126532
7057 3.432362889060023
7058 3.349732651896629
7059 4.088966566127347
7060 4.265647197033686
7061 3.6779976820772573
7062 5.11844173771271
7063 5.083007621225843
7064 4.28488823566251
7065 5.669110385051172
7066 1.8034886465608724
7067 -2.7111570058093637
7068 1.8611377582258137
7069 2.4593907802319155
7070 0.7463817156138248
7071 1.6750392266438576
7072 5.319144912836346
7073 3.872235880532244
7074 4.80037208497859
7075 -3.3479776870211935
7076 4.85247012465421
7077 0.8144325847913569
7078 2.9455443477808148
7079 3.7344246177021705
7080 3.255012170904083
7081 -8.160991719911982
7082 -15.93109019039155
7083 -7.632702961198229
7084 0.1729644137561263
7085 -4.756386117143556
7086 -5.378031448432448
7087 -15.867543624073004
7088 0.21918931677762885
7089 -2.5522336673608517
7090 -11.057950951184612
7091 -7.395688814756577
7092 -20.746940881417395
7093 -13.648864488751133
7094 -42.95004718049182
7095 -22.083775193873297
7096 -37.46579848436464
7097 0.36084917260246585
7098 -16.601374283807818
7099 -51.69301538551459
7100 -19.092600001471148
7101 -36.501374657811105
7102 -35.1522247107375
7103 -27.22444891005056
7104 -34.956753143223324
7105 -20.311436441643746
7106 -24.56141206116081
7107 -9.243008667269605
7108 -19.400440700509353
7109 -27.204262316837994
7110 -9.662410629177757
7111 -13.050254183102224
7112 -1.5379736980135204
7113 -10.15989549151709
7114 -0.2185296503243444
7115 -18.308823400085966
7116 -13.030310733379446
7117 -15.84778533092438
7118 -17.02873365395659
7119 -0.05607148566035903
7120 -13.163389502903156
7121 -17.544273462752315
7122 -8.347398812087194
7123 -20.33053005029462
7124 -7.650861149637203
7125 -11.328361548281537
7126 -14.6494836974988
7127 -32.69882844374282
7128 -11.306916405928787
7129 -46.695580984845
7130 0.43409961758574356
7131 0.4155188266834011
7132 -5.791031340349146
7133 -41.6515066043532
7134 -10.639055050777097
7135 -16.7997715650039
7136 -0.21920668477148866
7137 -16.213752164741017
7138 -3.2932798594427
7139 -2.507767975036404
7140 -5.676507504898764
7141 -3.7806568554366824
7142 -1.3394857213500655
7143 -5.8932284464455735
7144 -4.409750441766082
7145 1.049995696421829
7146 0.058205058761523105
7147 -1.6727193428463942
7148 -0.5770747598694288
7149 -0.3741561925278802
7150 -4.045119250202552
7151 -8.898287733886827
7152 -7.246866973920987
7153 -15.86302561776858
7154 -11.722081133335596
7155 -16.441209665930074
7156 -26.605745503507205
7157 -5.8324986654581155
7158 -1.9743201639638572
7159 -2.4467936043963707
7160 -6.09942248825726
7161 -10.746697192837601
7162 -14.344801339361148
7163 -11.740823827076092
7164 -2.511083683720935
7165 -2.3237024815651237
7166 -6.948519142952428
7167 -1.4120601961496868
7168 0.2744113488815492
7169 -2.2673900708006114
7170 -9.325480281435885
7171 1.982470540865761
7172 -13.649198616940849
7173 -27.2730952961235
7174 -20.643042262306988
7175 -22.832140255759587
7176 -43.906665754786516
7177 -50.123355819968126
7178 -18.09480471620176
7179 -19.260951563108684
7180 -31.268826767349818
7181 -34.01504854528641
7182 -43.535473196294475
7183 -33.00389597259637
7184 -7.082908467314992
7185 -3.57064239412779
7186 -17.134132033735806
7187 -14.135354498350207
7188 -23.910155389877183
7189 -15.524977683849137
7190 -4.166795034574752
7191 -6.406007724238589
7192 -1.0462372204293207
7193 -1.7231627616874174
7194 6.231863587042462
7195 -6.4427467990547305
7196 0.5362301496484724
7197 -0.2614884382166201
7198 -8.91384555314973
7199 12.345450551818358
7200 2.6997371356542863
7201 2.1912794219056377
7202 11.013643589816638
7203 7.196850400556868
7204 0.5829520440622582
7205 7.574245014898625
7206 5.887663769293722
7207 3.981988243675005
7208 -21.32682364293403
7209 -14.902094164830487
7210 -8.707583297383826
7211 -6.482523512128246
7212 -12.820341232288774
7213 -13.342671561632887
7214 -14.35885505385071
7215 -23.947030799935018
7216 -34.66194853183057
7217 -24.27487901511151
7218 -17.032502356987678
7219 15.394214939816738
7220 -4.151896303300018
7221 15.345760559232586
7222 -16.29187365665799
7223 -19.832678932487035
7224 -9.448940363919391
7225 -20.229787649173957
7226 -19.81189152743449
7227 -15.000997849997802
7228 1.8912733055540594
7229 -14.727049340602099
7230 -18.34135216149327
7231 -2.530450923219614
7232 -4.979206743063259
7233 1.4390347938681953
7234 6.671462753909145
7235 -27.12827574871015
7236 10.017025034570688
7237 4.42371751004408
7238 4.3953660698774915
7239 -9.215097194752161
7240 -1.8836401831719558
7241 -10.553811423356382
7242 -26.029648428308136
7243 -33.20428759651826
7244 -18.973370784756554
7245 -42.45653846551315
7246 -18.72458131819527
7247 -36.416646451231934
7248 -17.067675481808692
7249 -13.219999952373618
7250 -17.662944224752135
7251 -9.298557975840522
7252 -6.723944709087518
7253 -29.315331442994065
7254 -19.12690727072244
7255 -26.443030017341954
7256 -42.256202992020555
7257 -13.489566981656244
7258 -27.66906712948592
7259 -42.803121848767475
7260 -11.485754635895137
7261 -32.65615631339577
7262 -38.891941048683655
7263 -28.775079798251245
7264 -28.729187964772137
7265 -35.687599038097105
7266 -40.65414048403734
7267 -25.327076883296105
7268 -30.45045267290261
7269 -41.66299449470476
7270 -31.951962468585407
7271 -15.323782434286695
7272 -18.70036194420245
7273 -28.458894402961885
7274 -21.52708597990277
7275 -39.85658206361506
7276 -27.001454418858774
7277 -10.977465963131836
7278 -15.012177468988666
7279 -21.324722104444664
7280 -10.36508386891859
7281 -18.358006436108553
7282 -15.638066015995864
7283 -17.94670082077573
7284 -9.844525776968949
7285 -16.68898160112207
7286 -15.802970074377518
7287 -41.930686339459065
7288 -28.317236282532395
7289 -0.49245809035026467
7290 -37.899153915004426
7291 -21.158867959233174
7292 -28.286274535383708
7293 -20.621097618135682
7294 -5.4861367135951875
7295 -3.6895355534995904
7296 -4.2775827800709525
7297 3.7794666157255414
7298 -2.130413210201659
7299 -37.97256163229686
7300 -25.555612991661473
7301 -14.937690858095447
7302 -3.459985387363704
7303 -30.13253209006696
7304 -8.394017950316774
7305 -22.6007274488025
7306 -14.559541636011417
7307 -15.725084969702438
7308 -18.535854535980324
7309 -15.579588775357406
7310 -1.897235789795668
7311 -0.9489855501955026
7312 -19.691855891036685
7313 -36.1948334188755
7314 -24.586445287832756
7315 -10.820767182484415
7316 -43.281343477389306
7317 -43.930228646692264
7318 0.2039991991457646
7319 -36.640635801330205
7320 -35.36988213395161
7321 -18.87798638868102
7322 -1.8374010038560664
7323 -20.53285668214681
7324 0.07852962432822096
7325 7.092861088787177
7326 -33.68273085590539
7327 2.560002928418835
7328 -8.207569854512403
7329 1.758478489391564
7330 -9.068280120246781
7331 -24.957493794470793
7332 -20.62953851088896
7333 -22.460053378967714
7334 -6.772940468433226
7335 -18.896449470356746
7336 -33.953562415545164
7337 -22.650008416722557
7338 -1.131823372208164
7339 -21.23875174793051
7340 -7.8585015957310675
7341 -13.96510623384369
7342 -5.364898102829466
7343 1.316117342551297
7344 -1.7815586690074996
7345 -8.659217876871699
7346 -4.529282524281443
7347 -19.07740013979099
7348 -27.264572485970564
7349 -25.577555515730054
7350 -32.572140166484026
7351 -16.717766645821538
7352 -17.561624745709704
7353 -6.116782358332712
7354 -45.81577383061871
7355 -9.10232398288077
7356 -24.97604303375163
7357 4.156722193449677
7358 6.357606118767872
7359 -11.448829632281996
7360 -22.811004926405147
7361 -17.22825488725459
7362 -26.810328536822635
7363 -19.286404306160694
7364 -26.394290425375367
7365 -20.91525201789089
7366 -17.06426888670714
7367 -5.280207912079058
7368 -19.33087260438624
7369 4.7967325734258335
7370 -8.530256796136381
7371 -11.071094040835888
7372 -18.14952029928958
7373 -17.720839470515347
7374 -37.817925509420455
7375 5.349633980976068
7376 -8.454050242779921
7377 -22.56779827440434
7378 -8.607918731216632
7379 -22.477897025596466
7380 -26.880337280150997
7381 -35.63257450970865
7382 -6.503355009701336
7383 -15.861954151547543
7384 3.4359389126623863
7385 -27.944669490301457
7386 -18.783083550773153
7387 -10.624034364454127
7388 -23.750072591116187
7389 -35.732842493616914
7390 -17.543663196096603
7391 -22.98498957290649
7392 -27.79858647117828
7393 -25.13980162169071
7394 -23.32444792552342
7395 -32.73831676387577
7396 -34.84767492220213
7397 -7.31257017051088
7398 -33.019020285609294
7399 -25.14672702570184
7400 -5.590023367463582
7401 -49.10198828345208
7402 -23.875943932420633
7403 -13.626552718605817
7404 -16.44314139121125
7405 -9.33883177858923
7406 -25.040333980773866
7407 -15.137181699510256
7408 -28.839312564600114
7409 -8.976169558720867
7410 -13.037011325067143
7411 -18.507283397009598
7412 -14.559654136243916
7413 -8.858846305933257
7414 -4.098337288199109
7415 -25.002560778817422
7416 -39.25043656748152
7417 -18.8099691940358
7418 -50.30335109529551
7419 -34.633192239093766
7420 -15.104035822532605
7421 -20.422550593101185
7422 0.1622963573006564
7423 -12.417443801157496
7424 -26.654047343402198
7425 -28.262011936568015
7426 -19.67631727063781
7427 -23.140383201466904
7428 -35.44545989572827
7429 -20.61789267709639
7430 -8.83492477969674
7431 -3.9107860790773703
7432 -8.353693686315092
7433 -33.217501121317476
7434 -33.06054009659914
7435 -39.95203216602662
7436 -39.76970185448547
7437 -24.80779046546697
7438 9.627396896768623
7439 -19.037052237345925
7440 -7.326468255419895
7441 -10.163919977219921
7442 -32.14964305958507
7443 -0.09950382306735264
7444 -17.273424052128394
7445 -5.988950441501511
7446 -7.822409452711436
7447 -9.791805988385894
7448 -33.85354461779905
7449 -0.0844387521831959
7450 -14.7382446876663
7451 -7.763689936280862
7452 -7.840334822982113
7453 -4.181083403718949
7454 -3.8285217126748465
7455 5.237531145586836
7456 -18.864094961736992
7457 -19.630741520606534
7458 -1.3681207329785685
7459 -5.344732446684357
7460 -4.896387010837352
7461 -20.83585084320046
7462 -23.385157541666267
7463 -13.729564062088757
7464 -28.222380816986114
7465 4.465644970454886
7466 -14.949820757673878
7467 6.242543125749653
7468 -17.318083196104418
7469 -12.801508132313465
7470 -20.562232699163143
7471 -6.8158885462966285
7472 5.693249099665554
7473 -13.809082269257779
7474 16.879106449277025
7475 -35.95785583929173
7476 -22.41004124799103
7477 -26.049660285742867
7478 6.462946222398895
7479 0.8611750343733001
7480 -6.158016573232744
7481 -23.0507130326239
7482 -0.23718579613618204
7483 -35.25600609799542
7484 -23.829373418957694
7485 10.407383566014614
7486 -24.398683837530697
7487 -22.886492380229903
7488 -12.16311763999227
7489 12.216794945592993
7490 -23.88428940089463
7491 -13.287275565973978
7492 -37.43994793422287
7493 -28.082826169815235
7494 -26.80103809223001
7495 -25.813290754429183
7496 -35.35592432392354
7497 -6.881144053008902
7498 9.821839546136616
7499 -10.699389436818164
7500 -21.471519109580257
7501 13.087910346963909
7502 -25.34724630227254
7503 -6.603989636593323
7504 -6.229290911181742
7505 -30.814561010628676
7506 21.383688330630537
7507 1.9381002728205932
7508 -10.00163635457604
7509 -36.35971325754057
7510 2.752306986641197
7511 -26.12635592292965
7512 -11.597246042082261
7513 -48.80202713012681
7514 -12.071050687996612
7515 -9.064784082082914
7516 -22.86575775309888
7517 -44.67561907528128
7518 -18.01265024693872
7519 -11.282314276171528
7520 -26.056169548689795
7521 -35.179578978137144
7522 -25.314929520248988
7523 -21.01864794800844
7524 12.91788428607164
7525 -29.967611340439472
7526 -4.548331169906014
7527 -24.87103667360294
7528 15.483830884575436
7529 -3.648627747368882
7530 -24.418328473516596
7531 -35.92220327921386
7532 -3.9131825729974663
7533 -12.24436553648091
7534 -5.336666977790592
7535 -29.570130285976337
7536 -25.7689235752754
7537 -32.730815921863396
7538 -17.174597746498474
7539 -13.23385365552953
7540 -36.80033410612334
7541 -19.8709008857765
7542 -8.090276128718397
7543 -7.7671445804920225
7544 -41.519883696735484
7545 -0.2767305587390729
7546 -12.304984263398655
7547 -29.49061236523179
7548 -8.90971888972781
7549 -1.6448733857153275
7550 -3.4021571031496567
7551 -31.23884280034632
7552 3.024325315201422
7553 -31.686866267003353
7554 -39.16584604402393
7555 -14.469209579521412
7556 -20.234218338134962
7557 -22.612469094389816
7558 0.8697216739192664
7559 -14.040863072694629
7560 -22.096009781597093
7561 -17.963253015954834
7562 -41.45367241120897
7563 -60.30175192319133
7564 -33.48465390397876
7565 -10.449696292616135
7566 -28.51927828427535
7567 -13.615092134054139
7568 -25.943655593088916
7569 -22.17487006051626
7570 9.813589692891545
7571 6.186774986072269
7572 -22.613425934659464
7573 -6.530412299850432
7574 9.049235330120283
7575 0.8285431320744101
7576 1.226314025640895
7577 10.94682058866354
7578 -11.790692004481679
7579 1.2849136116511364
7580 11.09957525375401
7581 23.66179007022496
7582 -16.858863320927775
7583 -20.229090834589588
7584 -20.53525790487882
7585 -10.577923989101109
7586 5.569914252071321
7587 -18.02150149048888
7588 -2.328693745343626
7589 0.9822560864053957
7590 -20.371659869089925
7591 29.044375030364318
7592 -39.89708743212701
7593 -13.08375338713362
7594 -3.9387970251298974
7595 -2.0961949038304737
7596 -11.49883800042735
7597 -4.578150535503519
7598 -9.042610961039754
7599 -23.442885481839475
7600 -19.793358400934377
7601 -15.5767316603371
7602 -1.1106927716656354
7603 -0.46446335255328447
7604 1.9372871923643107
7605 -31.39309066642352
7606 -36.575819975842606
7607 -17.145743521864205
7608 -36.40476191072084
7609 -33.886130787656874
7610 -22.13975569483373
7611 -9.901529695040809
7612 -10.083654586880293
7613 -13.86227348444474
7614 -15.934944958361012
7615 0.18449948551962733
7616 -2.1578929118644736
7617 -14.143908568084006
7618 -37.17271120953403
7619 -15.510097092791112
7620 -30.450550700274906
7621 -48.88846765522365
7622 -24.000673855346395
7623 -17.607726629419485
7624 2.5026904525618012
7625 -25.935944223471743
7626 2.1681976051772653
7627 -26.288927455523808
7628 -32.53848397937603
7629 -33.64597170891138
7630 -38.71445100748562
7631 -31.907524857091776
7632 -41.50854198114874
7633 -19.204924944999803
7634 -24.143751846481027
7635 -44.356494069106844
7636 -20.290109011325693
7637 -0.9014079289676737
7638 -16.431013131553335
7639 -43.82019493328131
7640 -14.620744578998128
7641 -22.868666292544656
7642 -28.7436490394501
7643 -8.138538214581203
7644 -29.32865978469432
7645 -15.939112821977906
7646 -16.25022590659486
7647 -29.94752779264367
7648 -7.834994859870785
7649 -3.1440915693811258
7650 -29.253561941164808
7651 -37.02306635043613
7652 -10.307831696645735
7653 -0.6840268379772897
7654 -14.578847993460803
7655 -14.01685663844997
7656 -34.67272031045082
7657 -28.3447850658471
7658 -31.562856701630515
7659 -41.04194245240127
7660 5.13180104976127
7661 10.210295104262041
7662 -11.649124967035023
7663 -13.44049480875372
7664 6.662456843950931
7665 -41.571388065526406
7666 -25.42155818019601
7667 -27.707747870197345
7668 -28.43258882822949
7669 4.041755394125503
7670 -49.71555309171381
7671 -6.310370536099799
7672 -5.004936978077312
7673 -12.378853275731235
7674 -34.748558679185955
7675 -24.287493558940913
7676 -44.13419909387536
7677 -3.5962963082517674
7678 -31.25180556051826
7679 -7.035298042060604
7680 -19.0647835685256
7681 -9.60495988892595
7682 -35.57583785656025
7683 -24.69084485773259
7684 -27.612138858364197
7685 -6.243459347097523
7686 -23.408381481095567
7687 2.2134536044042035
7688 -0.7731041053503577
7689 -2.8634486404643393
7690 -2.882897991120408
7691 -1.8798908727626258
7692 -4.114502383509243
7693 -7.004982260727847
7694 -19.615131018896935
7695 -16.87847987889094
7696 22.8740501544188
7697 -16.804753278491845
7698 -37.64141006119331
7699 -45.78858030351083
7700 -3.8068479025005946
7701 -3.221419182513928
7702 6.169777032976708
7703 -7.470360003758833
7704 -7.410862429284171
7705 -26.05246365686107
7706 -0.19846183060188197
7707 -30.562057739060545
7708 3.130160773112293
7709 -9.24773131824477
7710 -38.388109983165776
7711 -0.6514926766262215
7712 -21.528998214279273
7713 -9.901689182927512
7714 -22.670942670479853
7715 -35.39361329461986
7716 -29.81389751560273
7717 -1.542360485403624
7718 -1.236165918364859
7719 -14.036539290264628
7720 -5.811503625126352
7721 -3.686851823569159
7722 -13.71333518678759
7723 -26.253163650426576
7724 -38.01067282074917
7725 -29.035050815764553
7726 -18.896700234984017
7727 -43.551189060089385
7728 -2.601761058611737
7729 -26.229765553684555
7730 -19.618546877864574
7731 -38.48084441931802
7732 -20.667029688637268
7733 -4.847448758225073
7734 -14.26422893568204
7735 -32.99083469925375
7736 -14.820447590746335
7737 -26.474550219205412
7738 -32.07284707835745
7739 -42.510378639932604
7740 -12.555410499810387
7741 -20.957126312864713
7742 -15.365273302364221
7743 -17.844304088053033
7744 3.3800241180379818
7745 -7.176101786364016
7746 -2.96190733712996
7747 -34.71535809232562
7748 6.417468404265091
7749 -13.949694684820424
7750 0.37917283014510755
7751 -2.3908443658248872
7752 -23.693636680857743
7753 -5.14453909870077
7754 -23.48676338621328
7755 -13.343851571497362
7756 -36.972840215447796
7757 -18.138417287613265
7758 -4.211501553720446
7759 -15.376350743635994
7760 -18.426970345075823
7761 -4.730355043764721
7762 -2.7155133030333674
7763 -1.080124585785088
7764 -19.030832235037234
7765 -28.706348904018085
7766 -25.936594819816673
7767 -9.544813939300075
7768 17.02330878283712
7769 -12.943481083785736
7770 -32.13670027330809
7771 -17.646513021448772
7772 -12.396756644670967
7773 -12.708242741004069
7774 -11.704677361689246
7775 -0.9494184779803618
7776 -16.65884827498754
7777 -39.35314523611334
7778 -30.831843885874115
7779 -28.018967572112743
7780 -58.47628727459538
7781 11.868940371208446
7782 15.645448564700345
7783 -26.78882231866286
7784 -25.361154324987584
7785 11.689783454701246
7786 -39.103524838111625
7787 -32.56557291381338
7788 -11.126110462288489
7789 -5.930166280190315
7790 -22.67629257139721
7791 -1.7024710729547952
7792 3.0500768719903135
7793 -10.163809597090149
7794 -14.153904801894532
7795 -42.7053933491779
7796 -10.767995388202689
7797 -15.220523319593049
7798 6.599884873411356
7799 -10.871061435952143
7800 -27.14886371808607
7801 6.1040911060977665
7802 -28.78642469820421
7803 -25.675194089267023
7804 -15.633722936418925
7805 -0.5349840459325059
7806 -10.769761641572114
7807 -15.968627485288307
7808 10.800953890220553
7809 0.3985742271663912
7810 -24.606586628786463
7811 -10.396283353997132
7812 2.523108704204351
7813 -9.675973524441652
7814 -3.8257323314265523
7815 -12.458303462703771
7816 1.0619220127849258
7817 -0.30592344661723475
7818 -43.60196120436827
7819 -1.3542402070130628
7820 -22.521757081794203
7821 -8.724590034163265
7822 -16.053771639173938
7823 -1.671317222034413
7824 -2.0029029761359562
7825 -35.8194614218481
7826 -33.132346355685875
7827 -21.032014690244832
7828 5.724002147271531
7829 11.064232026492245
7830 0.025716820801171707
7831 -9.225121408302511
7832 3.24766946889853
7833 -34.429055163068696
7834 1.7456171347158669
7835 -38.2251563715552
7836 -47.5343286599491
7837 1.8067603553915978
7838 -22.528300308506005
7839 -14.718454649138438
7840 -29.566360133974378
7841 -3.5024521036252554
7842 -11.65714258057691
7843 -19.48146272602724
7844 -7.000176439947973
7845 -2.107981414161186
7846 -11.854635894899692
7847 -22.01323732625795
7848 -3.8596074423077518
7849 -0.6451670229996671
7850 1.8812677124026231
7851 1.8279341835650849
7852 2.8862468857307975
7853 -0.14073794249256025
7854 -22.372273931776725
7855 -3.5217819085683733
7856 -36.82665203080513
7857 -23.606155373463697
7858 -19.283544492572545
7859 -12.847448017710267
7860 -19.66079823661843
7861 -16.184548662308806
7862 -48.83610370131253
7863 -42.010932334368846
7864 -29.895314742309274
7865 -39.09936874878709
7866 -9.882123858440172
7867 -27.616232041011536
7868 -21.970227015657294
7869 0.23895812619739445
7870 -10.502330403776286
7871 -35.63571548261534
7872 -5.68590996954168
7873 -5.1278450700533
7874 -12.826308156109736
7875 -28.298087773049193
7876 -1.3282074937137076
7877 2.0070197017518514
7878 0.17970630392170278
7879 5.748828704644839
7880 5.2061409102326435
7881 3.9990493982964836
7882 -0.5074765582875989
7883 4.377429604870558
7884 -6.830271564689173
7885 -34.11788389777838
7886 -5.950714787574689
7887 1.7799681117803265
7888 7.259943871437863
7889 3.3648372830552398
7890 -1.283549604950822
7891 -16.04631817233123
7892 2.316543099647388
7893 -5.1144644334218174
7894 -2.588397017751267
7895 -23.662303564721515
7896 -4.427991507969128
7897 3.807214157968847
7898 -30.77668408931553
7899 -26.684141303020006
7900 -16.01809100388142
7901 -38.21271366556189
7902 -35.88581859290687
7903 -33.11930322255997
7904 -11.434383221413881
7905 -32.049035353785584
7906 -11.210946249338594
7907 -14.27245765810192
7908 -33.62427686338677
7909 -15.581352810341196
7910 3.610691387361148
7911 -21.035328082260822
7912 -9.23860200426745
7913 -26.96281005405559
7914 -26.526548397830485
7915 -13.549303644748724
7916 -35.38016212736562
7917 -22.016992909924884
7918 -20.545133048530698
7919 -20.057554976939574
7920 -32.95686156100026
7921 -56.465849012499966
7922 -26.511646482189533
7923 -18.4393013202514
7924 -29.055280827557727
7925 -13.338138888710528
7926 3.545118926695286
7927 -46.8045720822805
7928 -8.306077760025946
7929 -11.2500812424178
7930 -27.251533986181748
7931 -9.665044765552883
7932 -12.235650720839185
7933 -20.754419241916622
7934 -8.73357066575758
7935 5.305270755603269
7936 -37.46421014833118
7937 -8.767449056479817
7938 -10.419897962368996
7939 -31.571031101683182
7940 -10.21967827175802
7941 -12.151664676578076
7942 -31.833600943926868
7943 -9.460892444444761
7944 -17.445427570742904
7945 -19.275332944388794
7946 -12.079093001437286
7947 -7.76140633010873
7948 -2.259780106679682
7949 -4.237785708395095
7950 -18.34642196454748
7951 -8.453342139701563
7952 -14.636065238796292
7953 -24.74962824682094
7954 -32.277123673990424
7955 -25.267356625024984
7956 -31.1589212822447
7957 -24.366697614623263
7958 -28.236248414537112
7959 -26.236210365508594
7960 -9.243790580811766
7961 -37.340470644732555
7962 -20.39446979036584
7963 -1.9964017218419758
7964 -0.6007708953174006
7965 -2.35747618695008
7966 -6.346413377604767
7967 4.083322097294731
7968 -9.360645976069064
7969 -0.10849863828931121
7970 -4.781353154489189
7971 -8.749685395289562
7972 -30.643082272196626
7973 -9.806377344910725
7974 -10.0301214286084
7975 1.32401155207408
7976 -20.258081296182645
7977 -4.615377632694581
7978 -18.04531919908579
7979 -5.796497313380678
7980 -32.58622118677347
7981 -10.343933488238836
7982 -19.369484356112515
7983 -16.682554640282177
7984 -25.250488441872875
7985 -6.429543021111894
7986 -29.51513084500213
7987 -39.161443337610834
7988 -31.649451988610235
7989 -25.21461203826024
7990 -33.48709313973144
7991 13.214716047024849
7992 -3.269612666907051
7993 -8.475621395052876
7994 -31.613970013963407
7995 -35.78128143816837
7996 -5.448445912028692
7997 -6.849193913969065
7998 -3.9694047684768154
7999 -14.20761925562634
8000 -9.385918195884006
8001 5.152394904879329
8002 -6.507251460856059
8003 2.921840683862101
8004 1.4951898368487309
8005 -0.6341031840823416
8006 -10.299145826724416
8007 -4.670088293212757
8008 1.4444614003830065
8009 -0.3259633820746967
8010 -2.640212260995904
8011 -1.4476111541654972
8012 -0.5326233494555345
8013 -2.1395064403113793
8014 -4.5885992834783975
8015 -8.838238845652668
8016 1.1524554341046314
8017 -5.006392356993019
8018 -35.537198411518624
8019 -13.993629514654458
8020 -2.779882595573581
8021 -23.447682813784194
8022 -3.7685588921871385
8023 -36.99472581124806
8024 -30.632309241171313
8025 -21.001308725767885
8026 -40.14800313707645
8027 -50.61184509486266
8028 -39.05749126663897
8029 -3.5324419563708944
8030 -27.82901649094696
8031 -37.01974524180783
8032 -48.9844958942043
8033 -32.93053765510151
8034 -4.55394235172178
8035 0.4520407159297611
8036 2.9016675048624165
8037 -0.8494114885460294
8038 2.1619184562146256
8039 -1.4786040654202224
8040 3.006296899513982
8041 -0.8096762620919616
8042 1.362845605697512
8043 -13.301695344982145
8044 -4.838189382263663
8045 -2.364966894590616
8046 -30.908802157455355
8047 -4.600426412730886
8048 0.23659192868566606
8049 0.9762382211492513
8050 -14.659441047782893
8051 2.4162161574578205
8052 -24.28336815073213
8053 -49.68460359903969
8054 -23.72335685934464
8055 -36.437826934562324
8056 -27.0506820303922
8057 -35.38022098478701
8058 3.434366784884478
8059 -6.588205075853912
8060 -36.03672836987738
8061 15.45041899507938
8062 -30.44115431513186
8063 -9.759054734131787
8064 -2.637043016308744
8065 7.555664319471107
8066 4.733048422268621
8067 16.602688792427653
8068 1.3376618629643053
8069 3.593342612021952
8070 -24.905222465180124
8071 -3.3574152723592126
8072 -24.28331257595986
8073 -45.78778333864335
8074 -21.617163604408997
8075 -7.253502825253236
8076 -15.140864918876177
8077 -10.333998041002777
8078 -27.0880399617902
8079 -35.06653879338293
8080 -22.043264810124963
8081 -37.476077994788355
8082 -18.349645722551504
8083 -11.351800842410448
8084 -27.678272090413376
8085 -6.731035778768128
8086 -3.3830534584098495
8087 9.526145345255935
8088 -23.48393078014211
8089 9.085604482111666
8090 0.5326867363149358
8091 14.048324739139934
8092 -25.341557738111295
8093 3.5691441750965898
8094 -1.417728977365623
8095 -8.226009682452132
8096 -4.002361439624511
8097 -12.966738984171824
8098 -20.158513021992402
8099 -21.953333843373837
8100 -6.253822897831705
8101 -16.608565405488626
8102 -7.297124756005651
8103 -21.14768341767267
8104 -6.826534025764122
8105 -30.909743850924862
8106 -25.817824778039505
8107 -21.308785000208008
8108 -11.625421592348866
8109 0.9325116050595534
8110 -0.8743989799688279
8111 -17.74117378013034
8112 -6.423934540672053
8113 2.48417401449944
8114 -28.805551113689727
8115 -2.2842975249946176
8116 -16.265347902939247
8117 0.7660594448588381
8118 -7.3668323689285895
8119 -11.484071260289785
8120 -13.72244366198036
8121 -10.071423568230093
8122 -11.782685291918314
8123 -31.230380678484945
8124 -19.02790304494847
8125 -45.147847636828665
8126 -5.4362234804965555
8127 -18.86750281205168
8128 -1.9261840880212548
8129 -14.993030313001508
8130 -15.452762135420926
8131 -29.30582516351962
8132 -12.750612488540646
8133 -56.38005290877336
8134 -32.8661993329096
8135 -19.08590828332599
8136 -17.293951717920134
8137 -0.2946571814148046
8138 -18.149687891304055
8139 -42.27571959345834
8140 -26.454847208788415
8141 -21.14443331984934
8142 -24.025638960730866
8143 -5.212861767855938
8144 -24.771649790347436
8145 -11.91756196471586
8146 9.49415323379828
8147 4.550132159263158
8148 -3.2180592858340242
8149 0.6558939340684447
8150 3.233592885380349
8151 -11.425909718391777
8152 3.8770614814493456
8153 3.160719021186815
8154 4.152198879868228
8155 -4.3261138662525624
8156 5.994042147603759
8157 3.404770976397267
8158 3.9638455895516382
8159 -11.134524341282521
8160 1.5436416115317844
8161 1.0117592702721594
8162 -25.40461425742702
8163 -8.905622716471989
8164 0.9120105683196743
8165 -0.3158383414932177
8166 -5.080828604916169
8167 9.006269112040172
8168 10.416493293612438
8169 -8.227440939934167
8170 -13.78723208338517
8171 -21.732178160802142
8172 -3.4857554690766848
8173 3.6909920893455275
8174 1.4461219069597429
8175 0.3601703016689862
8176 -8.19199515024593
8177 0.3718565662417677
8178 11.747270085062919
8179 -9.979710041571089
8180 -0.44274014258146055
8181 -2.85210528495707
8182 -4.0109825663822996
8183 2.3172046952537495
8184 4.39554543618433
8185 3.1451918830396606
8186 4.028015932213602
8187 3.9620902399688203
8188 -1.7913089596694045
8189 1.8135387169402384
8190 1.8251398797471483
8191 3.1893429352709792
8192 1.5924094724707538
8193 1.9737915226671612
8194 2.8747504082611703
8195 3.905491654649377
8196 -11.393824594798208
8197 -0.5767183439242944
8198 -1.0768030896413257
8199 2.58902272043968
8200 -4.709675412940851
8201 -5.752177700346219
8202 -17.620809707527222
8203 -19.360588826284076
8204 1.41278855954748
8205 -0.8192865557718324
8206 2.038155507930351
8207 3.2117224391883066
8208 -2.970024427015014
8209 0.8837793449978926
8210 -2.137834546957747
8211 -3.1784078104578657
8212 -2.7532559193488853
8213 0.3336887415617821
8214 1.3620802879263647
8215 -0.6463363228352682
8216 -0.8649605269331369
8217 0.0916025680641178
8218 1.0526902318559588
8219 -4.698116124268854
8220 -1.6271962724537297
8221 -0.6024663316395891
8222 -4.17888808087082
8223 -2.307173635596846
8224 2.736544618182379
8225 -1.278719564454368
8226 -2.2683975688890494
8227 -0.01523208724160213
8228 -11.69537456995531
8229 -7.516205138816295
8230 -18.01475950484848
8231 -13.18908538663687
8232 -5.2348911262776525
8233 -12.867451577259489
8234 -3.6395083711975893
8235 3.7095866791681327
8236 -3.3889537099142033
8237 2.1787926233917823
8238 -5.58730847342711
8239 -0.017879635021527066
8240 0.5296072267307318
8241 -35.48225184674884
8242 -4.451926833125908
8243 -22.24851783240709
8244 2.9602970980484677
8245 -6.750425115072576
8246 -12.105049492129474
8247 4.163592985861032
8248 -4.6959034334268654
8249 -11.821195351723873
8250 11.014980871990264
8251 -16.994832104973174
8252 -11.815670234846475
8253 -10.07689224263755
8254 -10.721339680307137
8255 -18.005207296367153
8256 -6.382908733274089
8257 1.5376461295058834
8258 -4.2437204038465275
8259 1.3644127154309535
8260 -10.16801528277807
8261 -3.9043340308232293
8262 0.1826898107615125
8263 -5.499869040167978
8264 -10.02673847195023
8265 3.1905605762568303
8266 -8.890677480533341
8267 10.994046811990701
8268 -20.546534107887272
8269 9.329287385003118
8270 -12.599047580171026
8271 -7.568277419945807
8272 0.9342894361555227
8273 -4.175274330672255
8274 1.254672895995318
8275 -1.0183962813427205
8276 2.8154335535893913
8277 1.4561082984390668
8278 0.5805257367240847
8279 -13.199424332947093
8280 -9.590670848649898
8281 -6.678062619656703
8282 -32.640943523301104
8283 -1.7509401173488004
8284 7.546958189230354
8285 -11.668698300175311
8286 -18.00957440190294
8287 -35.133565959024565
8288 10.312316219367494
8289 -14.3691711339404
8290 -33.295771489375184
8291 -24.70135023912706
8292 -21.59980267287814
8293 -11.234905597646138
8294 -32.950546134412285
8295 -5.62462752129868
8296 -25.968114926205306
8297 -2.228269744339341
8298 -1.4520396219327814
8299 -5.4050765795818005
8300 -1.411710339886631
8301 -2.8761467416139204
8302 -12.476488569427165
8303 -3.0618496844917535
8304 1.7785644493307335
8305 -3.8791187364685173
8306 -32.58357990944307
8307 -13.13494205718409
8308 -8.874416284195904
8309 -25.348740853947238
8310 -8.187192320074537
8311 -8.513362756155257
8312 -6.428078572087834
8313 -4.965296403679677
8314 -0.23532546917544095
8315 0.8644506015101797
8316 0.05936046701011946
8317 3.5609697722358398
8318 -0.35290951987117297
8319 0.5211884279751393
8320 1.6063779925277049
8321 -3.86087747650774
8322 -4.625336139908905
8323 -5.32805993637754
8324 0.54284023962653
8325 9.190953945083601
8326 0.29774364100463574
8327 2.872002033450117
8328 -1.9925775395134406
8329 -5.134304160979809
8330 -9.640816995391651
8331 -3.5632180667632203
8332 -1.8219523067017145
8333 -4.376955285941076
8334 -3.1068552083239775
8335 -9.130033029113111
8336 -4.645253056054644
8337 -10.142603930870683
8338 -14.679684369889873
8339 -8.300757866284403
8340 -9.023816261600587
8341 -11.95196214782016
8342 -19.03226445849985
8343 -11.108118810024752
8344 -9.403158231013949
8345 -5.44747575302099
8346 -21.513455157109128
8347 -11.153448425957759
8348 -0.3717008411863935
8349 -0.01835453522420721
8350 -4.894185996004817
8351 -1.067186334562284
8352 -1.0255003749126625
8353 -2.1075978861738984
8354 -3.8487407252065897
8355 1.5787775910297932
8356 3.2329964148368164
8357 -4.2949999631221
8358 -9.515462332949973
8359 -0.5480211950333614
8360 -0.874340220830345
8361 -3.92808342718301
8362 -5.915454247127346
8363 -15.322442259787495
8364 -1.451847520969168
8365 -1.194371221314068
8366 -2.2597674674977317
8367 -15.23953173381131
8368 -4.992176354957919
8369 -11.126466204293683
8370 -7.493636139836453
8371 -9.241272129035352
8372 -7.567512486882042
8373 -17.937647631122672
8374 -10.885456032071234
8375 -45.95892013399047
8376 -30.185467137874802
8377 -12.412383357444195
8378 -18.886971942844976
8379 -27.90219409144702
8380 -6.075767550196178
8381 -4.675056210588518
8382 -5.347913364572887
8383 -4.532642516436172
8384 -9.87604684653008
8385 -4.764569011647545
8386 -1.9482128679778543
8387 -4.616032668618864
8388 -6.37216213754291
8389 -10.393454799989849
8390 -10.228504043186549
8391 -2.9651520322014404
8392 -6.085392892393283
8393 -12.210268410127028
8394 -9.914211394177109
8395 -5.121240382827091
8396 -22.228484265682056
8397 -49.702827106299225
8398 -5.98395184301
8399 -11.757631611169199
8400 -18.075331920860044
8401 -5.02580832234933
8402 -15.79085898614765
8403 -22.393325319103607
8404 -5.429526264124725
8405 -0.6105530296414509
8406 -5.075009692346357
8407 -16.02484331484331
8408 -27.643531505861755
8409 -4.047001769443886
8410 -32.25792875531813
8411 -19.852096054773575
8412 -10.36768703494541
8413 -25.474152250899497
8414 -23.641674973615736
8415 -7.3555410191199915
8416 -0.671881016567786
8417 -13.510547549127805
8418 -30.56977123439661
8419 -28.515940096885753
8420 -26.987895862083242
8421 -12.591510943523607
8422 -16.167298206382547
8423 -18.74597744545783
8424 -10.117344543995422
8425 -19.656738436462764
8426 -8.949059779882809
8427 -31.25284103553844
8428 -25.759684942623718
8429 -14.843602448523743
8430 -43.11321479611404
8431 -25.160722079335827
8432 -17.724916057391674
8433 24.352173916884492
8434 -20.965028241807886
8435 -21.85329665019788
8436 3.473420149796584
8437 -5.578130531875067
8438 1.32320223725721
8439 3.1722028566664084
8440 2.755090675905085
8441 1.01530818183237
8442 1.8205806732477503
8443 3.2124088329763616
8444 3.5019362924601594
8445 -3.331597237011447
8446 -0.07491684011023608
8447 5.1921267532094495
8448 -5.743854710577288
8449 2.782385608509212
8450 -6.479511539750238
8451 3.7779111791934703
8452 2.5314860135324126
8453 4.632116138569981
8454 4.659776169712131
8455 5.9184542542633425
8456 2.8973430456843925
8457 -18.446217364921612
8458 3.654875437376759
8459 4.186500263377384
8460 -4.928303284395224
8461 -0.7810974065089249
8462 4.834358637444966
8463 8.077208101935975
8464 -0.009170707930024946
8465 0.538993286552286
8466 -30.360347742596495
8467 -5.176335632787959
8468 -45.66592046573584
8469 -10.89508118331869
8470 17.721780678186477
8471 -3.7920868543474353
8472 -46.37216664299572
8473 -17.14834215283685
8474 -17.075784852273355
8475 7.88926554712365
8476 -0.1115987957084144
8477 0.25968696586918666
8478 -1.864309415056341
8479 -11.190854504748277
8480 -16.62495579611248
8481 -8.2772623206352
8482 -16.267282427879255
8483 -6.4615898368360645
8484 0.04218719686352415
8485 1.0087871445930796
8486 -5.677657895102893
8487 -15.945560528935603
8488 -7.834784329457907
8489 -8.620798515341594
8490 -8.0032890130578
8491 -10.42703196483184
8492 -8.320951114653871
8493 -21.906540837064096
8494 -36.340737167166665
8495 -22.533227795101556
8496 -14.376736328792758
8497 -14.739139298006776
8498 -29.17039379883863
8499 -33.02075682103546
8500 -18.946457838502102
8501 -11.8434142052081
8502 -28.456432393655415
8503 -44.27992289739457
8504 -26.902650400984275
8505 -8.894669448634085
8506 -6.709859732209006
8507 -24.345732387709578
8508 -14.001805846668285
8509 -5.107436079468752
8510 -11.480501220712467
8511 -2.726752068678179
8512 -25.92728373019723
8513 -5.044722373743716
8514 -27.177509344268618
8515 -20.994728449207905
8516 -18.096862066695756
8517 -6.119926417322713
8518 -8.345057022433611
8519 -6.369679867917003
8520 -22.08280030886177
8521 -4.972146452781308
8522 -10.49345696794553
8523 -16.168766322763112
8524 -9.276262896941043
8525 -7.294189101709635
8526 -9.315484435140824
8527 -13.36894741842203
8528 -15.201885215715011
8529 -13.125174204770593
8530 -13.666937286191677
8531 -19.08257385876772
8532 -13.913606110874388
8533 -8.985431248542737
8534 -7.300013804546761
8535 -12.013923076673091
8536 -25.32742789648939
8537 -12.864452246871515
8538 -23.177588395609927
8539 -15.933130846831627
8540 -13.791243834431224
8541 -26.222808022394894
8542 -23.81350057770236
8543 -20.801125023549684
8544 -25.451566751623467
8545 -13.306566776623221
8546 -9.659901247509698
8547 -0.9725464174733497
8548 -36.437094999282856
8549 -9.630434052035707
8550 -10.49607489606511
8551 -8.698746043703578
8552 -19.057282923079036
8553 -34.69239244318626
8554 -14.152477787426033
8555 -43.84830004839998
8556 -4.863448864613747
8557 -8.021125232306805
8558 -9.887661325266963
8559 -14.205277275023109
8560 -19.574325196727585
8561 -14.3100441618466
8562 -12.23408766316963
8563 -15.298305089618808
8564 -21.39181719199987
8565 -33.418108970444734
8566 -17.85482008400155
8567 -23.828999348594223
8568 -28.61360240714901
8569 -22.34887573955988
8570 -7.0437011127428555
8571 3.9103055823651083
8572 -30.157418465226073
8573 -35.63035371473889
8574 -17.909134866583045
8575 -27.29305273571619
8576 -26.99248999552001
8577 -16.858484808176872
8578 -19.200021866262396
8579 1.6971722117555328
8580 0.45792070430659804
8581 0.5450894018515828
8582 4.04772964985139
8583 2.0829799300603917
8584 3.098292936179496
8585 2.9883632341658815
8586 3.320038234763924
8587 2.926252654141281
8588 -0.23616093286196702
8589 1.283055887783412
8590 -0.30052511188288916
8591 9.781617749086582
8592 4.534280735257489
8593 2.036513621752529
8594 1.7073582298611292
8595 0.8589869479552726
8596 2.266597927411785
8597 1.4284668876958313
8598 0.7896949902981578
8599 -0.24653856894088677
8600 0.2122168268293899
8601 5.670999753207143
8602 0.10668722532776882
8603 -0.32293278648969137
8604 -1.7196725137908653
8605 -0.580506344102323
8606 -3.0344398395117604
8607 -2.4453112089133358
8608 -5.0015254604061194
8609 -4.825054202982428
8610 -1.4879713110851298
8611 -6.030888227233809
8612 -1.7837921031592123
8613 -3.0845416045004095
8614 -8.209742794130289
8615 -5.791498616606259
8616 -2.461711054352927
8617 -13.18823882821409
8618 -6.564655693635868
8619 -10.91299101927376
8620 -6.216780086709041
8621 -14.932785751922056
8622 -4.323028274360404
8623 -5.842837513485429
8624 -19.28825276616233
8625 -20.37444664443712
8626 -8.00164954183143
8627 -17.122508583173477
8628 -25.860357680819288
8629 -22.69778499063672
8630 -17.93369821109678
8631 -28.79893667960714
8632 -26.027721429030787
8633 -34.1986422274464
8634 -2.699005492415454
8635 -31.567925830744787
8636 -40.27969725206494
8637 -23.035283635424566
8638 -20.691227356147866
8639 -17.394761077781876
8640 -4.031188262984069
8641 -8.390014112448844
8642 -27.049078932265985
8643 -14.674785346024438
8644 -12.119982380926812
8645 -23.02259711200153
8646 -6.161185334929614
8647 -17.359359478897094
8648 -12.566008508633386
8649 -20.70647787003065
8650 -5.660973034846684
8651 -24.839744367338135
8652 -19.21605757633646
8653 -21.047952563896253
8654 -7.284509824660781
8655 -21.025241540498392
8656 -11.935500454350695
8657 -6.122699492032552
8658 -13.464382854215655
8659 -7.953459528228995
8660 -14.672045170815982
8661 -7.690332873999141
8662 -8.668408362130867
8663 -7.623654983347369
8664 -6.064886840417021
8665 -13.298251410799857
8666 -9.568999835326395
8667 -8.093049394377886
8668 -9.941489343494759
8669 -5.290360061894607
8670 1.364865810868505
8671 -1.558030035484262
8672 1.4098047606670299
8673 2.806053090277419
8674 -0.24500156185808009
8675 0.10319176843710011
8676 2.640518985102826
8677 -0.5593085910609806
8678 -18.07663996808071
8679 2.466025477442017
8680 -2.9035144232264427
8681 -15.3058751087579
8682 2.5389343668558286
8683 -5.724601128241338
8684 -11.00869304324282
8685 2.7280474739088096
8686 2.1463534005216207
8687 1.9453486120022716
8688 1.1455777899705573
8689 -1.572048438329075
8690 2.6484579638941796
8691 -3.0996855038928333
8692 0.13488004811340942
8693 0.9459529299825954
8694 -1.8000177940941648
8695 -2.796330490122782
8696 0.7591035506816115
8697 -1.1701285935852501
8698 -6.399555288468982
8699 -5.39733394757568
8700 -0.3853447861522727
8701 -2.0678672930569153
8702 -1.643911333643482
8703 -1.9018347475191695
8704 -3.2492435258295154
8705 -2.396170336258219
8706 -2.937994687244063
8707 -0.9090114288813492
8708 -2.7706505254120564
8709 -0.5391384026697779
8710 -2.104337755069719
8711 -2.0128610986428974
8712 -1.9697820882896486
8713 0.3040636953135254
8714 -1.5817825207354326
8715 -2.6108826531686646
8716 -5.7037897983209405
8717 -16.026028727459632
8718 -12.541942545835482
8719 -5.0922882262953495
8720 -15.552819010451204
8721 -9.14852437976122
8722 -9.776797649204235
8723 -24.889160027771286
8724 -37.04718798628921
8725 -19.261105361819062
8726 -28.62193929131303
8727 -8.348024130068225
8728 -3.9295589709433263
8729 -5.1351911501828
8730 -15.718972646147595
8731 -11.465453902529552
8732 -5.452402857717243
8733 -9.208232094325213
8734 -15.904995146072032
8735 -9.024839678712015
8736 -18.976754611920477
8737 -29.79278572921685
8738 -5.561686883147486
8739 -32.079882573265785
8740 -5.580108087880217
8741 -33.759374872100885
8742 -30.895430781881878
8743 -21.197437353834246
8744 -29.641714245973997
8745 -20.009027075124177
8746 -14.905787706709816
8747 -26.764230317661276
8748 -34.0652139891751
8749 -22.57041620252392
8750 -23.118663849801234
8751 -12.751285086216521
8752 -7.3080230247283176
8753 -17.427047855437703
8754 0.8818329530987831
8755 -12.842590769696836
8756 -15.72667687480949
8757 -1.1685436328676588
8758 -13.27781617587083
8759 -1.8153901675503585
8760 -13.002792535705666
8761 -3.8712349477420505
8762 0.5624679906088568
8763 -6.473857517818979
8764 -2.4745814791369773
8765 -7.271353320796624
8766 -10.834074008652097
8767 2.6135799854535433
8768 -2.719641123385518
8769 -2.0773563982952328
8770 -2.7627484027111495
8771 -22.056153372317638
8772 -9.464278391711414
8773 -12.278617711142141
8774 -8.962773289490869
8775 -10.2894196546881
8776 -42.831731772981726
8777 -13.824909476354952
8778 -15.286674689050852
8779 -38.54745023490133
8780 -5.753845926343347
8781 -16.908078194996342
8782 -9.794087086939834
8783 -18.973229723511032
8784 -5.923963645875483
8785 -14.988852124063124
8786 -2.4970174255242457
8787 -2.0108700329500424
8788 -0.1479180677200202
8789 0.6257931227279186
8790 0.30430645409593127
8791 -1.2089313848197343
8792 -1.2925506906223017
8793 -0.734712917317811
8794 -1.3651994560679304
8795 0.8865255014233117
8796 -3.296020225600805
8797 -6.014826466572995
8798 -2.864315462014638
8799 -16.438556810873123
8800 -29.656149559297774
8801 -9.236718906561
8802 -16.133855829528475
8803 -22.015525854999723
8804 -28.36454258958096
8805 -42.103992407067565
8806 -24.300003515715943
8807 -24.776669615138964
8808 0.46634577351171175
8809 -8.727841673624207
8810 0.9544033758345176
8811 0.8828388112667017
8812 -1.776319148219918
8813 -1.8489444689798984
8814 -3.1012146960804237
8815 -0.39786178279158774
8816 -1.4500306125890348
8817 -6.275166828445944
8818 -7.616369981832977
8819 -11.076829014186224
8820 -7.560946680374181
8821 -0.34983290261254296
8822 -0.7777019061436294
8823 -0.43871729679915006
8824 -0.08572190574734122
8825 0.43924004954562407
8826 1.5750398583470087
8827 -0.8056894047024252
8828 -1.4356251126833377
8829 -4.255837375010451
8830 2.3195589303315503
8831 0.7720755747196381
8832 -3.171263479865447
8833 -2.2277512346064032
8834 -9.550216230623482
8835 0.588671867804369
8836 2.3347104536695404
8837 -0.11431156964215916
8838 2.9037650895708067
8839 1.0221840877630166
8840 0.9375443582655862
8841 1.2425305481845863
8842 2.015357355330634
8843 1.740432997750904
8844 -1.3693896074402436
8845 3.5610951054080213
8846 -24.224440033041756
8847 -7.631775645114103
8848 2.030503666866425
8849 -5.475775673287281
8850 -1.5584362387424335
8851 -0.8734761006559711
8852 -15.032326240130205
8853 -4.652072614990175
8854 -13.331823655880289
8855 -4.136279918656364
8856 -25.256253807106404
8857 -7.24219333522793
8858 -17.39020023417004
8859 -4.001228706646798
8860 -1.3410023698305304
8861 -1.237368698975042
8862 -4.86396351604053
8863 0.9353505798631522
8864 1.1003324024895846
8865 -7.088080450896378
8866 -1.7326507128035882
8867 -0.7440974355017533
8868 1.8433177500404418
8869 -0.7924214648692578
8870 -29.99370088372423
8871 -14.862452239744888
8872 -12.103726781098958
8873 -12.187607075759297
8874 -1.9295855696035142
8875 -25.21654125592322
8876 -11.057393748874892
8877 -12.854133465405903
8878 -26.73759573106654
8879 2.0697886930165987
8880 -26.122938907031784
8881 -30.51201405927044
8882 -12.11157641230282
8883 -30.44985031661694
8884 -34.96427443931287
8885 -21.046217283683216
8886 -1.8135928455497197
8887 -4.46267313962453
8888 -0.6951052452296426
8889 -2.828261621248239
8890 -1.4422867253697769
8891 0.9743541574622213
8892 7.203817678702908
8893 -8.662169256432971
8894 -11.733374704337912
8895 -2.1132446716750564
8896 -15.793818761877338
8897 -10.912489296261484
8898 -11.33077502548811
8899 -6.509373936412885
8900 -23.51719600907498
8901 -14.002199795451888
8902 -7.35329861033475
8903 -15.72409204275711
8904 -22.72882421560571
8905 -18.60762471119946
8906 -3.924153495253704
8907 -51.42790027149298
8908 -24.96003298955693
8909 -13.038671929926785
8910 -29.276992937408213
8911 -43.23557697708238
8912 -1.5584182922834589
8913 0.9269602438376751
8914 -0.7581693856828496
8915 -1.135894845565199
8916 0.6288906770540053
8917 -0.6911149170494173
8918 1.1342315393296303
8919 0.18492652756234748
8920 -2.4237127536485787
8921 2.5099931113026104
8922 -0.44793856145697647
8923 -3.1941761601336474
8924 -10.868929792004055
8925 -6.498171740434045
8926 -7.2535366907352
8927 -11.975236739452084
8928 -1.987825266069849
8929 -3.883363016450312
8930 11.11316478087785
8931 -6.192179596872302
8932 0.38790935507713586
8933 -12.297991608605807
8934 -6.821998940698395
8935 -11.086103632422601
8936 -19.1218718133324
8937 -22.709306263479956
8938 -7.851186587040866
8939 -14.890245806469903
8940 -24.10106919705475
8941 -9.403324573431455
8942 -15.276606964253151
8943 1.2168329262474435
8944 0.029888736481952945
8945 0.2983463819976896
8946 -4.939974205602048
8947 -2.6445904612679443
8948 1.5337435061845464
8949 -1.2057380215069862
8950 0.06658535869806656
8951 -7.448297549269919
8952 -17.32849807578925
8953 -19.909033589761385
8954 -2.1830725042508856
8955 -3.4446542112944005
8956 -7.903115391973406
8957 -17.44493009636033
8958 -3.3243557495524874
8959 0.5391296189858985
8960 -2.2534135448987946
8961 -1.2211712798205554
8962 -4.608942758676567
8963 -12.312795783298935
8964 -9.524685526760877
8965 -3.2957620335937827
8966 -11.502417691386217
8967 -7.636840817639313
8968 -3.91335663202728
8969 -8.99014010340572
8970 -9.28793565182612
8971 -2.066197137906711
8972 -7.5574621244620355
8973 -17.371125919858024
8974 -26.32264780452213
8975 -17.4905615166387
8976 -16.35837439938856
8977 -23.13979097674499
8978 -13.310653593346215
8979 -33.99512699580358
8980 2.0880792573001234
8981 2.5572001357657426
8982 -12.4720312514143
8983 -2.073721230847004
8984 -12.820745986576076
8985 -1.6304591049338342
8986 2.0368984049529537
8987 -1.4704815727833194
8988 -2.8596117206709457
8989 -1.4846739363750385
8990 0.1728267306345515
8991 -1.0187726683747313
8992 -5.827825509755348
8993 -11.147616197457973
8994 -2.87359519657839
8995 -0.16869437522822409
8996 -1.1157516737413242
8997 1.0009067339905595
8998 -2.414746016449353
8999 -7.203265786478296
9000 -28.554718674019824
9001 -24.641211236698727
9002 -3.682187448742188
9003 -3.1977707086601
9004 -32.86251457190607
9005 3.06340212760726
9006 2.2729932439634286
9007 -16.122628546135385
9008 -33.28387228505424
9009 -13.43701855072708
9010 -8.130413888266048
9011 -25.30581911590314
9012 -6.801561874899198
9013 1.1735280477315246
9014 1.512999907228077
9015 -2.597123602069187
9016 -6.705427501610393
9017 1.0825752083146654
9018 -1.7289198290354397
9019 -3.850717893696274
9020 -7.005972295347601
9021 -9.078299700460047
9022 -3.7386425578646594
9023 -9.310215002652258
9024 -5.506093768480496
9025 -3.0809963602967034
9026 -8.371569364747556
9027 -11.377367340908094
9028 -0.03575753464770969
9029 -5.339312981124822
9030 -13.894785456323298
9031 -8.586591494656313
9032 -1.1112460145782097
9033 4.942352174598054
9034 -1.8329147401227965
9035 -30.22627652911775
9036 6.674903023543011
9037 -36.46392188340702
9038 -5.469000496104854
9039 -3.697823807280802
9040 -16.638390946060827
9041 -22.53127407129752
9042 -15.24890033016418
9043 -23.947076821608643
9044 -2.254957400896237
9045 -10.413024755006191
9046 -4.711583502586727
9047 -27.02924441370211
9048 -15.351063666253467
9049 -14.994315684951289
9050 -28.17158542177931
9051 -2.6989968070144825
9052 -7.417825559891498
9053 -13.738526553466363
9054 -15.482065498903685
9055 -7.840054629644146
9056 -10.8130968164964
9057 -1.1151349400702748
9058 -6.866901129881298
9059 -18.386543226607028
9060 -12.130342458062223
9061 -11.24568316653371
9062 0.05981934709881898
9063 -23.070850610746273
9064 -10.457684960437618
9065 -22.405828230398182
9066 -8.049919153356896
9067 -10.657460625719395
9068 -13.558918375199864
9069 -13.204369285819412
9070 -14.207953190058324
9071 -0.374811228452163
9072 -2.7951358136403726
9073 -4.89301958849479
9074 -8.75666579560784
9075 -3.478848882030288
9076 -3.604850860975857
9077 3.919594482512039
9078 -6.605048848339793
9079 -0.6325021105840278
9080 0.02305750153696863
9081 -16.234526349338413
9082 -7.44833479287583
9083 -2.8051619535357166
9084 -6.047385232348024
9085 -2.9671738744848697
9086 -4.060148911159049
9087 -6.6074238267273175
9088 -11.80783738755519
9089 0.05953568297016318
9090 -0.7384036623463908
9091 -3.4953705870432894
9092 -9.078449736339099
9093 -11.321642428861669
9094 -4.804813579443289
9095 -2.7307323635775536
9096 -7.7764808558086225
9097 -8.444616229323582
9098 -24.579699154653646
9099 -6.8708718744901125
9100 -7.819485572707781
9101 -1.8283667266425618
9102 -1.9969671237542934
9103 -2.0501504285712144
9104 -3.7157979988839362
9105 -5.0079946828963875
9106 -14.293013401916395
9107 -3.3993342411267804
9108 -11.585287210925163
9109 -0.539421873040701
9110 -4.497246800485446
9111 -2.2372135198432077
9112 -4.099546920532012
9113 -3.409953574532701
9114 -0.936189612623275
9115 -3.057777629861521
9116 -7.598082214400201
9117 -4.873724615014217
9118 -13.846315156716155
9119 -13.623205944098153
9120 -7.607760045286268
9121 -3.3821483346063177
9122 -5.612352410127933
9123 -0.14231460251656244
9124 -1.9760641295778623
9125 -15.793237342659122
9126 -18.528293971656968
9127 -8.949733632771823
9128 -14.65170825529989
9129 -18.652673459854558
9130 -2.4196758197134476
9131 -27.965167727382504
9132 -24.97083371389759
9133 -20.61873334977703
9134 -19.119211432612794
9135 -19.1932649247715
9136 -30.865705877391157
9137 -33.831022510998594
9138 -2.352019862492016
9139 -4.123616744444153
9140 -14.625535831442976
9141 -5.277618446689594
9142 -4.209343665427878
9143 -7.043410501416656
9144 -4.399469384088588
9145 -5.305283880583593
9146 -11.61473732763785
9147 -13.724115841758467
9148 -5.087330729715904
9149 -5.697133200870885
9150 -4.163260887915385
9151 -7.391687967497128
9152 -11.740727054916933
9153 -13.279309570615297
9154 -11.097807554221799
9155 2.6069029339263214
9156 -17.169651153705637
9157 -22.02819153683013
9158 -7.83523057317274
9159 -17.572646805966944
9160 -19.003340666415315
9161 -27.88869005079643
9162 -15.76706462956965
9163 -13.475816615957738
9164 -18.462699029477953
9165 -7.621505780455773
9166 -6.8869058491688335
9167 -7.8703486034036905
9168 -23.456470569383963
9169 -18.437264328359742
9170 -1.2749498954426963
9171 -27.75822756947178
9172 -10.624216238379159
9173 4.755453300024674
9174 -30.232198680862055
9175 -14.873345397756347
9176 -3.971714329760871
9177 0.3145091634473647
9178 -1.1092965365957934
9179 -1.0608869252802104
9180 -1.8518452890052868
9181 -9.66291495528305
9182 -2.466442870911269
9183 13.150118277612782
9184 -14.020746527114534
9185 -12.040274866836844
9186 -8.791382738907997
9187 -9.811894163902616
9188 -25.079004783679267
9189 -8.935275065712048
9190 -16.025910630717554
9191 -14.953780309263529
9192 -8.770144364136796
9193 -4.9551810144797495
9194 -24.12259606304942
9195 4.447185749893396
9196 -33.091292276507446
9197 -18.56666181047869
9198 -17.99254065136425
9199 -9.682200378473063
9200 10.79738346312777
9201 14.213181034836452
9202 -0.17333221647815664
9203 -21.31486442426147
9204 -31.094613742259536
9205 0.1619027932244353
9206 -4.216783816340612
9207 -24.913428708894934
9208 -25.07974134948774
9209 -27.316411850648873
9210 -11.88341138650052
9211 -14.878448198594851
9212 -3.8397634689281404
9213 -7.6645658783694675
9214 -6.161299862598098
9215 -10.663989382379077
9216 -16.0331433401088
9217 -28.816814674708148
9218 -14.349254313269485
9219 -8.168983476624852
9220 -23.483666699584866
9221 3.4791627442844035
9222 -23.929764132945127
9223 -25.103141375382837
9224 0.9601752052753
9225 -17.62858688176333
9226 -5.45230936259104
9227 6.478310205302842
9228 -10.389804098226014
9229 -20.864729770541597
9230 9.789719400130853
9231 -10.954789091640414
9232 -10.571619561774568
9233 -9.631085035896103
9234 -19.586095111287285
9235 -39.99439795697413
9236 -17.631095974198832
9237 -26.343359371674886
9238 -43.53243845317076
9239 -22.292420051972293
9240 -43.92310776359358
9241 -19.6416558066351
9242 -19.000217929200154
9243 1.3368219625065103
9244 -17.320859067665005
9245 4.3557941952324475
9246 -24.68521273884937
9247 -6.617808219054131
9248 3.176589548581687
9249 -15.07949611646225
9250 -3.6513263348668987
9251 -22.650443756650784
9252 -9.343291702503192
9253 -6.662891125231836
9254 -13.252641214013419
9255 -17.955036449726613
9256 -7.991848113168525
9257 -9.11571224345782
9258 -11.887849502841272
9259 -6.7792285892213116
9260 -13.995925762816624
9261 -19.21628701638081
9262 -20.11610892598357
9263 -18.334859396034442
9264 -26.76119740821581
9265 -22.312754167829553
9266 -5.453738789202907
9267 -14.915885826198792
9268 -13.779499004477692
9269 -18.26097552613428
9270 -8.107493586860365
9271 8.898310018834163
9272 -11.844745699922496
9273 -3.744703841701412
9274 -4.967046836309018
9275 0.8087673726490174
9276 -5.110961740101048
9277 -1.4175394823031093
9278 -17.411705003358946
9279 -11.36236430900346
9280 -25.473936702442153
9281 -10.527002294741541
9282 -10.721185592364199
9283 27.768816794610903
9284 6.064703806753678
9285 -31.7185273363546
9286 -2.4637026985108967
9287 -6.662794156506862
9288 -16.65086558838302
9289 -10.364449188788567
9290 -4.837306349649734
9291 -34.92831949642452
9292 -14.623590307241539
9293 -6.759934868145792
9294 -15.521792329189338
9295 -35.41659669646047
9296 -22.684607164997725
9297 -10.11911871054297
9298 -49.0483627897923
9299 -14.652866269449587
9300 -10.50958453322528
9301 -15.905961348490672
9302 -4.955869146471232
9303 -10.238140291978343
9304 -4.709844647683931
9305 -8.719250747799961
9306 -4.6100443275482395
9307 -16.516595422217943
9308 -6.950677222194645
9309 -18.122610149885876
9310 -9.14160254482369
9311 -7.438741482482437
9312 -24.166442031094338
9313 -45.009805484983374
9314 -19.013509993275076
9315 -12.788071053212043
9316 -9.988169557531364
9317 -35.93433028646672
9318 -20.70195552242978
9319 -13.453525395364414
9320 -12.187976807634405
9321 -10.903832372060569
9322 -15.235253973054933
9323 -4.897218326985167
9324 -10.128490491262054
9325 -24.841392040975187
9326 -11.925293982167933
9327 -29.638766820193705
9328 -15.64894846397845
9329 -23.71362682900217
9330 -36.53122074793529
9331 -30.231610218971472
9332 -12.520018161983607
9333 -18.056282500204542
9334 -6.771543267382803
9335 -7.009012825930549
9336 -10.021667026167416
9337 5.173492122930184
9338 -4.100591465660545
9339 -29.35509059712407
9340 -9.908820871529898
9341 -11.27282420495263
9342 -9.831401790706877
9343 -4.6325587177363925
9344 -5.700114104617678
9345 -19.861583039909164
9346 -26.54795417366651
9347 -27.387385541182738
9348 -8.54652455496398
9349 -14.560513915121847
9350 9.048958708663994
9351 -11.5197679128882
9352 -1.2483151150902267
9353 -11.171844933599786
9354 -38.66969325486411
9355 -24.17093485450969
9356 8.499201360103761
9357 7.101314137732115
9358 -37.86478122864966
9359 -39.65408687095972
9360 -4.402463797523087
9361 -29.836999016993506
9362 -20.898753662088712
9363 -6.064389554176014
9364 -16.389910037284718
9365 -37.04443150735038
9366 -16.267763792289188
9367 -6.7204256109453855
9368 -20.668111286422064
9369 -10.968112996569397
9370 -22.433593236110173
9371 -15.276708754456777
9372 -7.187998483066767
9373 -21.12259471170328
9374 -18.491406694640027
9375 -7.933400104674948
9376 -9.096427690773561
9377 -1.8025786984706065
9378 -30.124592049820205
9379 -11.505086560940981
9380 -36.289070993820495
9381 -10.697537986208044
9382 -41.841452378241954
9383 -20.170130395862945
9384 -25.871343848158578
9385 -20.510814973775705
9386 -28.370916581549682
9387 -13.52239069568619
9388 -36.732350001929156
9389 -27.204176060949976
9390 -17.132718913662394
9391 -25.752815500900322
9392 -6.3486722838781136
9393 -33.6127105320424
9394 -28.654663624474633
9395 -17.10595484354868
9396 -5.699374065210431
9397 -15.309150580419955
9398 0.1993250802705006
9399 -11.574063302847936
9400 -16.65542122300074
9401 -15.251744224729336
9402 -10.517548307390243
9403 -2.840107278232899
9404 4.950160223707644
9405 -18.11305630148403
9406 -17.301842260086413
9407 -0.027784207384102047
9408 -0.18972125360596692
9409 -10.073210955232788
9410 3.6106081192735293
9411 -6.9500169772762455
9412 -23.9019798300862
9413 -36.256968889748535
9414 -4.846494714806177
9415 -33.172393324291335
9416 -6.919986502800748
9417 -41.77920160747759
9418 -4.2713357611949325
9419 -22.858064810122887
9420 -18.10670922779973
9421 -7.814989371168485
9422 -4.3791383543146365
9423 0.7243110615223122
9424 -2.834824723572092
9425 -2.9926318265309964
9426 11.157484683144867
9427 -4.725406715576537
9428 -17.20145058292648
9429 5.786223685891018
9430 -10.192727503432543
9431 6.278229742259136
9432 -13.464422122449468
9433 3.4181307714361173
9434 -26.66072130603803
9435 -5.531865009931789
9436 -19.416698327773194
9437 -17.498666933322383
9438 -34.02919237677823
9439 -6.518924600448518
9440 -14.742630702833557
9441 -19.441685529963433
9442 -26.437532397214092
9443 -27.417091342284255
9444 -8.57091248975994
9445 -14.144835791501391
9446 -26.414013213121507
9447 -9.991167924746842
9448 -17.090618747717816
9449 -4.394131835928711
9450 -24.79350306230335
9451 -18.343215672820225
9452 -13.975413822290138
9453 -25.593149806376022
9454 2.0216395903765805
9455 -17.01815995751691
9456 -11.647852135984285
9457 -18.830846808757343
9458 -0.8388417486954131
9459 0.34432736930655666
9460 -10.983827700625989
9461 -10.93382666438556
9462 -1.6339229175362562
9463 -5.325313973709854
9464 -25.446494921133272
9465 -18.887684482694603
9466 -29.788796268734295
9467 -24.114457842339178
9468 -22.486964974534203
9469 -21.078051061376318
9470 -17.80147835275333
9471 -20.97695233978535
9472 -36.13885436407785
9473 -25.973039809707842
9474 14.295403718053713
9475 -19.39591304563146
9476 -19.19443557810315
9477 -9.895324261067143
9478 -26.69156958697364
9479 -27.38152948048184
9480 -14.040596001528902
9481 -21.34715110363439
9482 -5.35371404425925
9483 -17.553025232767396
9484 -24.087332821226155
9485 -27.296108705139922
9486 -13.082134176226681
9487 -15.518014168534428
9488 -31.696485144993204
9489 -17.705474909146286
9490 -10.016525341802481
9491 -16.126624664582923
9492 -7.685471186406358
9493 -15.332947641181963
9494 4.549553730653424
9495 -44.95080432905204
9496 -46.01653933395443
9497 -8.775117201274115
9498 -18.1363430521157
9499 -29.59493117747028
9500 -1.2803745728044305
9501 4.413481802908354
9502 -34.03040480596188
9503 1.365563108443166
9504 -11.121417335498846
9505 5.479366554457228
9506 -33.877807991645675
9507 -29.850478742452687
9508 -22.644713416637533
9509 -19.14750787928031
9510 -7.380231917999627
9511 -36.439542246496565
9512 -19.20924689375155
9513 -5.098838301921787
9514 -11.602421016272128
9515 -40.69130129642726
9516 -18.436112298235095
9517 -23.108746542781883
9518 12.14742676532871
9519 -7.670604102227953
9520 -15.085775551849364
9521 -26.54828444074199
9522 -19.901095770708345
9523 -25.34204469903081
9524 -9.520192801628436
9525 -12.219355849969434
9526 -18.183363086326427
9527 -36.66191961930992
9528 -0.36884054179987286
9529 0.936037745874055
9530 -1.2762130779199652
9531 -18.609784045654816
9532 -15.344140868143441
9533 4.389515796635823
9534 6.388602503621368
9535 -23.606870134507044
9536 -36.210420666849096
9537 -23.250378803574275
9538 -26.826594363689072
9539 -3.48333813637204
9540 -27.68910455732519
9541 -20.984679440283944
9542 -39.14115813856086
9543 -38.603644641590506
9544 4.419896899597225
9545 -17.756286610891546
9546 -42.73932664073247
9547 0.46185092266037825
9548 -10.25618771277208
9549 -4.057891740281048
9550 -10.822958065753191
9551 -1.7743653261329746
9552 1.7384956759601482
9553 0.9314912740314321
9554 -0.4471922487921256
9555 -7.413241462543665
9556 -9.186947021132363
9557 -4.787942405682697
9558 -4.5358929034920585
9559 -2.1712357264249293
9560 -6.090886362174351
9561 -18.635494980713847
9562 -7.752156602720788
9563 -16.062336806452077
9564 -29.590988221651642
9565 -12.734091940457875
9566 -12.44705389155526
9567 -15.585576922670297
9568 -21.850214823945134
9569 -6.153733120491961
9570 -25.084660156298487
9571 -12.792522291725035
9572 -4.358337251432822
9573 1.1025937209062977
9574 -12.64490091763917
9575 11.507400657279213
9576 -32.93688607666569
9577 -23.646700493199752
9578 -12.075791479188483
9579 -11.034416909524444
9580 -0.7971809719348676
9581 -1.092995782791986
9582 -11.17046307310724
9583 -0.9167394925524422
9584 -6.320511110996885
9585 -12.535429615532047
9586 -13.193950449545518
9587 -21.44757278797013
9588 -11.230684475925518
9589 -14.705855541341734
9590 -12.691070147605496
9591 -13.239342301023862
9592 -18.50692022762465
9593 -29.213175247860054
9594 -15.4520408146955
9595 -11.791379555199965
9596 -35.200717491857795
9597 -14.304555516352266
9598 -32.78607307466242
9599 -22.01894451081811
9600 -16.649429023623963
9601 -13.233220519845199
9602 -7.2118040354720145
9603 6.615645989465119
9604 -3.1904756710567743
9605 -16.9660991614472
9606 -3.407441199448076
9607 -12.458983296809746
9608 -9.856230277233262
9609 -14.191598307645036
9610 -23.442630954380874
9611 -35.44029138855374
9612 -22.689339464546357
9613 -16.54649178264546
9614 -31.456403448593193
9615 -3.697795055318129
9616 5.860369513437617
9617 -7.052249201259692
9618 -38.96986851048394
9619 4.491254887533141
9620 -4.794007163118222
9621 -41.469058198878045
9622 -19.137671714629686
9623 -37.03513430931795
9624 -13.461408897666406
9625 -17.774447017716156
9626 -18.845631304404233
9627 -21.444402964817854
9628 -6.3295512739525295
9629 -12.264730914727116
9630 -3.781864364858775
9631 -10.29491495814742
9632 -12.96909331472445
9633 -2.4376927531491672
9634 -28.027655660419697
9635 -25.175198494571667
9636 -22.27110227022771
9637 -26.885255120981164
9638 -13.254953574956307
9639 -10.27167558268542
9640 -20.752467348982755
9641 4.750565755602874
9642 -2.9676420184396557
9643 -27.410167387244
9644 -8.02199089411879
9645 -10.25664688490142
9646 -23.833072751104336
9647 -0.649005195198115
9648 -9.764397878801246
9649 -14.057148390465736
9650 -18.408407885339837
9651 -8.0527638201449
9652 -11.742515402284043
9653 -2.5480765137728305
9654 -26.64269549625169
9655 -8.202271187070874
9656 -18.735613125308884
9657 -4.610354238829459
9658 -2.202797223958187
9659 2.0314884896839795
9660 -4.802520903162804
9661 -6.403688320623332
9662 -10.611251450771233
9663 -0.18007005177176325
9664 -18.738178949446883
9665 -25.325718762337928
9666 -44.64871703000536
9667 -16.954433642992225
9668 -19.774254177729453
9669 -25.850162207897956
9670 -6.301019981680729
9671 -17.71579272463132
9672 -19.73183715049803
9673 -38.309435150053325
9674 -19.07672841262087
9675 -18.576322756361186
9676 -30.304449737500835
9677 -17.278538624451176
9678 -4.771133175426803
9679 -4.89070896575533
9680 -13.793487301863788
9681 -23.03208245440852
9682 -2.9570051260902255
9683 -26.849255796339712
9684 -20.681283900258858
9685 -14.363854039857689
9686 -33.77554633614345
9687 -5.96702133164581
9688 -2.233761094017682
9689 -22.790458833972224
9690 -35.457496398463405
9691 -4.781832395988313
9692 -23.46479577753853
9693 -19.75390558620391
9694 -26.75880689551268
9695 -10.935491321309092
9696 -26.110345297461755
9697 -21.89226443316191
9698 -45.65286093340474
9699 -28.687899621262623
9700 -34.176219981696484
9701 -24.060357737709275
9702 -41.49618891197548
9703 -12.787755548229324
9704 -11.749976201031677
9705 -18.030010310771903
9706 -29.326440438695425
9707 -26.387984068895747
9708 -1.640753863248683
9709 -13.754892819848465
9710 -16.045769849180214
9711 -3.453882906140061
9712 -17.122200603853415
9713 -5.907334938856657
9714 -16.430598147419367
9715 -21.827181924024043
9716 -19.56518497896366
9717 -33.245154205262075
9718 -52.80722223446981
9719 -0.9405439806942013
9720 -26.916530926949783
9721 -16.27605976549079
9722 -12.986784900846251
9723 -26.057335860724997
9724 -44.484577713737814
9725 3.9002642900534554
9726 -44.44590604313475
9727 -26.354947510592464
9728 -35.0174700912711
9729 -7.770073964338517
9730 3.245712945435662
9731 -6.448751542138634
9732 -3.2950662804648165
9733 -11.951472679282451
9734 -2.476887468539353
9735 1.6289699560109876
9736 0.7575346100780007
9737 7.744391778434074
9738 -12.43768075734013
9739 -28.88575976951877
9740 -10.48517083707513
9741 -7.002483878321218
9742 -18.853000924694207
9743 -46.612838247449105
9744 -23.96100414147062
9745 -41.362992719649625
9746 -20.10855125679387
9747 -42.54154425952918
9748 -29.587138758151124
9749 -31.2508934867091
9750 -24.78906301680952
9751 -0.8242825483622437
9752 -1.9186730189702939
9753 -1.0219663237281202
9754 -1.1912543698410445
9755 4.096421768365398
9756 -11.97910714002006
9757 -5.168613648616738
9758 -7.7112304626156405
9759 -8.679784232432139
9760 -11.18273133536335
9761 -8.478982159430451
9762 -7.219527176573465
9763 -12.133148915263737
9764 -10.596283637844609
9765 -19.67416189277152
9766 -16.79437708857571
9767 -23.724451191786212
9768 -21.757078722396983
9769 2.707278790346172
9770 0.42133889899152566
9771 3.8404636588283756
9772 -1.065190927572985
9773 -3.462299388227111
9774 -6.392423599866597
9775 -5.145469792908844
9776 11.129568389148771
9777 -12.506592949841288
9778 -9.22811157591539
9779 -6.915035085721175
9780 -11.504529167681612
9781 0.16882153927057517
9782 -16.29325908341605
9783 -28.86716132139001
9784 -8.234074862113339
9785 -29.525414699530373
9786 0.9341128695075167
9787 -15.319545778250466
9788 -22.58161029718307
9789 -12.64646783361488
9790 -10.886464010341879
9791 -10.756106214354514
9792 -22.28073127978132
9793 -35.84283442836779
9794 -27.65242848466107
9795 -20.20510041765083
9796 -5.404969288343418
9797 -38.728368195783844
9798 -12.137497206642875
9799 -0.33798647340503524
9800 -42.8092541434092
9801 -57.35708713161759
9802 -32.727879981142905
9803 -33.540224826365154
9804 -23.966952925074875
9805 -4.519471831752453
9806 -31.267330575754603
9807 16.3834183332813
9808 -17.764795141942013
9809 -12.263522633082175
9810 -28.20239703757412
9811 -3.0295843268936733
9812 -17.52934597951491
9813 -20.468992198702182
9814 0.2432780503212416
9815 -3.5365146849410665
9816 -14.133241766841675
9817 -27.822481851353224
9818 -4.023699481688527
9819 -8.234636599477234
9820 -11.855845718182245
9821 -4.689379214629444
9822 -9.639342897794123
9823 6.624207584861579
9824 -3.7636861098580994
9825 -5.291651707101992
9826 0.2748266194399912
9827 -3.270081776842417
9828 -0.6957132934997208
9829 -6.946022787981783
9830 2.5893062890935106
9831 -2.4699192272208164
9832 2.5969727967753715
9833 -19.44501860383374
9834 -12.641964204695832
9835 11.810439298368873
9836 -10.472133589691365
9837 -32.856815780706235
9838 4.65293779381187
9839 -43.98253547857734
9840 -34.68525091506075
9841 -44.82053153654764
9842 -19.450523266633972
9843 -19.49665033323283
9844 -17.935392102973275
9845 4.851414097273955
9846 -41.905949031390335
9847 -7.294845199089322
9848 -47.94813275597146
9849 -14.057122435353813
9850 1.8584303898520012
9851 -1.4770147662142699
9852 -1.9145646895228128
9853 -7.9760104852750375
9854 -8.986583761657675
9855 3.0484388469267287
9856 -7.43284692296249
9857 1.3381352187212905
9858 -22.37439158304682
9859 -17.188216508575277
9860 14.431608504633623
9861 14.192382150340272
9862 -20.321646482900103
9863 7.979892076054093
9864 -21.554415741161357
9865 -19.755386341766425
9866 -6.735157328670757
9867 -25.140135845355253
9868 -47.35605853607907
9869 -18.707300276628086
9870 -35.89205480627919
9871 -35.522408032937676
9872 -27.328962330870855
9873 -0.196155066168576
9874 -33.13719414888357
9875 -21.670023780297633
9876 -3.577511161911243
9877 -17.0468960854091
9878 -28.28967736765393
9879 -9.478498833325865
9880 -34.01646677607103
9881 -29.24930058242171
9882 -26.05912025431113
9883 -32.13381672299365
9884 -18.11676363947554
9885 -31.749488215805613
9886 -32.44908908130135
9887 17.9166556796823
9888 -33.95179346079982
9889 -17.710017615349496
9890 -30.69222931982644
9891 -4.0868532561537
9892 -40.64740071678258
9893 -40.97187359643838
9894 -47.13159544551643
9895 -36.46983998308744
9896 -20.093829864389992
9897 -11.856189590420254
9898 12.311860360278951
9899 -37.82009082509278
9900 -0.5355317934264895
9901 -14.06029052030266
9902 4.03508355440048
9903 -2.4499670920970673
9904 15.911916882726654
9905 -30.271920785143884
9906 -23.0655476020083
9907 -20.650258280452398
9908 -28.526216616700985
9909 -10.132019044219923
9910 -26.604555362078973
9911 -17.882101217685413
9912 -18.845688614571845
9913 -19.606299841908477
9914 -14.419854994895285
9915 -12.441221660247393
9916 -22.595209085364914
9917 -19.21838161048072
9918 -20.422982844138023
9919 -15.839271012414683
9920 -10.563217746305455
9921 -17.19993326050608
9922 -11.150763539097097
9923 -5.42583706354184
9924 -34.07525277106048
9925 -17.58011600088299
9926 -14.993731370599416
9927 -14.397369645902364
9928 0.48181579244090245
9929 6.368349336375104
9930 -40.10288086719011
9931 -27.698538183266063
9932 -15.898125027600617
9933 -14.71924100225995
9934 3.2695941419829615
9935 -16.086793339909637
9936 -10.892768342193595
9937 -12.436952876932628
9938 1.8905753312313756
9939 2.1091717465390682
9940 6.679408003150019
9941 0.08213478460063925
9942 5.68862138997938
9943 -4.028041210577503
9944 -29.312164324025797
9945 -14.838860983391932
9946 -5.010216539321554
9947 -4.196970720642566
9948 -7.783227665735758
9949 -2.448672745513759
9950 1.2430665241942915
9951 -4.057239888722979
9952 -36.58129057940314
9953 4.876172628834611
9954 -9.847472621476046
9955 -26.6097146081955
9956 -18.512706240693078
9957 -15.329100881865452
9958 -11.31864203701829
9959 -8.626062446795403
9960 -17.20103598630798
9961 -18.56546578330832
9962 -3.530002237627923
9963 -11.188229340198594
9964 -8.39781405743066
9965 -6.662386700843635
9966 -7.9435495559226545
9967 -7.798488504940033
9968 -14.354333090957224
9969 -19.341423336322478
9970 -3.8547090923822545
9971 -21.197037039126297
9972 3.5453875394986243
9973 -19.45449738655865
9974 22.298359956417844
9975 -5.730653246494913
9976 -3.590354859360523
9977 0.11333262975866092
9978 -11.930864351304189
9979 -30.29353236258088
9980 -33.090900742675295
9981 -10.462312670123792
9982 -16.246082453644195
9983 -0.9216905249246338
9984 -40.52648889949356
9985 -5.0897309864673295
9986 -14.898547086948529
9987 -2.305551914263633
9988 -30.27756573696679
9989 -17.470737129638582
9990 -15.125374443061737
9991 -4.903171836593247
9992 -18.02145768720089
9993 -25.87648466482584
9994 -7.425999479761958
9995 -23.47812161162059
9996 -5.441430871197517
9997 0.9976948429456388
9998 -1.6888505726745644
9999 -1.6288253256918688
10000 18.346783300254174
10001 -5.525897990636004
10002 -25.008505412074882
10003 -29.81721978396934
10004 -7.305040674818738
10005 -13.923632253577816
10006 -31.774187892752963
10007 -24.937057691844092
10008 -1.4512361928580504
10009 -12.6881692292972
10010 -25.846335902658613
10011 4.315501670993835
10012 -6.517292461127072
10013 -18.51597409121765
10014 -13.792551687894155
10015 -20.93659227834054
10016 -7.904727753965708
10017 -11.526394309404713
10018 -10.89203081040454
10019 -11.708391745161206
10020 3.8046584625865214
10021 -28.3836412162763
10022 -22.390804648941558
10023 -22.67139624609961
10024 -10.093240371611028
10025 -23.040469027602665
10026 -14.178311261614581
10027 -20.309252404481523
10028 10.49800555989088
10029 8.289928002465604
10030 4.5833810816575715
10031 3.2770181801149736
10032 -3.806421051407524
10033 1.3138004493623157
10034 0.6425377081031911
10035 9.80352225451832
10036 5.476746986417129
10037 5.62771648569862
10038 -1.3156070352290408
10039 -2.6154028778587235
10040 8.159043106819153
10041 1.3048394996223214
10042 0.3383859204153123
10043 -1.4858324335150246
10044 -4.542193663462094
10045 -18.442761948487604
10046 -34.77788635505203
10047 -14.424634377572948
10048 -17.333689258234664
10049 -23.217516206017898
10050 -7.8273373268224535
10051 -46.13192478196099
10052 4.480582972771518
10053 -2.757273073146789
10054 -18.15518618817994
10055 -4.18070740139432
10056 -0.11504765246034367
10057 7.65935761716275
10058 -20.4281826137015
10059 3.155988841740909
10060 -11.016697823845025
10061 -7.368589745947393
10062 -3.364378015451075
10063 -11.535874153585027
10064 -9.003825150283665
10065 -21.20417210304455
10066 -10.579458196525083
10067 -27.275379096053367
10068 -14.939438008075667
10069 -17.91809793923385
10070 9.590059517730698
10071 4.050837046508677
10072 -7.156208314903925
10073 -8.175359880736941
10074 -10.636946180382802
10075 -10.535013828783558
10076 -25.52861195303267
10077 5.107810924863152
10078 -11.027175708489958
10079 -12.842417772122426
10080 9.847772013678041
10081 -5.9531942603498464
10082 -8.549119712337852
10083 -9.106042227466968
10084 -2.9500026317742596
10085 3.8830893827944237
10086 -2.681341209285456
10087 2.6396563110912394
10088 2.933351634191931
10089 3.762826038939529
10090 3.6324945855795523
10091 5.152883311961632
10092 1.2917876839035307
10093 -0.7376161522946495
10094 -0.06268225238643936
10095 1.4294550886373327
10096 -0.08758763545993134
10097 -0.5977158918742498
10098 0.9580188614284271
10099 0.9092323800905433
10100 2.9701914405643763
10101 -8.472854880025116
10102 -20.95551163701195
10103 -44.2897476752683
10104 -28.074263897670754
10105 -15.570333162227325
10106 -27.913120727424975
10107 -14.924362516395195
10108 -23.80691123103403
10109 -6.73694750971612
10110 -19.80376150913493
10111 -38.748967164421195
10112 8.541130558717995
10113 0.7475894187936502
10114 -44.30477203175585
10115 -13.77937810807678
10116 -30.329960178235925
10117 -46.279235764583426
10118 -24.615686514053085
10119 -44.41865530133408
10120 -7.582093876687723
10121 -25.081966294804296
10122 -39.98886704982942
10123 -22.930978526631517
10124 -11.183491444140381
10125 -5.545129765398742
10126 -1.8293843534866756
10127 -0.46071471889197707
10128 -3.065869441382674
10129 -1.0423837076729978
10130 -0.07552160853927489
10131 -1.659777328792261
10132 -16.757749646294396
10133 -21.954671027264556
10134 -29.530444945118216
10135 -28.037865412443498
10136 -16.268817407526075
10137 -12.533704753307248
10138 -9.247634447802701
10139 -30.281547865544418
10140 -22.832818062429578
10141 7.557414749292366
10142 -31.086178249450022
10143 11.76408549029351
10144 -5.05213724629255
10145 -21.224642747901235
10146 -21.702094523697742
10147 -6.451216157346207
10148 -3.4576814225892303
10149 3.2625358763289114
10150 -21.730657558540695
10151 -23.229444356059247
10152 -16.913132371068205
10153 -5.256559822932613
10154 -21.651632675407456
10155 -19.476012576543873
10156 -41.98956621428209
10157 2.7850599790987327
10158 -35.22315758859186
10159 -23.251274666319805
10160 -10.171292203410994
10161 -35.476304220074816
10162 -22.54188780819386
10163 -11.576970879121218
10164 -25.911420340949554
10165 -12.671013908417663
10166 8.742893333103567
10167 -5.285944811774389
10168 -9.161337974559865
10169 -15.747998422193486
10170 0.22561647137525143
10171 -16.70469157917483
10172 6.436566837202699
10173 -7.149618968235591
10174 -3.1689972416871752
10175 -3.0023014578144647
10176 -14.045319907717204
10177 -5.788232888992497
10178 -9.949643483227993
10179 -16.86214631825249
10180 -2.2678126760720625
10181 -1.0323154970769246
10182 -3.1081635447771987
10183 -15.418329243764893
10184 -8.211369915407268
10185 -8.781821654076047
10186 -12.72657093640897
10187 -4.216655877267331
10188 -15.757406865245285
10189 -4.98711696989194
10190 -1.4861092487290444
10191 5.8271424912831575
10192 12.327468354370358
10193 -0.8992824599942832
10194 -8.813062437632471
10195 5.842621001855586
10196 -3.5946113910088022
10197 -4.292037486016488
10198 -4.327772634625871
10199 -8.838654309968842
10200 9.944488289175352
10201 -14.213990063228849
10202 -5.606891744373424
10203 -12.655204549496556
10204 0.0887585780241352
10205 -3.229061276721477
10206 -9.62897539327896
10207 -0.6659410138393287
10208 -10.883500957579235
10209 -19.57146759871699
10210 -27.205871011473793
10211 -12.733551142969517
10212 -20.731239779715253
10213 -13.787242599656311
10214 -16.688848548529496
10215 -22.883414892465517
10216 -24.196925115209016
10217 5.629416937257193
10218 -6.8727185962883235
10219 -27.66005765045411
10220 -23.64111401128277
10221 -6.678907344401232
10222 4.753538748979627
10223 -11.774446244176943
10224 -10.697287415338506
10225 -22.455100417442445
10226 -13.00834708129376
10227 -22.979473236904887
10228 -14.015787295139743
10229 -24.191718592205724
10230 -0.56606138220508
10231 -17.171888448971586
10232 -3.8103382458719715
10233 -3.056441990416497
10234 0.11962326097302138
10235 -28.035353523157244
10236 -12.995845616161969
10237 -5.664384260477236
10238 -2.8749096097233995
10239 -12.364521103299047
10240 -2.4717371015815295
10241 -4.37440644228147
10242 -4.20199710511617
10243 -7.105212520847999
10244 -4.386882626241277
10245 -7.362313685876143
10246 -6.24574121787431
10247 -11.700899203842418
10248 -7.718348546055495
10249 -4.210316427528596
10250 -6.213696811485424
10251 -15.835367903294973
10252 -6.22188066916191
10253 -7.788744967717939
10254 -6.08804227385146
10255 -9.294890290790208
10256 -15.479160143824119
10257 -16.79701846138094
10258 -14.145323038845381
10259 -10.49518935583299
10260 -9.449567613861582
10261 -27.05969276463715
10262 -38.94318269041338
10263 -21.292153881045817
10264 -1.6034593215181667
10265 -35.05453316552128
10266 1.9665050721818988
10267 -11.23720869472294
10268 -23.210005136966938
10269 -30.119044642379304
10270 -21.118950858854078
10271 9.976524782386113
10272 -2.010743059857341
10273 3.0337965722636726
10274 -34.028312048348305
10275 -14.536312678537652
10276 1.5016448757113539
10277 -14.931238133093284
10278 -6.9731017846131
10279 -19.823369962970318
10280 -5.167242116253765
10281 -4.953801181423187
10282 -3.601790550255682
10283 -2.075440207329666
10284 -2.984503546434862
10285 -3.768032469276077
10286 -0.8911392240476562
10287 -3.5291108116536636
10288 -4.17531707250484
10289 -6.509302538092451
10290 -1.7297843339171959
10291 -3.269601765928528
10292 -4.384813507071085
10293 -5.697006323253008
10294 -4.589392679272278
10295 -1.7726253142999484
10296 -2.754630928118713
10297 -3.9522176067432158
10298 -3.850317868220882
10299 -6.6186651027984045
10300 -7.123043045304512
10301 -5.313106304270478
10302 -6.3874043535401865
10303 -3.9945924677990843
10304 -6.180418266622582
10305 -20.416661919323378
10306 -3.216117235231359
10307 -12.196576609809272
10308 -7.43685597263262
10309 -1.4656263522058726
10310 -10.093150931356794
10311 -11.402847968225105
10312 5.794323986247328
10313 -17.125918747348624
10314 -21.55233456127433
10315 -25.662576167313674
10316 -14.558966007060517
10317 -13.275074652782497
10318 -9.193428691854933
10319 8.876953741078614
10320 -9.018189545469212
10321 7.509568706210848
10322 2.239960060976009
10323 -1.4068782747622754
10324 3.000965815561358
10325 -0.5738577553052164
10326 -5.849761566808593
10327 -1.1024977209699864
10328 0.3516048479663732
10329 -0.19612351735515404
10330 2.7526913851342396
10331 2.0042921657253463
10332 1.761218760074844
10333 -1.9201308100293681
10334 0.5646786540148605
10335 -0.21809083398926304
10336 -1.996943679068645
10337 -0.6159007093650871
10338 -2.054955381653417
10339 -3.2621288081811506
10340 -1.2496463177639816
10341 -3.509650944726454
10342 -2.0803119282033005
10343 -2.0020944335419335
10344 -1.8879310661005728
10345 -4.285286624025466
10346 -12.627739129744295
10347 -10.015274607557512
10348 -0.24474018548484308
10349 -6.213426460478659
10350 -6.338847699762118
10351 -2.160181246848515
10352 -8.715583158224472
10353 -6.808637216506468
10354 -0.6821506874683837
10355 -9.699045984637197
10356 -10.01447792911451
10357 -17.73315423462729
10358 -22.642791146172094
10359 -17.166553214672167
10360 -1.950519727885985
10361 -7.02053149568077
10362 -4.445935692396452
10363 -12.62555548290562
10364 10.333697295304736
10365 7.803590631838597
10366 -3.5486913812240526
10367 -0.25777357175436916
10368 -9.338227299392747
10369 -22.626051674316113
10370 -23.222701502721176
10371 -21.19001553408787
10372 -19.6517133072023
10373 -25.941363206040986
10374 -26.345504811735154
10375 -23.74024356742084
10376 -40.857473937229955
10377 -40.537596639981786
10378 -28.43642420357719
10379 -26.073782404586236
10380 -24.39642261458881
10381 -30.113648430555767
10382 -33.92107601407115
10383 -12.45606761640869
10384 -24.603773993802168
10385 -20.825426991690183
10386 -6.357461199216195
10387 -3.5137755835204736
10388 0.20875378644981538
10389 -24.74870469076006
10390 -3.6092625420224795
10391 -17.14837090479952
10392 -27.111072667953557
10393 -11.997751418872795
10394 -32.08675481183993
10395 -26.506622605334123
10396 -21.895930090776236
10397 -20.72945615835197
10398 -25.415598784845788
10399 -36.08915223985721
10400 -14.1387200898226
10401 0.9605502416193485
10402 13.148895427632814
10403 -15.80081151214501
10404 -6.956149370200873
10405 3.6685893345002842
10406 -26.432509775571816
10407 15.123616100062355
10408 -35.35215957748151
10409 -13.388942680085748
10410 -15.936080008007266
10411 -4.69090309954001
10412 -3.0794581008088424
10413 -13.783363227262889
10414 -21.052156803421386
10415 -35.137260562359295
10416 -31.03669167368673
10417 -26.50678016406775
10418 -25.281861696748674
10419 -23.330139769525704
10420 -26.426720771894907
10421 -4.729054715964448
10422 -9.240280552777985
10423 -13.59520213619282
10424 -20.263210922638827
10425 -6.88667061885717
10426 -21.083220919238812
10427 -22.32245872605039
10428 -29.25386500072331
10429 -3.2406189254729543
10430 -10.615597812997294
10431 -18.893355100396874
10432 -10.174948886391794
10433 -5.744475207079668
10434 1.9484410528090665
10435 1.836853256362083
10436 -7.53144465624573
10437 -11.604530852647004
10438 1.279706507374649
10439 -0.6427765102965349
10440 1.0811379668075825
10441 -5.34893996605053
10442 -0.5436023758395458
10443 -12.778161656562734
10444 -9.079793288962247
10445 -17.78121447547819
10446 -21.729406436780263
10447 -17.176333995500173
10448 -20.446420209113857
10449 -13.453907960179203
10450 -15.289192273129592
10451 -8.167146114167554
10452 -11.20779572614134
10453 -29.150076180469476
10454 -9.03876304198493
10455 -26.407638547212844
10456 -14.146032397136878
10457 -27.75772314508358
10458 -15.497759170417995
10459 -20.863462053010153
10460 -16.2530934396034
10461 -24.337175229084387
10462 -27.892017817389714
10463 -25.065754498264432
10464 -22.642521856620732
10465 -33.13276731822872
10466 -26.27221084988836
10467 -28.25933997531378
10468 -22.899158255818037
10469 -24.1865656193468
10470 -10.581657475962274
10471 -18.24497618916037
10472 -3.9565537391226098
10473 -18.2202650299613
10474 -34.023539899292665
10475 -27.727914200282395
10476 -8.06784857569146
10477 -13.1784586258512
10478 -19.690503942245122
10479 1.073227161513787
10480 -27.03606397263764
10481 5.179013959966542
10482 -12.825632663300203
10483 -11.444748221118934
10484 -32.66029706216243
10485 -6.0377715633522895
10486 -11.392943109438056
10487 -3.6583083751056984
10488 2.2378187684544537
10489 0.8937676656302938
10490 -3.578669560768321
10491 -5.021751226377673
10492 -2.575329184726579
10493 -6.543644251290825
10494 -10.75950499736893
10495 -11.786570550053876
10496 -4.280982234217227
10497 2.456475198113767
10498 -10.603479971327616
10499 -12.08864829600192
10500 -14.885591754156339
10501 -8.46191647256288
10502 -13.252339603425789
10503 -3.541078617444291
10504 -16.289194751014293
10505 -5.4999339742811575
10506 -8.44043756020299
10507 -29.13673394718222
10508 -29.598359481862136
10509 -17.565849728544563
10510 -19.749444603642623
10511 -7.723334794597613
10512 -4.238463708822819
10513 -4.8802018461574335
10514 -18.522557552143844
10515 -20.1842961304028
10516 -9.557477787452227
10517 -33.26792476282935
10518 -21.022925899714465
10519 -13.814583553934062
10520 -20.634783821943856
10521 -19.7794635958664
10522 -13.44449980355188
10523 -4.842705844122393
10524 -21.71558052241453
10525 2.1118068488947754
10526 -4.401762060369074
10527 -11.9574177955302
10528 -4.535924067598098
10529 6.172453428194131
10530 -8.959854329248774
10531 -12.077068457777932
10532 -11.856327276349912
10533 -13.708448414588638
10534 -3.8740514410324978
10535 -6.664245292409032
10536 -0.038989879769796974
10537 -7.945904945122602
10538 3.381499760081206
10539 -12.415842149194068
10540 5.315071122810768
10541 -3.3284142944950146
10542 -4.675257864650775
10543 -2.808368343545881
10544 -3.9915047529961156
10545 -4.260401888786873
10546 -5.050929253880168
10547 -3.5165783761735656
10548 -3.9557223274999704
10549 -5.313013968882587
10550 -5.556564782353962
10551 -4.576883399245271
10552 -7.9397346346521225
10553 -6.507237083470682
10554 -3.91554558614298
10555 -25.01879785372119
10556 -6.343051742721436
10557 -20.622405376123787
10558 -2.847525526097597
10559 -19.504754205470817
10560 -11.778501413803605
10561 -11.367316307356232
10562 -14.167814464530093
10563 0.1567473099392373
10564 3.053359967597935
10565 0.06957581554350327
10566 -11.33158906911689
10567 -25.5319358613198
10568 0.9093118825387501
10569 -16.796563824305775
10570 1.1575068077095785
10571 -10.63093757618466
10572 -23.599418113827124
10573 -15.598883555080247
10574 -12.87117184647359
10575 -29.503853485063445
10576 -26.19592488955852
10577 -6.32666588995984
10578 -3.2197223983118604
10579 -4.739223849066475
10580 -2.8879940385191003
10581 -1.7596341896808008
10582 5.374343500254618
10583 3.857620526961691
10584 -2.082308009132539
10585 1.6697318766094396
10586 14.402589195603069
10587 14.066207266487035
10588 10.401657084307518
10589 -10.800841196230321
10590 -34.41836443134234
10591 -24.55386799713364
10592 -20.010384617617238
10593 -20.397760990101233
10594 -10.170510674576217
10595 -19.837693932991822
10596 -26.192571454277786
10597 -24.008832047143514
10598 -14.410951453605811
10599 -11.37448890411295
10600 -25.123682258821646
10601 -22.632460303989646
10602 -17.47553523380615
10603 -20.642187888988992
10604 -17.572585345452534
10605 -6.351851851078681
10606 -14.344447431034204
10607 -23.997301605909016
10608 -19.916829867386696
10609 -19.306481774456625
10610 -18.50102702160075
10611 -24.061716729173202
10612 -27.359366780234996
10613 -22.401565040784917
10614 -28.394273862804113
10615 -18.058380952610605
10616 -21.87687150734564
10617 -15.024525331975893
10618 -9.964310168557276
10619 -11.359714155322436
10620 -16.351365244299522
10621 -19.416060946267244
10622 0.5498444721459237
10623 3.109817008681566
10624 -1.0087190289217687
10625 -21.27418702415569
10626 0.27918079375318483
10627 -14.921552872019383
10628 14.460122911901854
10629 -36.53781714008408
10630 -9.321729814096324
10631 -12.247123461582524
10632 -28.566336238840012
10633 -19.382898762751136
10634 -28.6311922002591
10635 -21.091105384713302
10636 -25.42698005789891
10637 -28.8352138837261
10638 -21.26040858043445
10639 -30.096797036932404
10640 -25.874661870703566
10641 -10.226031809649575
10642 -31.211900037865707
10643 -24.78454877333643
10644 -14.783133465444408
10645 -8.630473451094003
10646 -12.97370124708148
10647 -23.65296246511818
10648 -7.267265734658867
10649 -16.76833202251888
10650 -14.371514754464151
10651 -17.846454352400034
10652 -6.674362032296922
10653 -12.370356420690223
10654 -13.855554367832957
10655 -1.9278145874221808
10656 -4.293028099101357
10657 0.2316545997589128
10658 -2.3397224635658493
10659 -7.5219685748967455
10660 -3.392836460431572
10661 -1.6421642791380873
10662 -3.467517488956946
10663 -2.044172988479113
10664 -4.423449090998474
10665 7.679919631426746
10666 -17.738324673762982
10667 -18.22083207179414
10668 -2.3964113568371976
10669 -32.421034427435664
10670 -8.63627046342386
10671 -14.55604511485726
10672 -23.21436104948356
10673 20.66586308736951
10674 -3.393864797304559
10675 -52.15271546536285
10676 6.351051025096967
10677 15.237083037626725
10678 -3.138170574567048
10679 -16.69440396181526
10680 11.369624032153952
10681 15.934653959519347
10682 -11.995948112847108
10683 11.54310994905958
10684 -1.5744598880996636
10685 -10.03823417719701
10686 3.7400216186983744
10687 16.348088612899154
10688 -16.83024056377384
10689 -4.570489627139323
10690 -8.400855360236456
10691 -2.2424742669308033
10692 -2.7233497193982474
10693 -7.578940843064192
10694 -3.9729055326445084
10695 2.036114946965099
10696 -0.627535448421404
10697 -6.8491354440631405
10698 -2.3498597558138137
10699 0.2859428487633704
10700 -11.448002851188358
10701 -7.614317840333096
10702 2.1921666020582777
10703 1.8409556045926
10704 -11.794902416173427
10705 -7.432850205611612
10706 8.62575099106849
10707 -1.2884143786269124
10708 3.110050405314978
10709 -12.052557891185716
10710 -3.921295417060901
10711 -0.6965266631885606
10712 -13.040615715924796
10713 -4.976976877985144
10714 2.120433381212497
10715 -4.141900266055309
10716 -4.511953430796566
10717 -10.371537941800634
10718 -1.6082969831521041
10719 -12.8343788368057
10720 -1.9976729101641104
10721 -10.899443753800297
10722 -14.909226336423162
10723 6.145800510433037
10724 2.6779581543443784
10725 -12.426808923911594
10726 -8.237950665433164
10727 -18.82808627775463
10728 -2.608520892428205
10729 -15.432250969925372
10730 -14.199949951093732
10731 -24.40174964928563
10732 -34.25016840100245
10733 -31.638434848114557
10734 3.300487672369345
10735 -6.120096713521198
10736 -7.894363431008678
10737 -22.410164652010135
10738 -8.791133614201245
10739 -31.87212904285814
10740 -14.963596019836986
10741 -14.154180460178322
10742 -16.229482596870948
10743 -6.262822343582665
10744 -25.70517487190431
10745 -19.284290513196755
10746 -0.2770351627432683
10747 -29.820477890445616
10748 -4.34680642549094
10749 -5.8529541607065765
10750 -7.3394111399797834
10751 -19.537761144113755
10752 -11.506741763048776
10753 -3.8586477069044487
10754 -27.647970203475705
10755 -22.85719403479161
10756 -5.796977422577474
10757 -17.43184615055492
10758 -20.34611585210543
10759 -24.157589627805866
10760 -16.773811696187767
10761 -15.683428826278977
10762 -17.592968670157717
10763 -16.936053924878944
10764 -16.583166600096447
10765 -25.432263867772853
10766 -11.3329133245931
10767 -6.264190983620065
10768 -2.058816709304956
10769 1.3054121379647403
10770 0.2490648356125166
10771 -3.2338717280303535
10772 -9.463508634360915
10773 0.17557230578677263
10774 -2.880988166079187
10775 -7.129684299388609
10776 -7.240235559360007
10777 -31.799051306216715
10778 -16.14502020624437
10779 -16.41539201528969
10780 -2.6906844317996
10781 -2.1146552813221935
10782 -18.107350178379274
10783 -10.71451413734656
10784 -12.898942737927719
10785 -9.294748746554395
10786 -21.017480285285274
10787 7.626321345283941
10788 -15.199916440585657
10789 0.47804728316754336
10790 -40.7776354962663
10791 -33.19454405929617
10792 -20.819101627296185
10793 -20.2836452870621
10794 -10.710258184163395
10795 -3.2245530144653456
10796 -3.3925222078539083
10797 -4.035672499281354
10798 -4.834376488429116
10799 -3.514837592117692
10800 -4.437929561106285
10801 -11.89348316617019
10802 -5.149730665853567
10803 -4.328613310114597
10804 -8.884880468203482
10805 -6.8893995027635535
10806 -10.397111581253558
10807 -28.890225287134236
10808 -26.812672446578944
10809 -28.431363950813537
10810 -16.03639874240107
10811 -16.64818677821415
10812 -14.19314399732073
10813 -25.014342369386576
10814 -18.625683614244917
10815 -22.83955039949651
10816 -18.11395891766937
10817 -16.952615479398954
10818 -23.34070574373691
10819 -19.72661663762483
10820 -18.911945539872686
10821 -22.43260108138769
10822 -9.449191322304396
10823 -6.963679444358131
10824 -9.051115824733715
10825 -9.030812294517382
10826 -11.209306873587048
10827 -4.871630408429773
10828 -4.925583566072018
10829 -6.4955212975204635
10830 -9.614739995814016
10831 -13.719421075048304
10832 -11.998146620061453
10833 -18.855473351988913
10834 -7.812033069037571
10835 -9.470522998444066
10836 -13.670754425847845
10837 -5.769366212767782
10838 -4.86008086380607
10839 -13.67734608918472
10840 -5.759017617884092
10841 -2.855817545518221
10842 -4.230393508309062
10843 -5.518442594640219
10844 -2.0110046299883106
10845 -0.16491746978645097
10846 -21.667529739187447
10847 -29.762398164856275
10848 -7.17822059737242
10849 -4.331439547453337
10850 -44.23817653868595
10851 0.8212239730374131
10852 -3.2159305370195943
10853 -4.104911485259217
10854 -17.849860852026758
10855 -9.175048395276535
10856 0.18674044533399864
10857 1.1268308504084417
10858 -3.031552332608262
10859 -13.04563862960771
10860 -4.407621209961362
10861 -8.05729437015645
10862 -17.932995221537713
10863 3.0252406688516205
10864 -11.209945701255783
10865 -3.8578742821974448
10866 1.8487850737599365
10867 -3.8881695111701267
10868 -0.906123343512736
10869 -3.2407130945390965
10870 -15.73654690494208
10871 -5.140400470036838
10872 -0.9956867041076475
10873 -1.1243646963713398
10874 4.798308753267629
10875 -12.634223501842788
10876 -21.04003278677701
10877 3.854621289240458
10878 -15.493674476605811
10879 5.396150750536908
10880 2.031951812160114
10881 1.6213056695228443
10882 5.02061723537874
10883 1.717754584621871
10884 -1.5639212168802623
10885 0.2151340516761411
10886 0.32357363878632894
10887 -2.2380004514298344
10888 -4.191298463019775
10889 -1.4333766272063075
10890 -3.6439470660034567
10891 -1.134487226526544
10892 -5.148248079420882
10893 -2.3961185243172802
10894 -8.151526736107334
10895 -3.4764192920429924
10896 -3.4225932057763564
10897 -7.693774589795794
10898 -30.49246185414726
10899 -8.693878568651561
10900 -12.428356447265541
10901 -20.613396380082268
10902 -7.733159864511981
10903 -16.511816424247662
10904 -18.57909361268539
10905 -7.538415792697924
10906 -33.01701301166089
10907 -10.280009956423164
10908 -13.016425383127206
10909 -25.057508118618134
10910 -42.960175307156604
10911 -22.125723495876738
10912 -27.731818466332335
10913 2.197003586944193
10914 0.3778656506221159
10915 -5.866880612870882
10916 -1.7316551799571607
10917 -10.21103514647737
10918 -7.238852640220139
10919 -16.20865100101495
10920 -22.17513983305791
10921 -11.223488529957976
10922 -23.303589026675617
10923 -27.3620586142932
10924 -16.23077539900856
10925 -19.331424884126317
10926 -23.82690021944014
10927 -14.721045948206156
10928 -22.027484978197464
10929 -15.166066897300915
10930 -19.640419446967424
10931 -16.04466644663029
10932 -20.17097396367724
10933 -13.341428159292846
10934 -20.558943428580825
10935 -10.235190841570148
10936 -8.481275414176052
10937 -25.80823687039796
10938 -8.026184903797256
10939 -6.870477347241394
10940 -12.034719453551078
10941 -13.454391736732505
10942 -2.4463191871839807
10943 -2.431149913952831
10944 -2.231001427904557
10945 -3.687102877428988
10946 1.0094341746724966
10947 -2.9337724085932133
10948 -27.718508554081346
10949 -22.555603151480174
10950 -6.340102196838416
10951 0.39679803599094154
10952 -4.261958383966267
10953 1.6970150377292885
10954 -4.053742693628883
10955 -0.8773487196095812
10956 0.6979934260730806
10957 -2.3730729852142396
10958 -2.4552872750711687
10959 0.2550908049964346
10960 -11.090327169094671
10961 -0.7460105403840135
10962 -14.0664296666671
10963 -6.224201810980594
10964 -20.34304328691069
10965 0.46299282402935205
10966 -0.5506541744782589
10967 -2.9092041415098358
10968 -3.5190271650248905
10969 -8.064038866223127
10970 -23.23337428518047
10971 -12.143375167583727
10972 -5.83748703410296
10973 -5.94669686436202
10974 -15.621754552163184
10975 -27.75833669438842
10976 -35.75586584043936
10977 9.92181614649584
10978 2.800095042807079
10979 -21.027427888712992
10980 -0.19191561328159878
10981 -16.247788117004966
10982 -4.532580188224092
10983 6.050586216798256
10984 2.7670642719630267
10985 5.801475359512114
10986 8.842069107481075
10987 6.820021673925803
10988 3.03509796151935
10989 -1.3662798969224967
10990 -8.071176920749858
10991 -2.809999230462272
10992 -6.032221842050931
10993 -5.782903155727836
10994 -0.9896287001119345
10995 -3.8226905456304667
10996 -8.915570513657439
10997 -23.767462372892624
10998 -33.88209954570615
10999 -16.938964491760707
11000 -17.32693955317387
11001 -11.113039930695958
11002 -20.51208298053971
11003 -16.16892832107609
11004 -29.103808923130856
11005 -20.213772682409616
11006 -11.669167699343234
11007 -37.728681419447675
11008 1.4481074716178408
11009 -0.4901331885083346
11010 8.732901154165011
11011 7.523842793444492
11012 8.106408900184178
11013 -6.1705426427884955
11014 -28.10897533993615
11015 -3.0010125139830053
11016 -13.089427672192397
11017 -24.50317554906069
11018 -25.367425656246922
11019 -17.4714192804131
11020 -11.291758612141274
11021 -14.15179998075604
11022 -14.42829038942189
11023 -21.86571870835629
11024 -10.970529849091836
11025 -19.797257839889497
11026 -12.07418876576965
11027 -10.863207365168927
11028 -38.404286369777985
11029 -10.407014609170437
11030 -24.449829184475384
11031 -7.8373264196777015
11032 -19.213860130577523
11033 -5.296963687665412
11034 -9.548361112656858
11035 -1.5376264504596475
11036 -1.7517539700279303
11037 -4.515737861900997
11038 -1.5713785420291242
11039 -0.21964299068029505
11040 -0.7988731256079337
11041 1.144783815711562
11042 -4.252152614006918
11043 -0.010377734361827606
11044 2.260815775457595
11045 2.6574846171621176
11046 1.7628582341092989
11047 1.4610775636947073
11048 4.236662621182768
11049 4.760474764736719
11050 5.925712146543665
11051 4.001186057480954
11052 3.2750874180062963
11053 2.118396293846017
11054 -3.9712029581751267
11055 -3.8005298700115238
11056 -6.810206738383276
11057 -4.318580607729091
11058 -7.556954131000238
11059 -9.248004755334842
11060 -14.69465922829695
11061 -14.73920317066455
11062 -25.69084356997788
11063 -22.146778935267502
11064 -4.159077874690265
11065 -15.350205044305767
11066 -34.73774058685143
11067 -16.099892915505478
11068 -32.66874644655894
11069 -33.82194597494279
11070 -32.75742156554581
11071 -31.321928059292258
11072 -17.529982684272834
11073 -35.12716273210288
11074 -15.877425521164696
11075 -19.157107460123225
11076 -17.474391114051542
11077 -1.956696600846626
11078 -9.106348471391684
11079 -20.262958902798417
11080 -21.65517087693879
11081 -32.628891292492625
11082 -9.215958035085496
11083 -2.760527607741387
11084 -20.079465561871185
11085 -5.335719398578949
11086 0.14285520905526936
11087 -16.6106319215658
11088 -14.73536711856883
11089 -10.593454505372211
11090 -22.47036009971649
11091 -21.153444247852022
11092 -7.901840921002149
11093 -9.521707711905474
11094 -6.786150036643376
11095 -18.72504869273529
11096 -21.92491466943524
11097 -3.6742037006822645
11098 -27.92977230347242
11099 -27.908978338737796
11100 -10.290914981393726
11101 -37.13817131587217
11102 -3.7471522458453546
11103 -7.563335457681969
11104 -27.62942298882277
11105 -22.920623080025106
11106 -2.328204181331093
11107 -45.620023324979705
11108 -32.65739180255768
11109 -18.464802693686217
11110 -22.176714563928837
11111 -24.593498729200075
11112 -25.282718485018123
11113 -28.637075471285062
11114 -11.976792560691537
11115 -24.642479049705
11116 -30.391182129137015
11117 -15.325335264917667
11118 -13.030937402048439
11119 -7.854845201982825
11120 -16.044747398049367
11121 -14.552390167271806
11122 9.410561621311063
11123 -15.706282938358346
11124 0.41942849548519007
11125 -27.581555331925774
11126 -38.33441801094712
11127 -36.124085503837556
11128 -26.363688183063203
11129 -36.64325228047892
11130 -43.773850484546855
11131 -59.17683494707992
11132 -50.158105761052575
11133 -41.050203015675216
11134 -22.241038121219898
11135 -10.196618549027335
11136 -28.456099231446277
11137 -25.888905566054017
11138 -12.745608487297286
11139 3.99436958462873
11140 -1.0697646069325857
11141 2.089925114208745
11142 -11.218697855978244
11143 12.733814543970658
11144 -2.3477399816329125
11145 -0.3396086749204551
11146 7.421372927006014
11147 4.618405908802961
11148 -0.28323490192444295
11149 -1.4264605825360923
11150 -8.878046531882573
11151 -15.092784513180668
11152 -10.026711842898367
11153 0.13752209485857747
11154 1.3629053308165748
11155 1.7781313277881419
11156 -3.280764404440997
11157 -1.3223945623608597
11158 -17.258149896994144
11159 -6.791353762795916
11160 -5.329897492592572
11161 -4.282088531900809
11162 -2.082475410197367
11163 -13.06410209599082
11164 -8.451999261018354
11165 1.7745103411594756
11166 -15.567497178032209
11167 -3.792102388663043
11168 -1.2323624793460477
11169 -2.578420662360877
11170 -8.05196531083173
11171 -7.296117934665236
11172 -3.2531016719229227
11173 -0.3725607155391481
11174 -20.246418962093884
11175 -10.012295149973506
11176 -16.15777976790836
11177 -25.369508189629997
11178 -25.890804004318344
11179 -19.584423799206853
11180 -39.34370118656807
11181 -22.179224813294567
11182 -5.9655034307602905
11183 -12.372019145652594
11184 -7.243160983809357
11185 -12.949155172278697
11186 -5.134812058966782
11187 -22.837365401969873
11188 -11.996097954968427
11189 -9.568641585703007
11190 -5.045092973316495
11191 -16.364342092624284
11192 -7.360271294040722
11193 -7.616315757748671
11194 -5.13367623709768
11195 -14.090379849391466
11196 -1.1403165598926717
11197 -27.80558231033734
11198 -2.811723418747133
11199 -12.872532576140948
11200 -17.68008333737613
11201 -22.32588693496742
11202 11.58584363820395
11203 -15.743842136303137
11204 -16.215666426553508
11205 -19.291673449416702
11206 -27.030704521429726
11207 -9.565509393672109
11208 -17.399831077401906
11209 -24.392394559812384
11210 -27.756282528260634
11211 -24.50735778725488
11212 -33.515353019541074
11213 -26.45248322966232
11214 -29.52253105093303
11215 -8.94835843024426
11216 -40.50258869783996
11217 -18.943634591771843
11218 -12.03690985663765
11219 -13.851967634201719
11220 -1.8829125919970102
11221 -5.601501513766852
11222 -3.1597002374124714
11223 -0.24765432144020452
11224 0.14523935302597238
11225 -16.424760614450644
11226 -11.479296991131413
11227 -1.4184576328040566
11228 -1.6646075602383643
11229 -10.883437857144308
11230 -18.464591680283046
11231 -25.144300718363667
11232 -21.414033636148815
11233 -33.33654306135519
11234 -23.180981483831857
11235 -33.92772759347674
11236 -19.817658437113714
11237 -12.61953983603511
11238 -8.599469925285229
11239 -15.032783289348735
11240 -8.953905548452603
11241 -28.218135189124443
11242 -15.236113945690596
11243 -12.36714462792821
11244 -15.066799270525808
11245 -25.1539928283522
11246 0.8607067921356065
11247 -2.610820226673677
11248 -23.677680282282235
11249 -14.330181641686067
11250 -17.089533771809073
11251 -21.14440051582278
11252 -9.86529398034938
11253 -31.499758501937613
11254 -6.307437007522676
11255 -15.605478593732988
11256 1.4530933354525768
11257 0.9171362381867948
11258 -15.625502899400017
11259 -2.3759016375044304
11260 0.29086657533567634
11261 -1.6540345405467087
11262 -0.3745782165261335
11263 -6.376185368032602
11264 3.2151866364981108
11265 -0.7661027679646213
11266 -4.782613346357976
11267 -10.106354130834516
11268 0.36291433518359556
11269 -26.017112808461825
11270 7.900938784999016
11271 2.3954295246281254
11272 -11.129123015939694
11273 5.448952167287062
11274 -28.843280124842714
11275 -30.895066455566703
11276 -13.115343734912457
11277 -11.224768305398175
11278 -4.232106309817027
11279 16.44258139205078
11280 -3.845621557065024
11281 -6.319326274037594
11282 -2.030104222664231
11283 -0.9092669223205303
11284 11.348273350907984
11285 4.320841440347431
11286 9.091272109205455
11287 -0.9901515511413163
11288 -3.268149762328685
11289 -11.905601586304984
11290 -10.59247122700035
11291 -10.019048039400513
11292 -12.98681915384368
11293 -11.126965321404858
11294 -10.087066876774333
11295 -2.3422529760590987
11296 -34.054622638317085
11297 -19.09580754841154
11298 -15.067521363474079
11299 -25.738397069772034
11300 -8.34615588992936
11301 -14.112461887451792
11302 -12.835984538024931
11303 -22.199146747484775
11304 -7.24830112653668
11305 -36.850530233935864
11306 -18.966494878825905
11307 -21.347888152433153
11308 -32.408551874743424
11309 -4.070511978902942
11310 -18.986604474400373
11311 -19.205620215138477
11312 -11.566837540654232
11313 -10.305008157874836
11314 -18.259015335314906
11315 -25.690128325944244
11316 -15.184844613453606
11317 -28.664514068227728
11318 -12.95426221893882
11319 -12.439667094221077
11320 -13.281893054787798
11321 -18.616818959289958
11322 -23.842965068992342
11323 -20.964209373892373
11324 -5.746770584736078
11325 -10.99943694712245
11326 1.660470666969777
11327 13.859114758836803
11328 14.433432458494208
11329 -10.129031387033319
11330 -6.965162901296571
11331 -10.474400600092485
11332 -8.62934824377895
11333 -10.326843292422128
11334 -12.255515148295963
11335 -11.743491154993244
11336 -15.507628234570001
11337 -7.2937959251488795
11338 -7.331022348400001
11339 -9.739111379883834
11340 -12.869174993321502
11341 -8.185593563244765
11342 -10.824610951192444
11343 -9.565105313324748
11344 -8.412826445868122
11345 -20.1332214095557
11346 -19.33200736479994
11347 -10.994156226139895
11348 -18.060525429498377
11349 10.440818417206028
11350 0.6164087983017089
11351 5.23559478977666
11352 -15.426452413149818
11353 -30.439984627780795
11354 -33.071108965944006
11355 -34.005791581468365
11356 2.1548823856492527
11357 -45.03109403177499
11358 -11.895288401348953
11359 -19.34859043485252
11360 -17.56186161594189
11361 -27.847475905266183
11362 -11.659583459058194
11363 -12.942858753605105
11364 -9.81917521163603
11365 -12.941313836152258
11366 -5.370274534515775
11367 -4.748010063028633
11368 -4.659822677184129
11369 -5.887881440661877
11370 -4.8638813122163995
11371 -0.8116100148091209
11372 -1.5620177605714707
11373 -3.384885999388498
11374 -4.122330308230885
11375 -4.831312895059819
11376 -3.6669901929631306
11377 -1.915664907706523
11378 -2.8958991518284893
11379 -3.2459533875495254
11380 -15.285598401351162
11381 -5.7130668287006845
11382 -4.332647927381186
11383 -9.931241188126732
11384 -4.387277153489995
11385 -8.240181398208952
11386 -27.594935774799524
11387 -16.99250864929403
11388 -26.25770963647083
11389 -18.28442205388521
11390 -50.658245792309316
11391 -0.17643169995732022
11392 -29.24758459654753
11393 0.4602033473062329
11394 1.8175199778201931
11395 8.935235794670152
11396 -14.180711903073389
11397 -58.888943100516336
11398 -39.84907244353497
11399 -11.188141441581974
11400 -3.3733143607671083
11401 -5.845978101684741
11402 -4.96380494089637
11403 -2.2741078395325167
11404 -4.67034581127984
11405 -3.962786765320634
11406 -6.937702112073311
11407 -6.481929742960638
11408 -5.376070774622785
11409 -7.3043443404165735
11410 -3.5533348189835667
11411 -2.7840505546653005
11412 -0.5896372025253368
11413 -4.477435729415301
11414 -3.944681259328354
11415 -7.8178088550674145
11416 -1.8462292829027864
11417 -4.5015164571140485
11418 -8.803045654269955
11419 -10.436537185658963
11420 -7.156288783332712
11421 -1.8564539907770814
11422 -4.51797650785491
11423 -33.26759169609504
11424 -18.70635530331754
11425 -8.702476250723702
11426 -16.135252064598316
11427 -16.367715883699276
11428 -7.008427259173622
11429 -9.529885490082087
11430 -12.380811149882065
11431 -1.1359457898084657
11432 -2.5505034978590264
11433 -10.847171073821665
11434 -21.814401714525157
11435 -6.002469533477415
11436 5.55020458649742
11437 1.1166974164666317
11438 -14.33325700373156
11439 -0.6924012549797771
11440 -2.0249688059407345
11441 -0.013700581193552353
11442 -3.6110073753341565
11443 -2.59131742415615
11444 -2.3386063263591494
11445 -3.3272570525681657
11446 -2.8842558228460256
11447 -5.082536197430017
11448 -4.686202351612883
11449 -12.405937964346958
11450 -7.000755831730203
11451 -4.71947790305916
11452 -7.986516352467879
11453 -7.711583404962003
11454 -13.90453796817892
11455 -15.607519252981147
11456 -20.421010690884724
11457 -19.037625066637993
11458 -16.314895942025032
11459 -10.819898625538771
11460 -22.781616174732044
11461 2.7467018843253026
11462 -35.69206291579205
11463 -42.24803302873916
11464 -6.056318488772668
11465 4.920598954642337
11466 11.487075897954783
11467 0.4033532251366705
11468 -5.108037955572217
11469 -71.02536941940329
11470 -0.5072555116035801
11471 -1.6817286309285555
11472 -9.59474145430926
11473 -8.504886742706876
11474 -14.687584467962878
11475 -9.573546015128377
11476 -7.955710524132301
11477 -4.4304254392528675
11478 -10.609785940291767
11479 -15.005960266338807
11480 -22.972530852415368
11481 -29.05222659352934
11482 -2.6361678013981145
11483 -19.231760991899062
11484 -28.554986708358047
11485 -21.508315595655002
11486 -11.520879613323633
11487 -26.139491680676002
11488 -14.54033890244391
11489 -2.6334017693606437
11490 -8.718005511781666
11491 -13.521403654483
11492 -8.749019360103848
11493 -9.466186478549208
11494 -9.453537875480105
11495 -4.816570470113656
11496 -9.578637721230626
11497 8.383231215846026
11498 6.958735069950926
11499 -11.545318009372568
11500 -2.3932989449435262
11501 -2.2084117810898167
11502 -2.523274274399009
11503 -5.8490355172712585
11504 -2.8154050908592763
11505 -3.885636008068395
11506 -5.71749249961722
11507 -2.9528034952742748
11508 -33.70805585083377
11509 -37.132553765323976
11510 -24.842607078868024
11511 -9.072091567918541
11512 -11.188145976636152
11513 -16.320373105267645
11514 -22.487987136432494
11515 -24.30230921588576
11516 -22.034224357936765
11517 -31.91972461335303
11518 -32.2545831377407
11519 -37.10494352149486
11520 -19.01860835734231
11521 -21.350718540118688
11522 -9.397108816944383
11523 -26.264377716172604
11524 -41.01444683171547
11525 -29.801869889218214
11526 -32.475911913361635
11527 -24.36470664440523
11528 -31.103176205353666
11529 -26.543437228817492
11530 -3.5850985490441962
11531 -11.28320869275427
11532 -13.761822854388592
11533 -4.466403925109771
11534 -5.959977732609696
11535 -7.1645176040355
11536 -6.459621061706712
11537 -6.8746545701992
11538 -4.493232833861839
11539 -4.762737341174652
11540 -2.862913630435214
11541 -6.2026389565931455
11542 -6.523824784052267
11543 -8.160176230120415
11544 -10.101746007527836
11545 -4.758819374487357
11546 3.301164322109107
11547 1.649391392019752
11548 -39.67384921898032
11549 -40.72798219057004
11550 -24.738861581719974
11551 -21.630373363568797
11552 -6.376035719669017
11553 -53.80412021083088
11554 -31.57403207479976
11555 -49.82118815077556
11556 -2.3088299918267876
11557 -1.472225249164767
11558 -7.4774201002830525
11559 -7.191573540688551
11560 -7.823204777658393
11561 -2.9391019509082255
11562 -3.179525298352528
11563 -2.825923308001511
11564 -6.278226077710715
11565 -6.997635315708758
11566 -7.226679706768482
11567 -6.133050692817342
11568 -2.2562603345976093
11569 -12.861305483697507
11570 -25.42562714593485
11571 -30.036683408342796
11572 -25.654002123684915
11573 -43.44226753010415
11574 26.466051819718704
11575 -41.264187834077454
11576 -13.149102004264714
11577 -5.141135589682526
11578 -13.559318979140372
11579 -3.640159256775078
11580 -7.429000068171153
11581 -7.386595969354239
11582 -8.060087320478342
11583 -3.4887097437716146
11584 -4.426382043918566
11585 -3.777521285281837
11586 -2.7337776229724113
11587 -1.5009032946664955
11588 -2.398274578931596
11589 -6.069207629430457
11590 -4.893369924940052
11591 -5.988008652557182
11592 -2.3217567636059537
11593 -1.318901997795765
11594 -0.08830702984036179
11595 -30.15491873213148
11596 -1.7653829591433168
11597 -2.0807430223099073
11598 -0.1173669606007752
11599 -0.5377839462600241
11600 -0.5303398387582274
11601 0.6242346001125406
11602 -0.6888967251726718
11603 0.6804026669824088
11604 1.735780105175654
11605 -0.9698852645308943
11606 0.6168581280998479
11607 0.03883260746064479
11608 0.2172525734519877
11609 -0.19256235132037544
11610 0.3643349809196661
11611 0.7769882037476055
11612 0.19275416305143153
11613 -0.8703682210083934
11614 -1.973255451182631
11615 1.6266073275728559
11616 1.2614175830116436
11617 1.1692075451425625
11618 0.6944004219923227
11619 0.5210382966212638
11620 1.0192952301715559
11621 0.41177540201621016
11622 -0.11461877673937124
11623 0.5067528226107243
11624 -0.062196835912618556
11625 -0.7281951627276431
11626 0.08788760612704209
11627 -1.00814330168796
11628 -3.694702999218716
11629 -0.04540680732883629
11630 -1.2022361958838883
11631 -1.736574273192382
11632 -1.1321678229112877
11633 -2.528095531211584
11634 -3.051244150006096
11635 -6.326412713189202
11636 -11.362038383224426
11637 -2.8208919054834403
11638 -2.160891955827974
11639 -4.567855586239021
11640 -3.6145503056774033
11641 1.0181960734432505
11642 -3.0664623428526103
11643 -7.862126345191063
11644 -19.524598951073276
11645 -38.40334081519424
11646 -1.1516609768553463
11647 -2.8627113979078422
11648 -4.182446348963858
11649 5.606785803823004
11650 1.1873857046684133
11651 -4.6935800760306305
11652 5.535616923434136
11653 -4.021627854900143
11654 -20.559614192578447
11655 -28.918559266640223
11656 -12.190086548534454
11657 -40.98877883224675
11658 -31.359189504955577
11659 -33.951484515499175
11660 -32.27246817551408
11661 -0.22561946479181644
11662 -25.616899685726093
11663 -4.183192467870977
11664 -3.979098038203665
11665 -32.43285239391305
11666 -27.007692946091556
11667 -0.8872835855724407
11668 -2.794919397485355
11669 -0.04048896649866947
11670 -2.1639939469253293
11671 -0.6341998607666756
11672 -0.3095575554181414
11673 -1.2732811892633618
11674 -0.5844270121655427
11675 -1.5973569357693487
11676 -0.23699890416668495
11677 -0.49400271857055483
11678 0.6771114672470139
11679 0.5746190210124769
11680 1.08479474807129
11681 0.9443976872082567
11682 -1.1360291533709097
11683 0.0717733567772666
11684 -2.353137063962204
11685 -0.28177788308821616
11686 -2.9963675345858793
11687 -1.6565772092316182
11688 0.501180235088832
11689 0.5038547994360851
11690 1.1540993449103554
11691 0.6503228881841642
11692 -0.9373651885245635
11693 0.3740350040863268
11694 0.759357788907655
11695 -3.667154698894301
11696 -2.9844336897520405
11697 -3.597928062865831
11698 -16.58475165348078
11699 -1.759748428116727
11700 -9.726088316127717
11701 2.5936851661135734
11702 -1.6270970853431208
11703 -6.6035244832470195
11704 -8.614650874525832
11705 -7.154037885712314
11706 -6.400380429642101
11707 -4.895915488758619
11708 -8.935823197913415
11709 -20.101179802825644
11710 -20.754022108766804
11711 -2.1588882509531686
11712 -16.513920279405575
11713 12.154699706126266
11714 -40.53990774290345
11715 -18.221975323851076
11716 32.77014832037516
11717 4.199559893991391
11718 -10.37854121114753
11719 -2.1008759699032815
11720 0.04528725880780257
11721 -25.68981966987616
11722 0.8393943176680477
11723 1.9012812097578717
11724 -0.3570573113102
11725 -1.4123066166724312
11726 -0.6621963339590001
11727 -6.62883442685008
11728 -23.1660558342727
11729 -37.6942787259171
11730 -16.048583930327293
11731 -4.370063651937089
11732 -17.13962318965641
11733 -27.107897152816875
11734 -32.435542298818184
11735 -11.386226208403823
11736 -0.26962665892686344
11737 -5.694861172425298
11738 -16.94624061973256
11739 -2.830757400561852
11740 -6.756012077171763
11741 -27.017728639085544
11742 -14.978285666861629
11743 -5.8599316658911995
11744 -52.02285987537805
11745 -0.7654590205343266
11746 -4.173951425884006
11747 -5.338487744476879
11748 -3.9232171090612247
11749 2.6605986717843915
11750 -9.572651404787903
11751 9.228701868676144
11752 -11.328761672039837
11753 -20.058534686237834
11754 -14.364941908092005
11755 -10.85860879215281
11756 -8.358554598876944
11757 -12.970326105318527
11758 -8.101906815710826
11759 -38.80328098383019
11760 -17.389677863322866
11761 7.693018917790032
11762 1.272114105005312
11763 -24.608832702120125
11764 -14.736827709286736
11765 -27.790042339250505
11766 -30.302671423414576
11767 -47.03838070921775
11768 -21.517185557886986
11769 14.178140482425807
11770 -28.259231816377724
11771 -24.049671060854887
11772 -12.372614170033339
11773 -10.674248149493069
11774 -10.877700954640895
11775 14.221266865140642
11776 -3.6423110655677737
11777 -0.9060761621007987
11778 1.5420510571126942
11779 -3.4313571319830953
11780 -2.9111961731832707
11781 -3.3410702294690418
11782 -7.560177116781415
11783 -4.213633099385625
11784 2.5401659022367675
11785 -18.263783238548932
11786 -1.0752358844330592
11787 -39.39968284445873
11788 -31.851927013612876
11789 -12.454908156096208
11790 -4.539981840317778
11791 -8.437749969158322
11792 -12.0378776006939
11793 -43.13477205399191
11794 -32.64628560651516
11795 -15.261453413479176
11796 8.208367880835285
11797 -20.46157684597114
11798 17.364913249454258
11799 -4.638318098944874
11800 -14.454366906009236
11801 -20.518986481502797
11802 -25.145445127350833
11803 -2.2825530763903226
11804 -15.453918122134636
11805 -3.4988985615360435
11806 -44.390059173232004
11807 17.623250776958155
11808 -24.112037805450527
11809 -9.590782964175014
11810 -15.46026278367557
11811 13.539888830156414
11812 -36.95152667952483
11813 -38.51943340310667
11814 -22.1765729242182
11815 -14.638680948530236
11816 -16.47842846523563
11817 6.149722141668754
11818 -16.95319872948734
11819 -19.226659926455905
11820 -12.094494901887083
11821 -13.508681047192367
11822 -19.74904804895792
11823 12.68983735701142
11824 -25.587864067349
11825 -16.17457751591253
11826 -34.778151207832124
11827 -19.41629878248001
11828 -0.9014665926313319
11829 14.408400004045106
11830 -29.913105903057147
11831 -25.49022665074226
11832 -4.534431540551305
11833 -15.218582139496139
11834 -21.683641865626413
11835 -8.49827472076766
11836 -11.135647523969674
11837 -10.794918367737992
11838 4.862051952795882
11839 -5.468943376886891
11840 -5.444908867427585
11841 -13.547541538918013
11842 -15.725145273286616
11843 -1.0056779170656227
11844 -9.032622449457703
11845 2.2641482708627882
11846 0.4364558800995292
11847 6.688898461884382
11848 -14.819674168847413
11849 -16.5258142747324
11850 -18.618217606503165
11851 -5.182948811657407
11852 -20.116510012914368
11853 -43.77766328290658
11854 -25.70894444544116
11855 -26.811940705057204
11856 -45.14196639323869
11857 -25.755965058117
11858 -49.402383911815996
11859 -8.3191329510606
11860 -41.46865952128253
11861 -9.88597447887092
11862 -0.3476605414597725
11863 -26.703703347666305
11864 -19.020303406149033
11865 -49.21774085743265
11866 -21.846572611016455
11867 -1.970544898442604
11868 -15.896238265345746
11869 -6.556446170080017
11870 -53.73480259010248
11871 0.8774032329264446
11872 10.021402656377614
11873 -13.015422613850678
11874 -11.739701899602078
11875 -10.616699381868965
11876 -0.4217309186220518
11877 -5.433625910979317
11878 -10.885870243982353
11879 -20.603005234315642
11880 -12.38306745025431
11881 -14.383951670190145
11882 -31.37286094667099
11883 -27.401574914165977
11884 -25.39694919871603
11885 -16.504930965218374
11886 -10.406467347474827
11887 -11.630937060652796
11888 -11.481224375116144
11889 -13.77495050800717
11890 -26.95569959175322
11891 -11.647643343774835
11892 -6.786994859670813
11893 -24.67068508732962
11894 -14.406571807170986
11895 -21.53851974164485
11896 -8.90884415780747
11897 -21.368218409984255
11898 -32.91178579296975
11899 -44.14269546592608
11900 -17.47698405303978
11901 -14.07293188694166
11902 -38.70407192243583
11903 -23.81382872186703
11904 0.3682011356660223
11905 -11.429624292813386
11906 -3.742912888433202
11907 -2.741300174275093
11908 -1.2413049968286942
11909 -16.71338892853979
11910 -7.63731764699507
11911 -15.98342008506297
11912 -9.620036346587003
11913 -11.375824641840882
11914 -32.957063889002455
11915 -2.3661197952210204
11916 -1.000453835118824
11917 -14.570559835154418
11918 -11.203250992502143
11919 1.5865921015385538
11920 4.313337899767212
11921 -4.876619260064908
11922 -6.577706158666697
11923 -10.775808741781221
11924 -3.341109211278381
11925 3.0110298758106366
11926 -22.038468635110476
11927 -0.27667324576337704
11928 3.5575243890826824
11929 -12.352783125068235
11930 -17.31550038867994
11931 9.533093421729864
11932 -14.078206528424344
11933 -23.755602436805493
11934 -7.405449815447355
11935 7.801305191988213
11936 -21.063383410066454
11937 -14.328101424971537
11938 -21.6866955183816
11939 -18.156291904590326
11940 -16.16433360917421
11941 -18.480047226352035
11942 -7.982958177041582
11943 3.118841345280962
11944 -27.880851320571093
11945 8.59812772054196
11946 -20.38205690059869
11947 -18.48995218342199
11948 -40.83190097452505
11949 -32.74027376752085
11950 22.335574414426954
11951 -49.14787268955144
11952 -15.174850699119707
11953 -18.28796421200561
11954 -17.56619225009461
11955 -16.314815762828804
11956 -49.52952875811112
11957 -8.191136722055962
11958 -28.37066118639341
11959 -1.973453729929024
11960 -8.76829378403243
11961 -44.74654297850211
11962 -21.147999211887946
11963 -16.923170765438115
11964 -8.87664566628373
11965 -11.876479422807314
11966 -23.676349368841038
11967 -27.414137550579618
11968 -23.592477756773587
11969 -8.023523461622244
11970 2.5979014635474598
11971 -5.869415946842782
11972 1.1275405934073206
11973 -12.886573940681119
11974 -17.756421497162375
11975 0.3249935122995521
11976 6.511679636582703
11977 -0.9306341993375099
11978 8.267970910061996
11979 -37.48229384955834
11980 -1.922113094846427
11981 -19.905961122849547
11982 -15.634146987853164
11983 -8.29699215105371
11984 6.484675994860882
11985 -25.089152496723546
11986 -20.307188592588354
11987 -9.026208029516857
11988 -18.205054556535178
11989 -28.260453413952636
11990 -19.26169797124836
11991 -18.803698438433493
11992 -16.707681937737362
11993 -19.818686869461526
11994 -8.98924327467961
11995 -14.51392931631417
11996 -19.20099472383794
11997 -15.978744323459104
11998 -5.531082610591256
11999 -8.357123824385198
12000 -2.9084076596326485
12001 -6.11933042976947
12002 -2.6847979792155092
12003 -12.336742396949703
12004 -10.448898168010347
12005 -4.15289810940405
12006 -5.220377273678168
12007 -18.844262566083927
12008 0.13687555057753342
12009 -6.294710923825187
12010 -2.1783807281492047
12011 3.4300986755096528
12012 -28.2690537974007
12013 -19.947259693397644
12014 -27.292033564426383
12015 4.1495022215232895
12016 -4.759538089311682
12017 -7.9072325051047665
12018 -2.1388592192823124
12019 -39.00017589564828
12020 -8.159628291676782
12021 -35.612274259333354
12022 -16.976699099423275
12023 -38.792492320206364
12024 -20.82014385856426
12025 -28.903362395568546
12026 -39.189957837545805
12027 10.469504662310355
12028 -22.423212221907306
12029 -5.979040370912262
12030 -5.018989440161822
12031 -15.625245959798049
12032 -17.884545760715117
12033 -33.03660786033375
12034 -17.897544413805008
12035 -30.5915056373876
12036 -22.558055220172538
12037 -16.3039864802832
12038 -8.386260073227604
12039 -3.946016418591171
12040 -4.751866664676345
12041 -9.532083225073583
12042 1.5511911765937112
12043 -10.599755456291895
12044 -1.6378265068381734
12045 -0.6288607681611029
12046 2.7696409998876335
12047 4.774833759978501
12048 -11.88266536587631
12049 -29.623966020816443
12050 -29.384939871614478
12051 -10.520966095510957
12052 -5.2639950540837885
12053 -1.3019279695680597
12054 -31.367562377512368
12055 -6.275663822646311
12056 -13.035287911813212
12057 -35.51638042363324
12058 -23.424871637295144
12059 -40.64427074313731
12060 -22.55018011403896
12061 7.6303122547373645
12062 -33.12916321941171
12063 -32.828437323972324
12064 -16.469973195096973
12065 -27.58481208771409
12066 -14.987812787928705
12067 -24.074368904123986
12068 -22.51493559089751
12069 -19.096856533119425
12070 -36.02357312122636
12071 -35.90890263082896
12072 -7.835543764294998
12073 -20.466279332101696
12074 2.6743227931384173
12075 -28.53336403337671
12076 -27.34553102353806
12077 -4.251820513253188
12078 -15.207233476711844
12079 -2.0650466494196733
12080 -7.119628537024837
12081 -17.52369041594604
12082 -15.59146318430474
12083 1.8811499048931
12084 -1.3877748237802006
12085 -6.922981300942629
12086 4.534346054078051
12087 -26.7853319724834
12088 -4.127524675042514
12089 -26.424578033210565
12090 -8.645036608016234
12091 -9.384549943362071
12092 -27.367829671511135
12093 -6.365185208015318
12094 -27.446446517707955
12095 -7.1730906816836795
12096 -6.602769583464105
12097 -28.380402117714404
12098 -62.42393621721538
12099 -1.4771136612842384
12100 -32.6775693256619
12101 -17.90060597973832
12102 -13.729235625883447
12103 13.466066417962574
12104 -33.33407314167867
12105 5.458790547515236
12106 -30.96726039298752
12107 -7.244573814650212
12108 -17.257841240926062
12109 -26.251609952097933
12110 -18.49483548202217
12111 -19.73537226594606
12112 -21.24388282054948
12113 -5.379449005277129
12114 -14.27789834996147
12115 -17.563900924502086
12116 -16.28535831421119
12117 -10.559620785635634
12118 -18.202549417880654
12119 -23.607515811090416
12120 -27.565341123242543
12121 -0.8040482935555338
12122 -37.040756875102524
12123 -30.38564804043417
12124 -4.989269840140041
12125 -32.36156753969291
12126 -8.204336930925201
12127 -11.810304993371247
12128 -28.550371831611557
12129 -35.916221211400845
12130 -14.074796170491464
12131 -4.294435524382279
12132 -5.620629375415156
12133 -21.88691781489368
12134 -12.15094711868398
12135 1.8553941022825893
12136 -27.47126487267058
12137 -32.0471959638923
12138 1.5352171207917855
12139 3.9523679290467406
12140 -25.435717355053786
12141 -23.529870471781177
12142 -25.437225124375544
12143 -23.523536329319466
12144 -24.042221067610953
12145 -13.029227206441574
12146 -33.03524250013739
12147 -25.943766068693513
12148 -38.867470331598454
12149 -12.616905890609633
12150 -28.674374643544578
12151 -11.820256455105119
12152 -12.92637535365342
12153 -18.271541983335773
12154 -31.237733029063964
12155 -31.291202314678085
12156 -12.210976322255737
12157 8.909643534818315
12158 10.63351931934565
12159 -46.94905508936077
12160 -55.97007598568802
12161 -6.902430187657155
12162 -23.688212874001763
12163 -38.02669251632542
12164 -0.6039136064275226
12165 -13.165325184773392
12166 -29.231990788891853
12167 -2.4781759293805226
12168 -40.15787924670891
12169 -1.6310736202192493
12170 -22.98083589572532
12171 -45.75767017735343
12172 -23.45835241468536
12173 -20.428167562376185
12174 -6.0323832618987945
12175 7.4386829142936035
12176 -19.657050953645083
12177 3.343089659609104
12178 -12.456726993629418
12179 -28.587581077818466
12180 -18.80483561099056
12181 21.658767742133787
12182 -25.09050483022249
12183 25.009756823067875
12184 -21.36321759310711
12185 0.7518725794937927
12186 -4.862144389274763
12187 -17.188076508785162
12188 -9.698748229547636
12189 -6.789522378747497
12190 -27.882694184063148
12191 -19.355017974157526
12192 2.2232850402429176
12193 -13.660154103164386
12194 6.19123944504041
12195 1.6591301049551113
12196 -15.021468107339023
12197 -13.252075812101102
12198 -21.66168255483717
12199 -30.157196646319207
12200 -11.462027911998156
12201 -12.53730306466503
12202 -7.184704581955447
12203 -9.106589489162578
12204 -4.701435208269249
12205 -36.646955953922
12206 -21.983767238458384
12207 -19.618894608408738
12208 5.088165516654408
12209 -3.75589118292075
12210 4.31119303817206
12211 -45.93344230352421
12212 -22.528153361518342
12213 16.63101804312173
12214 2.370519028035342
12215 16.751873707173363
12216 -25.759522076613067
12217 -29.462393109960104
12218 -21.71535484520151
12219 -2.1315159388116443
12220 -9.172788427547784
12221 4.372759538059181
12222 -9.981558984563016
12223 -4.615834971145668
12224 -31.185291117150335
12225 -31.878788052451565
12226 -18.89582502007339
12227 -32.28863732569618
12228 -18.469936273923377
12229 -25.75327100567316
12230 -40.82772375437533
12231 -37.70992714517255
12232 -19.772829670879144
12233 -5.772663587477873
12234 -18.57130602046105
12235 -14.340735459705611
12236 -8.461915795814857
12237 -42.50062593431925
12238 -23.415269835258513
12239 -35.29836417233062
12240 -24.83137738052348
12241 -40.366901070305026
12242 -15.892346543002931
12243 -26.48429858071424
12244 -22.0562373143452
12245 -27.98962793100465
12246 -23.453102085585996
12247 -12.673987960441737
12248 -7.094487246891658
12249 -36.46702377902955
12250 -30.581333224444535
12251 -27.605537257221293
12252 -37.1972055678707
12253 7.363312594038434
12254 -3.077224085383932
12255 -21.286405883806147
12256 -1.2793087985677993
12257 22.81873704214013
12258 -11.70466954679403
12259 8.413241427194007
12260 -9.443269361509739
12261 -4.727997528845881
12262 -15.549386460237729
12263 -13.384135988800116
12264 -1.3035839438987022
12265 -4.592789530325535
12266 -1.937390628104622
12267 -10.226114979454287
12268 -0.6414849605639756
12269 -11.155096582585102
12270 -32.556871029394244
12271 -4.4072939334943655
12272 -16.851751120421977
12273 -3.8557019238527572
12274 -4.642592094061838
12275 -30.56739548378624
12276 -6.403016012180014
12277 -14.524451970227673
12278 -18.151108924555594
12279 -33.903561283829916
12280 -2.759739036234241
12281 -31.509723953541396
12282 -36.66444617521411
12283 -0.20552752363568288
12284 -29.746166781936918
12285 3.827055525447358
12286 -3.3567172025617036
12287 -1.1817068873635435
12288 -36.340689601047345
12289 -10.071263114362809
12290 -42.02328453584443
12291 -4.02957512876892
12292 -29.633544667399985
12293 -4.657770824916806
12294 -23.111964605993418
12295 -2.4929843527033517
12296 -17.23435331922243
12297 -2.482331055532559
12298 -1.7494585923715202
12299 4.676768237065553
12300 -13.027020884332014
12301 -24.065310892992276
12302 -42.188672660011946
12303 -15.722547703769377
12304 -0.8922699323974667
12305 -6.360027989334776
12306 -47.894282932978534
12307 -42.30265395977054
12308 2.8910763449540537
12309 -17.673441889534296
12310 3.2068352794738892
12311 -21.559827198067943
12312 -6.1525798351541745
12313 -10.935347749637295
12314 -12.504079516109341
12315 -28.200662720533582
12316 -5.573818905636727
12317 -26.33451314336111
12318 -29.29537651382765
12319 -35.20427267386753
12320 -14.289436507808277
12321 -33.69686822318996
12322 -21.132373080387914
12323 -23.298099510675527
12324 -16.030101166797248
12325 -2.3065668397318224
12326 -30.137690563960643
12327 -24.534755186810653
12328 8.384974024529802
12329 -7.679703313554637
12330 -29.170705543798103
12331 -10.096773942613362
12332 -23.48742035409872
12333 -14.599263931242895
12334 -21.994569793669214
12335 -35.708071707581695
12336 -29.932743299804862
12337 -17.570461519207747
12338 -22.380162834022485
12339 -35.08399842903411
12340 -3.0227616818748357
12341 -13.46820800252477
12342 -26.90759921216275
12343 -16.24721248524598
12344 -38.939287589946616
12345 5.470874040712661
12346 -14.189989419251505
12347 -39.03416891232191
12348 -12.722380880511482
12349 -43.303007737273
12350 -4.756299473740073
12351 -8.520910875054396
12352 -11.638744337539539
12353 -7.557707680095191
12354 -31.28758837352987
12355 -26.08394787033176
12356 -26.192913397362716
12357 -14.094002088425187
12358 -11.280444396112143
12359 2.5536747643660056
12360 12.474513327282475
12361 -10.228719397886161
12362 9.032033600051655
12363 -7.963265879461542
12364 -10.291068872770847
12365 6.148934825374745
12366 -14.562413030134193
12367 -7.980984288392937
12368 -11.624604942818987
12369 -17.84090704324204
12370 -3.137218072785763
12371 -11.316035880382987
12372 -35.19312383427532
12373 -19.115838896750937
12374 -12.918289332399581
12375 -9.235742670861509
12376 3.757913314436737
12377 1.2407409456043388
12378 0.9554129940256826
12379 9.929996915280935
12380 0.45660455295816066
12381 4.815687342024903
12382 -3.115623669584893
12383 -32.09369488246899
12384 -25.67900466643303
12385 -5.930588208713743
12386 -15.433743881679547
12387 0.638183724739647
12388 -7.53744785488394
12389 -5.550706887974811
12390 -5.449134330444649
12391 -12.421149403753661
12392 -4.759785958805296
12393 -23.23453741284946
12394 -24.198819984399744
12395 19.83746776998043
12396 -34.235451641935654
12397 -7.332683337967028
12398 -29.99483139831631
12399 -24.63867406624049
12400 -7.592087793829705
12401 -4.852477170134661
12402 -4.2089409385765615
12403 12.32699741075674
12404 -16.433129915125754
12405 -11.201945840415137
12406 -29.471322409795686
12407 -7.402074673684401
12408 -5.5731743859835845
12409 -15.099567216025752
12410 -3.505611696930864
12411 -8.49929659343339
12412 -53.896221896006175
12413 -16.890782391336398
12414 -23.176354931075913
12415 -12.744800040178088
12416 -10.249138809267023
12417 -6.494057811668899
12418 -8.120140067018657
12419 -7.92373770982158
12420 -3.3699810931390677
12421 -12.096814499260072
12422 -4.062215427236224
12423 3.046537513528747
12424 1.7873184349233633
12425 2.9585692452151853
12426 -11.80080710444905
12427 -7.524154827636521
12428 -1.908266920161259
12429 -28.05718055076868
12430 -37.5011855149144
12431 -0.3131229644664563
12432 -0.29697726177808365
12433 -24.707561075852574
12434 -8.617256067988638
12435 0.985011986879108
12436 -3.1493276165699355
12437 7.361209898618836
12438 -21.333220790355846
12439 -35.1038593857002
12440 -32.28946680816574
12441 8.98130747744639
12442 -3.416590102612972
12443 -49.02792360108229
12444 4.890255581085221
12445 0.3400806799894781
12446 -5.15564172286162
12447 -1.7580511609243694
12448 -9.199550470225512
12449 -35.35960069156674
12450 -0.3771008158412587
12451 -42.853649883576
12452 -20.577604398679394
12453 -7.802873363177059
12454 7.022623096364113
12455 -24.8431639891371
12456 -10.148771155257855
12457 2.7063820570948884
12458 -0.3156738355620473
12459 -46.08030559626903
12460 -10.838139500792167
12461 -16.788222503370488
12462 -42.373230421679764
12463 -41.42267139301839
12464 -16.09556469630421
12465 -23.474989998054806
12466 -11.123101674276695
12467 -9.091648400762642
12468 -9.760575721100613
12469 14.176636085611825
12470 1.3249774624520796
12471 9.265738504824112
12472 9.173928975420713
12473 3.2234855020252873
12474 1.9765295721567235
12475 -12.99996263101042
12476 -15.412116188653744
12477 2.1054401916390635
12478 -19.591283303124218
12479 2.9778819713970006
12480 0.8026718358148355
12481 0.19363960500064423
12482 1.5722488343701115
12483 3.4130240140085517
12484 -0.13662333978747485
12485 -6.145995795762865
12486 0.31214199995505626
12487 2.1855352829721233
12488 -1.4392127140122466
12489 -3.9420586023968642
12490 0.8887721560301725
12491 -2.444158889556129
12492 -3.1693112022241983
12493 -4.878416486590722
12494 -10.785149453869089
12495 -7.133951445590937
12496 -12.437332833038235
12497 -26.376483154654853
12498 -25.18216644946573
12499 -16.468384665305784
12500 -15.220798494886548
12501 -0.2536655315394455
12502 -0.7506603440678736
12503 -18.20806662438801
12504 -16.4161484595183
12505 -12.966880915923102
12506 -30.647564579340834
12507 -2.9287465043018166
12508 -1.0470254072290845
12509 -6.306338718492043
12510 -0.6483554665508564
12511 -7.537700646947196
12512 -0.8202357749039948
12513 0.5704741218990239
12514 1.6848801172983077
12515 5.9815238929432235
12516 2.622560134057567
12517 3.5436720366147347
12518 -13.105387350608943
12519 -41.173396316225556
12520 -2.5574376827459493
12521 6.074236715279985
12522 0.9917518496086996
12523 -11.214931854323076
12524 -19.906655236057997
12525 -10.541652673532372
12526 -5.935076016892708
12527 -6.16598787586845
12528 2.486054798345431
12529 -0.5063953480182681
12530 -7.708718284096831
12531 -19.342332127482514
12532 -1.3799249005356977
12533 -2.14594633237386
12534 10.523844532306102
12535 -18.6948907621768
12536 -34.98108145118313
12537 -48.56690871776547
12538 -47.64382765256349
12539 -23.12419475413786
12540 -56.63419382069769
12541 -22.88602433174994
12542 -20.342704429909062
12543 8.151881992314156
12544 -11.278783406545116
12545 -7.548728688421397
12546 11.634499574567453
12547 -10.005000014087273
12548 -23.239604612810652
12549 -20.76939660794189
12550 -2.131646385503118
12551 2.16934693392599
12552 -12.383141648233577
12553 -9.222721151551086
12554 -1.8778254181408556
12555 -37.38774105605509
12556 -16.90995077643165
12557 -18.529315939797524
12558 -47.12520312238135
12559 -22.494724008553604
12560 -26.768109111589585
12561 -2.7306462031643606
12562 -12.420892851667158
12563 -15.405714890885138
12564 -2.287556207127927
12565 -2.8192061177347205
12566 3.9374672658108465
12567 0.11611670653801412
12568 1.6843751144449925
12569 0.19270987677315132
12570 3.3448937378576376
12571 0.45875076524127506
12572 3.8883992404470336
12573 0.022492871847498465
12574 1.3879809146137267
12575 0.6105690441392653
12576 0.47151187135095823
12577 -0.5459323940088506
12578 -2.1203818585041154
12579 -4.013948129571218
12580 -5.654505064761469
12581 -7.264906195112125
12582 -9.46298230973276
12583 -12.07619517202038
12584 -13.425506923649227
12585 -12.909460182847106
12586 -17.255727063254746
12587 -14.464740877539734
12588 -20.621664758251427
12589 -16.94694573220244
12590 -10.39901243166125
12591 -9.340078365295485
12592 -5.570816486357362
12593 -11.45302817701464
12594 -14.824280747708398
12595 -5.888239207294974
12596 -4.547313253829343
12597 -3.7861953837188778
12598 -8.965151550527516
12599 -3.4252408490311064
12600 -2.0110535467955923
12601 -13.467301525225194
12602 -16.59072070021255
12603 -25.585649062646553
12604 -3.8630743438015633
12605 -5.452552795313386
12606 -1.9715397573490918
12607 -9.328111331727705
12608 -8.765045421604446
12609 -10.555647822641186
12610 5.6610700007635755
12611 -28.035665942056657
12612 -8.14418480632463
12613 -16.289131552296457
12614 -25.04812977540889
12615 -8.423404000613955
12616 -66.23652777285112
12617 -3.3120616304673605
12618 -53.578215248232155
12619 -19.18906705678688
12620 -40.55449125842802
12621 -40.25169209347165
12622 -13.51193616025208
12623 -30.54229076051095
12624 -21.282782294084463
12625 -11.769799624859298
12626 -26.987749013378487
12627 7.307045244583132
12628 -32.10184033960933
12629 6.980657041659433
12630 -0.12553113361485885
12631 -29.10783746089757
12632 -4.789884456285363
12633 -6.431630954438734
12634 -7.269990086319158
12635 12.100607708432216
12636 -16.892258611844735
12637 -41.97090292751498
12638 -5.65417084109693
12639 -23.794128126401482
12640 -18.51645217297846
12641 -13.074746704952558
12642 -20.36972862399096
12643 -30.707833742036165
12644 -3.0554805168097663
12645 -6.378455562799936
12646 0.7315585330063186
12647 -1.8805626982156536
12648 -1.424077980203001
12649 -2.6549557473974708
12650 -1.287697879380139
12651 -0.11610792847030098
12652 2.7997396883173495
12653 -0.37279488439540726
12654 -8.737462096059753
12655 -2.2629136493985427
12656 2.980499899516581
12657 -1.2471131067028909
12658 0.6656449969531968
12659 -1.4491058041231009
12660 0.17690090536751085
12661 -1.6182296335374122
12662 -2.154114268219273
12663 -2.389497530552617
12664 -2.4271011130585975
12665 -0.29540638921331264
12666 -5.186422851298412
12667 -7.029655791613623
12668 -12.215246265308815
12669 -15.140460066305968
12670 0.17461382559660707
12671 0.5462469330109888
12672 1.665683463230671
12673 -0.3959067082995898
12674 -10.864918815988931
12675 -15.50449748870189
12676 2.876023528544465
12677 -5.597616351106117
12678 -24.214646514748893
12679 -17.547031775369398
12680 -19.131328212827064
12681 -7.858661280183587
12682 -6.574315965578426
12683 -6.820224100210908
12684 -2.7689554766053335
12685 16.694417662452615
12686 -5.573587631914124
12687 -7.5918850783120435
12688 -5.129138548938935
12689 -3.0070132050030223
12690 -11.598103987281938
12691 -6.342099726738525
12692 -13.463542566242396
12693 -4.748759655534522
12694 2.497732183759508
12695 -7.2175300341888216
12696 15.554876456420024
12697 13.587328476222028
12698 1.0512927443810622
12699 -4.720140562929009
12700 -1.4002475369493186
12701 -8.394174835110462
12702 -3.4502698298814356
12703 -4.4294725527642
12704 -5.862797269746661
12705 -3.8070915261725893
12706 -5.798116813520173
12707 -13.469835413034307
12708 -7.742834123516368
12709 -8.375184465634083
12710 -10.37163327060509
12711 -15.404397487131646
12712 -4.929193455156346
12713 -7.92683169507407
12714 -17.277142872371623
12715 -4.225400315377483
12716 -10.124873461222451
12717 -17.452803464290483
12718 20.407289557331097
12719 -42.59552037886679
12720 -18.843363134264802
12721 -36.150044311198286
12722 -7.823544889873156
12723 -6.333744222175592
12724 -16.28562827770249
12725 -13.801694896266563
12726 -26.008252590278133
12727 11.236445690812252
12728 10.257653029493813
12729 2.7670604136568726
12730 -34.69288519437308
12731 -33.731378303433736
12732 -9.23162179489882
12733 -45.339263939241356
12734 16.639520879379706
12735 -15.125191316731652
12736 -8.864087466641358
12737 -16.067617622909456
12738 1.2460489695786965
12739 -32.042960366503394
12740 -17.88795901658974
12741 2.082083005859458
12742 -17.04397104566713
12743 2.3710422637721056
12744 -11.019008255634835
12745 -18.857267104915955
12746 -23.25973089963096
12747 -15.832415271328646
12748 -20.662417608741524
12749 -19.273540154634247
12750 -18.582300291928114
12751 -17.4774157256115
12752 -47.9776900684477
12753 -5.7600685317450555
12754 -29.57830459336226
12755 -32.15762130941832
12756 -25.55975596162185
12757 -17.551493243729055
12758 -3.9702350231692254
12759 -0.42914810503134504
12760 -2.287965788510046
12761 1.748105871357111
12762 -0.42191375852766216
12763 -2.4234422088840804
12764 -0.17895748363866004
12765 -6.05313515874077
12766 -15.536340434786252
12767 2.675534163674747
12768 1.5538294633156329
12769 1.8831273654234246
12770 4.738058020021563
12771 0.6831358949933201
12772 -1.0738418677488517
12773 -12.794211070082238
12774 -24.021171030972038
12775 -9.221676797372202
12776 -6.146074045806017
12777 -16.55597596812222
12778 -4.6272375687817116
12779 -20.447250270048535
12780 1.4277203840813308
12781 -10.06029383202709
12782 -12.8555893273119
12783 -22.77034209744248
12784 -19.422150308126728
12785 -21.072254725794483
12786 -20.641211074824387
12787 -16.11706985300858
12788 -18.724242464001726
12789 -24.27278721786235
12790 1.169781340415211
12791 0.9798063315734907
12792 1.7104215311897861
12793 3.055348812097072
12794 2.205938870804821
12795 2.40873345566215
12796 1.6301377142089768
12797 0.9573309231946768
12798 -6.36110659651109
12799 -3.872608313783276
12800 -1.9143099683064793
12801 -4.735804710257798
12802 -27.641426493773615
12803 -34.11063681380983
12804 -15.679898535117681
12805 -25.890715142529224
12806 -12.666740682715462
12807 -7.931228998735314
12808 -43.01550491973146
12809 -12.02051464172706
12810 -9.989551319741004
12811 1.2903579708671895
12812 -16.858940122000057
12813 1.413656150512543
12814 5.030453689261922
12815 -8.678123630380577
12816 -20.1354480902676
12817 -11.222982176416698
12818 -10.795267547253024
12819 -5.779555799946975
12820 -15.978094594811846
12821 -13.94646185951613
12822 -11.876971398963214
12823 -2.9054584029821853
12824 -20.45759056704672
12825 -7.563826178624732
12826 -15.649491578135349
12827 0.4284672094699636
12828 -8.139548894227774
12829 -5.425025816763809
12830 1.873489959701401
12831 2.6333174398176196
12832 0.21349255301378434
12833 -8.627117508195079
12834 -4.235082583034819
12835 -13.668770211877709
12836 -4.7262257744417004
12837 6.353868192327354
12838 -15.505280177274981
12839 -15.051302136746381
12840 8.819875144845282
12841 -12.193793212586025
12842 -8.093660919054818
12843 -7.007905949781852
12844 -4.295001698517444
12845 -5.894606347540975
12846 -30.84531936831976
12847 3.6756657375629582
12848 -2.455108585512353
12849 -10.733904245873855
12850 -18.472220846076087
12851 -39.46837997149283
12852 -27.37135552309308
12853 -1.6380405108498235
12854 -3.752418493967707
12855 -31.853201484584133
12856 -17.953568428820873
12857 -7.902395615693677
12858 -9.852719766209193
12859 8.546962980975513
12860 -8.813463718321
12861 -14.0601812999112
12862 -36.806706264413805
12863 -28.505063054463097
12864 -7.659361961267277
12865 -20.995571051041626
12866 -4.299950992686209
12867 -13.954039499792707
12868 -13.516170019437558
12869 -35.526836115997575
12870 -17.40675551543245
12871 -49.05604492445651
12872 -15.004017058805912
12873 -12.430633976745884
12874 -17.831021577076754
12875 -23.385943990262604
12876 -14.044758751626505
12877 -33.73838948034259
12878 -36.894754133458484
12879 -16.43572565096474
12880 -16.28049440823277
12881 -58.749638541224705
12882 -13.84617322777296
12883 -54.35117597847653
12884 -33.55733711617955
12885 -4.728181140974338
12886 -1.322568042925559
12887 -7.079155877064623
12888 -0.06579186742936144
12889 8.776145922854484
12890 -1.5195385988857015
12891 -13.888518275410751
12892 -12.892607727768336
12893 -5.5515927174394895
12894 -2.337207872903673
12895 -5.924599578410562
12896 -3.753357003070996
12897 -24.970708571675058
12898 -4.066029478001001
12899 5.382613133636914
12900 -20.611894106179097
12901 -18.3117488273434
12902 -3.38280665037164
12903 -22.5008764736561
12904 -2.9929746373136004
12905 -13.769153593960217
12906 -22.067635570684796
12907 -13.740175771549112
12908 -24.915655872597124
12909 -18.471860378067067
12910 -28.990550968725582
12911 -34.78437304101099
12912 -36.75570921514474
12913 -32.678102597487594
12914 2.551544473913964
12915 2.1146561490198654
12916 -0.1441269786506018
12917 0.8623324672497984
12918 0.13868145969623583
12919 0.4904278518984211
12920 -0.9482665461386205
12921 0.7808441314553783
12922 -3.1878046757831178
12923 0.42822937606528283
12924 -4.352013237726787
12925 1.5177411786021549
12926 -0.2997721412530518
12927 -0.3796694396380917
12928 -3.49922468107281
12929 -7.672632891708926
12930 -15.384919190755172
12931 3.927373102910933
12932 -5.986084837646049
12933 -3.6893376622686627
12934 -6.013962346398621
12935 -10.73373298369479
12936 -30.482450282586942
12937 -27.083641015400353
12938 -18.623617581158033
12939 -30.010862477861373
12940 -18.627337078149285
12941 -34.77391136742968
12942 -14.578162756602978
12943 -18.04561502221419
12944 1.6593718949488538
12945 1.681897958338377
12946 -0.10008938982427935
12947 0.7177130294530071
12948 -1.051096591353562
12949 -12.261343324731861
12950 -13.146454453676705
12951 -13.624251550682093
12952 -6.820590647719801
12953 -7.73042875941188
12954 -1.9726120912678016
12955 -3.929067960768007
12956 -4.165234681089205
12957 0.7646542379635503
12958 2.3618385608658716
12959 -4.532413267341472
12960 2.641425074886938
12961 -0.0407948229079193
12962 2.055874301569129
12963 3.7496942377822413
12964 3.214627988025604
12965 4.7286284433364925
12966 3.0240302642958703
12967 1.4376599788560998
12968 5.16402279502101
12969 -20.24049015238459
12970 0.25657117585156813
12971 0.8804871820900008
12972 7.710798113295896
12973 -2.52039313622794
12974 -3.950028360586875
12975 9.018953512552399
12976 -2.4028654325273235
12977 -5.574107587809849
12978 -16.33002951890405
12979 -14.563751853945432
12980 -1.6878709616592096
12981 -9.90181114078383
12982 -16.742365209313284
12983 -16.830749326650402
12984 -43.612504601591496
12985 -26.50576533688247
12986 7.99938059946915
12987 0.799093883059395
12988 -9.592620231157488
12989 15.902946767403483
12990 4.544202288098458
12991 15.954572998575895
12992 -2.699062030360219
12993 10.446953416031755
12994 -1.329363384952594
12995 10.712510817179137
12996 5.616174949727865
12997 17.247425589018384
12998 18.19797766767413
12999 -6.163079333614587
13000 -0.7867248920550628
13001 -5.286610751485277
13002 1.263392246691219
13003 -8.680384948797292
13004 -14.619796904311661
13005 -10.048612973014242
13006 -3.2626433641331096
13007 -13.347178568675881
13008 -26.51168883931474
13009 -11.05447893897959
13010 6.836376556339092
13011 13.409134479484345
13012 -15.836288370464462
13013 -10.253544795521156
13014 -21.56343805313285
13015 -45.66167995139345
13016 -13.947326653630444
13017 -45.08590629154715
13018 -7.752949998514668
13019 7.0166036866622745
13020 -2.546281508440734
13021 -7.79257021150188
13022 10.56020914924331
13023 1.6550141515620636
13024 -8.68161879803869
13025 -1.0137858413674985
13026 -2.7384492342294835
13027 0.7768675993873331
13028 -7.099375274303748
13029 -0.4600115355751768
13030 -12.317549696663045
13031 7.380071846031642
13032 -4.794705811380846
13033 -1.6909801919947494
13034 -5.503598182924615
13035 8.18728658180742
13036 -0.2067178588216484
13037 0.41165412090791503
13038 -1.6189548125689908
13039 -17.478265757633054
13040 -27.31596512394375
13041 -10.536989360160806
13042 -43.01243187154643
13043 -13.42927707565119
13044 -31.513370027584315
13045 -25.57047534983605
13046 -15.637351159477694
13047 -2.294985167829582
13048 -5.494877195116278
13049 -18.780765885361326
13050 -13.443334072789876
13051 1.165329812669661
13052 -4.692748375175434
13053 -3.9516170841357963
13054 1.4423050565361337
13055 -4.781927724792768
13056 -1.966399420864036
13057 -3.1192016223403334
13058 -8.14783541261364
13059 -10.730230868839135
13060 -7.941253501518222
13061 -7.398616845107026
13062 -6.767586321694252
13063 -14.617280477163149
13064 4.390419477084651
13065 -0.936539853593713
13066 -12.821020777162193
13067 -6.673996161536052
13068 -21.840624987150512
13069 -19.028786656027513
13070 -12.721150794101414
13071 -19.897940998881385
13072 -29.217283001650504
13073 -0.2875882085399644
13074 0.11764580044269678
13075 0.47738423578222866
13076 -0.9115749391588907
13077 -2.1528923842198857
13078 -0.9541963190204115
13079 -0.9968914138709078
13080 -2.1152257012789777
13081 -11.511200142517046
13082 -11.097359959819006
13083 -11.163857613658184
13084 -9.576746904103784
13085 -24.754044749346214
13086 -8.403145624373574
13087 -12.489218123915343
13088 -15.706738058423799
13089 -1.0373222951710341
13090 -21.133039503089094
13091 -9.050039051235654
13092 -11.281370170558658
13093 -1.2428707558741734
13094 -5.4720947705899015
13095 -2.615186559986614
13096 -1.2432536099215212
13097 -0.5927221176694729
13098 0.27023065232497173
13099 2.9022144773254697
13100 0.6264500878052786
13101 0.4037583669394371
13102 -3.127209008843638
13103 1.1453640751914644
13104 -3.024864669335075
13105 -5.2300222022547675
13106 -17.819082040258508
13107 -16.285096550322486
13108 -8.493667563441559
13109 -12.524839710836822
13110 -25.50086402608198
13111 -6.76351716500576
13112 -16.831014853370434
13113 -18.301184201012074
13114 -10.552878510762675
13115 -3.423389398420986
13116 -3.75624441449967
13117 -10.827799010036252
13118 -4.81318037250021
13119 -13.500180140087469
13120 -27.687379984332946
13121 10.472696868692873
13122 -40.69445297936283
13123 6.145656843286415
13124 -20.839588575883244
13125 -9.790474881186965
13126 1.5502607716181955
13127 8.003342754151818
13128 7.126473469799094
13129 -18.946821395402512
13130 -4.805199325816211
13131 -22.006838345157885
13132 -22.666916061866214
13133 -19.543612091295362
13134 1.0111732205249426
13135 5.552047449989477
13136 5.1655568114953345
13137 -24.44501747795337
13138 8.607200207341958
13139 -22.93643841735509
13140 -4.064366463806072
13141 -3.3962965073945814
13142 8.456849559026159
13143 -7.887628681798378
13144 -19.412286262019187
13145 3.962294014133804
13146 5.365121174141386
13147 2.0383400832313057
13148 -4.024566112289176
13149 -1.742594359642244
13150 -2.7263567692066135
13151 3.3151005183217057
13152 -0.7185059450646805
13153 -6.645257043035381
13154 -0.5338859506596054
13155 -20.76466189624989
13156 -5.766551746913319
13157 -9.44886983329663
13158 -22.433425161105404
13159 -21.51470859273002
13160 -6.36009774773469
13161 -7.3529328378567875
13162 -33.07190863499549
13163 13.465487702928367
13164 -4.558331745012984
13165 -2.94744162911491
13166 3.2711966616440624
13167 7.150501902566612
13168 1.6462061328347772
13169 -31.948876301036215
13170 -3.284877367225563
13171 -1.9977385210253125
13172 -2.790092445880291
13173 0.4252453834271
13174 1.6071333724928263
13175 -2.139526894388546
13176 -7.422887741808227
13177 -0.9830623151389591
13178 -7.272061906865274
13179 -3.9828398229503366
13180 2.5381551546895933
13181 -5.451123657934077
13182 -0.6716198311441985
13183 -4.728204102669697
13184 -0.9857905251054035
13185 -2.817651357950672
13186 0.19651495571248234
13187 -7.049076870489225
13188 -13.191908153184922
13189 -5.337666175185441
13190 23.10108283195077
13191 -6.860893589946645
13192 -19.610910281883697
13193 -14.438683172300953
13194 -27.074975023899167
13195 -17.646451465459542
13196 -13.342498659533303
13197 2.837336902090901
13198 -38.00878866158731
13199 -2.542126573238347
13200 -25.65482041313531
13201 -24.085340213895687
13202 -22.987135978947336
13203 1.0989339490341081
13204 -23.757740255728276
13205 -39.31159107665124
13206 5.3993736380351764
13207 -3.1603404129610864
13208 -1.2771466672616953
13209 -14.861314971713
13210 -3.039340118590335
13211 1.0247927520165103
13212 -14.03618528646286
13213 -7.0404341299159565
13214 -2.545827160598128
13215 -4.254950582373276
13216 -3.5791152232099557
13217 1.940917538333888
13218 -3.697811361856584
13219 -1.7864304853559587
13220 -4.132528291578492
13221 1.365216436546325
13222 1.726298716549645
13223 -35.08999545550571
13224 -19.6612962922742
13225 -9.300099515169423
13226 -8.677923711713666
13227 -4.699046529244369
13228 -6.4495654902925885
13229 -11.216558492609765
13230 -8.84190566300531
13231 -12.295921717212769
13232 15.558616019972979
13233 -13.550853771195689
13234 -14.27650607148069
13235 -35.44921972240874
13236 -36.117797767756855
13237 -16.503115503001027
13238 -34.476185768358846
13239 -22.729670195563376
13240 -15.526814276891674
13241 -5.322140966191364
13242 -10.689671950182818
13243 2.0099141558528935
13244 -3.727170684818993
13245 -16.536049403403013
13246 -3.6395949163181647
13247 -1.247299995864305
13248 -12.39240816234218
13249 -19.080540245000012
13250 -4.895938548736885
13251 -14.480769544941431
13252 -1.4777016429926153
13253 1.6836268754351476
13254 -6.071264013943874
13255 -16.34974005217562
13256 -5.161328164112056
13257 -13.868848650293511
13258 -26.293672781769857
13259 -21.265472786979082
13260 -20.694784467310672
13261 -19.654709357749233
13262 -24.20890469248392
13263 -10.331606177611684
13264 -13.14548564816505
13265 -25.795074483599745
13266 -9.373016222286532
13267 -15.5377531673442
13268 -14.078881153536203
13269 -15.450360817214095
13270 -8.44602896188153
13271 -7.6007186674438705
13272 -4.414388763198222
13273 -1.0763475848684902
13274 -2.4218104542700165
13275 -1.1655755620605486
13276 -4.677847616464715
13277 -1.8606724139298603
13278 -1.184870052550832
13279 -1.372770828703069
13280 -0.9016571491492504
13281 -2.6477572910036544
13282 -5.060986849922192
13283 -11.900363416205364
13284 -9.01746696953065
13285 -12.850475041413592
13286 -6.808805872784433
13287 -11.290498035565106
13288 -10.83826271105354
13289 -6.266354465614131
13290 -15.408699077281053
13291 -25.70767209738071
13292 -18.029041022269958
13293 -18.70952502818691
13294 -20.08571074706895
13295 -7.8521237454561925
13296 -14.548285406897921
13297 -22.73497108139054
13298 -1.028813090180629
13299 -8.140450931948
13300 -11.084942341239948
13301 -11.049801152747824
13302 -10.40822327552276
13303 -4.381509569870832
13304 0.06243862590636127
13305 -4.896300078201311
13306 -4.0048179478962265
13307 -3.9806964075179714
13308 -43.478519837758505
13309 -24.717222310967628
13310 -0.9596801402280107
13311 -8.529478549950728
13312 2.4258320448391895
13313 -13.800330502050784
13314 -11.748802366141899
13315 -3.56487336434584
13316 -17.517450439742387
13317 -15.904524879206438
13318 -18.767266379764916
13319 0.9300357013579924
13320 0.24254852718513575
13321 4.8522625848498135
13322 5.453958386916056
13323 6.113405863073712
13324 4.662843040114385
13325 -12.614944158152648
13326 0.996135261682939
13327 1.1558758253183623
13328 -20.000385491481136
13329 -21.47484861437697
13330 -15.466083046933345
13331 3.832452318544092
13332 3.95143665356547
13333 3.340473952683242
13334 -17.113185623786848
13335 3.0559406521116035
13336 1.0265124052471948
13337 1.401120241433673
13338 -7.088678463077522
13339 -7.615018417748797
13340 2.196334752099647
13341 -22.632441489833
13342 -24.87892499738358
13343 -17.98661174337205
13344 -9.583296210315456
13345 -9.278665759593569
13346 2.818787564527156
13347 -18.71544486326267
13348 -29.612759480733075
13349 -10.408128045001213
13350 -18.71086684541471
13351 -3.8610086954220604
13352 -7.682735259827605
13353 -6.2630756158281295
13354 -7.996598359176132
13355 -16.079062673145526
13356 -11.115074605919071
13357 -0.7205161141467397
13358 0.8611896027083276
13359 7.713852827506489
13360 -5.990324582573667
13361 -21.05967877345087
13362 -16.77425649093173
13363 20.709233382988895
13364 13.192566949132452
13365 8.101640129252482
13366 5.203827586117259
13367 3.095955103114975
13368 0.652104967909836
13369 8.395886187647557
13370 -8.538501729619894
13371 -8.829108568502852
13372 -2.4409331069242035
13373 -2.799415599024651
13374 -0.897383249507111
13375 -3.0425963913883605
13376 -0.060113050124491564
13377 0.2567412782923202
13378 -5.734331930806657
13379 -1.051164131367841
13380 -5.8319662613300896
13381 -2.066144938450307
13382 -4.718158471869683
13383 -4.88495016020388
13384 -1.496906210238376
13385 -5.021264554690715
13386 -0.6829368468321627
13387 -1.6174818747097743
13388 -1.9820995565855992
13389 -0.45387875513508336
13390 -0.3800508447145694
13391 -6.323696080949303
13392 0.5071933743411501
13393 -6.911274099302391
13394 -0.8786722028629447
13395 -5.431942344424315
13396 -3.5378557299460227
13397 0.545190422640444
13398 -0.8322876181970059
13399 3.4156735892244616
13400 1.0733359971978644
13401 -26.98173423420565
13402 -4.351340544576087
13403 -6.776231185178331
13404 -10.756210225751856
13405 -2.541977118632494
13406 1.8837796044969581
13407 3.578682969365036
13408 -20.497544717273996
13409 -17.57398717703196
13410 -20.550468572062673
13411 -25.993143713297904
13412 -12.68632646408805
13413 -9.056993499250092
13414 -5.071551091546135
13415 -1.5629057129469583
13416 -4.064180537817156
13417 -0.20463889732025564
13418 -3.318282500473724
13419 -6.8141395626381565
13420 0.7732511478128435
13421 -0.675323602870194
13422 -1.333816552618664
13423 -11.411760192107467
13424 -4.715047506138799
13425 -4.763339116187126
13426 -26.305332026967225
13427 -1.637545544085442
13428 -15.591658949816773
13429 -30.360754909027165
13430 -12.474330779417505
13431 -19.54861734775186
13432 -33.98462807861637
13433 -26.067050258468953
13434 -42.966194618575535
13435 -39.62621283580593
13436 -22.085318569688535
13437 -39.215401608772375
13438 -15.485414396322158
13439 -0.5025248519754677
13440 -3.243276026351523
13441 -3.3624818910472096
13442 -3.6575000234613255
13443 -3.9657491441433375
13444 -5.052954763520101
13445 -11.851972040581312
13446 -0.4350903289535199
13447 -10.2362576744541
13448 -12.547555272096943
13449 -10.996726779089803
13450 -5.43357824657709
13451 -11.367049236190505
13452 -20.01068459109243
13453 -9.64837196601351
13454 -7.819579741773923
13455 -19.350655501958826
13456 -6.963663042344852
13457 -10.01372090922887
13458 -15.443648066526658
13459 -21.043918429619954
13460 -10.218965827383217
13461 -11.632815044839953
13462 -14.80031985495516
13463 -16.3979922002324
13464 -17.526336514755094
13465 -13.297538677192497
13466 -19.971623506759933
13467 -1.498142665380874
13468 -13.510297750481113
13469 -9.007985196197259
13470 -6.180121674079419
13471 -31.732895398896652
13472 -31.890589133925385
13473 -24.76615998511479
13474 -27.403728267404368
13475 -6.856814492644044
13476 -31.034818707544037
13477 -30.339818726116793
13478 -6.101715355487395
13479 -2.7995664997932908
13480 -16.82713200737824
13481 -1.565945954297349
13482 -3.685277572880441
13483 -9.615606817364315
13484 -11.205905392004787
13485 -23.46429231913091
13486 -21.74508466945379
13487 -16.011503297133604
13488 -9.896489317889209
13489 -18.198775601330272
13490 -12.833929602482385
13491 -19.609909540043155
13492 -10.340389400965359
13493 -15.47543466280782
13494 -5.494645823110768
13495 -16.274866535171167
13496 3.8760013037222962
13497 -16.409378202097432
13498 8.365781518000876
13499 -3.6646828500647097
13500 -3.2575746197262196
13501 -9.392209501038305
13502 -10.620441166615638
13503 -24.76257788482064
13504 -13.725266136487772
13505 -12.759872830482637
13506 -26.403917699533633
13507 -31.021583184221964
13508 -11.720545381465927
13509 -20.01500981968522
13510 -15.371414956346852
13511 -10.378691244218498
13512 -8.580029743020424
13513 -18.26540785220772
13514 -7.841787211289338
13515 -12.48321058398069
13516 5.39996731172796
13517 -17.689322259260372
13518 -22.229665339810015
13519 0.10172606419990188
13520 -40.17249218813609
13521 -2.8291341347829437
13522 -3.086708852133888
13523 -7.19173158522055
13524 -11.462734085923438
13525 -6.468435061650962
13526 -10.005365404665936
13527 -8.714630465493537
13528 -12.104558189913513
13529 -20.941511857374135
13530 -12.991811771118227
13531 -9.784722155135388
13532 -9.944902498278388
13533 -12.401488848744775
13534 -2.340201705064974
13535 -8.474759782496694
13536 -32.42475421365947
13537 8.174484084553114
13538 -8.146456062547367
13539 -7.070269414536451
13540 -27.847343332855818
13541 -8.370715665369499
13542 -26.69075641104253
13543 -2.297065867534402
13544 1.7150463457423029
13545 0.7307319456704136
13546 -11.57184655994206
13547 1.0395943236166203
13548 2.267469668723643
13549 2.936470802333497
13550 2.574400902661873
13551 2.638318837967963
13552 2.3969407675486583
13553 1.1030109234258998
13554 1.928029071616038
13555 3.6549743352548103
13556 -1.4929347888815392
13557 -0.27067766826265144
13558 2.5763987189864563
13559 0.19838435278157704
13560 0.3040104372097994
13561 0.875591533540428
13562 1.8584563449639244
13563 -3.7779672397641115
13564 13.19315464160827
13565 -6.7248824459679595
13566 -2.4127774322696496
13567 -0.08115034929855028
13568 -0.7997177576857212
13569 -10.373774271086004
13570 -0.19065696585850675
13571 13.00359779845865
13572 -9.551571265498351
13573 -40.864915343355825
13574 -38.572914266447334
13575 -23.539951515316933
13576 -20.866212166024635
13577 -10.587123350710899
13578 -36.271063419725685
13579 -10.34710446832134
13580 -34.24656661604589
13581 5.761287812651426
13582 -33.11113210234835
13583 -2.7527082701378096
13584 -1.8945607424581248
13585 0.6938980250401073
13586 -0.2932879629122908
13587 -7.625270046715595
13588 -31.667144248671974
13589 -10.289805210111371
13590 -44.02354546523522
13591 -16.544596430464445
13592 -25.18774752582278
13593 2.8780514503277663
13594 -22.984664130117743
13595 -19.47016664740673
13596 3.567081902032951
13597 -25.139990249055554
13598 -24.701200107773182
13599 -36.03863520431012
13600 -5.721657274342724
13601 -18.902961145447044
13602 0.4913196625800629
13603 1.3736914868222083
13604 -5.898451949927257
13605 -26.353564397694864
13606 -20.890635701697903
13607 -15.014437728758057
13608 -4.60677570480082
13609 -42.675500751581716
13610 -22.754861076443778
13611 -41.34912666654432
13612 -16.708497525811836
13613 -45.01302441870066
13614 6.093079463828762
13615 -23.428479305185757
13616 -38.107850969751745
13617 0.886939615051524
13618 -4.262432896653482
13619 -5.990922305522254
13620 -3.569241239296389
13621 -11.269550081170456
13622 -2.0107113144781033
13623 -7.210045498714899
13624 -6.654754833674669
13625 -14.284001123225753
13626 -3.740301907511166
13627 -9.278089164662088
13628 -6.196261586500477
13629 6.415836840600678
13630 -17.034090693021135
13631 -37.054048554470064
13632 -35.15678912623101
13633 -23.435640231549186
13634 -30.74465965401352
13635 -46.11889332484454
13636 -45.22069477649551
13637 -18.948633673253642
13638 -36.85796768347267
13639 -0.4218915662470681
13640 -14.675417515728187
13641 -10.60371983216828
13642 -18.064660390805802
13643 -11.584203683987289
13644 -23.58280696855989
13645 -25.61252061775638
13646 -33.68327493323479
13647 -16.62181163883957
13648 -12.893712865713605
13649 -27.574190246689977
13650 -9.2490185238728
13651 -11.05785890502928
13652 -31.937088052502077
13653 -16.091593277755454
13654 -11.000306565523497
13655 -9.37684011538251
13656 -7.576015901605133
13657 -16.03247971425837
13658 -9.619653686297388
13659 -16.297348118524678
13660 -5.972001211455499
13661 -18.570215740083366
13662 -19.681001616551658
13663 -19.11709156014898
13664 -12.734971884180414
13665 -26.852410371600854
13666 15.885630411383463
13667 -7.573980549633998
13668 -4.998393751365511
13669 -18.246927116113657
13670 16.56771654944605
13671 -40.03354153436332
13672 -19.366859483603474
13673 -1.273153730372287
13674 -6.811713446249632
13675 -50.22017571934732
13676 -4.229815756447351
13677 -12.815012560479518
13678 -24.26097021736554
13679 -34.83113276030388
13680 -9.627274363255273
13681 -11.244647977938003
13682 -41.297795489085544
13683 -38.22510542731194
13684 -23.676375902418076
13685 -21.647045199935672
13686 -27.83377763793309
13687 -32.68459324003561
13688 -18.17684668242422
13689 -31.788883330044918
13690 -21.759206409756008
13691 -6.658214206697739
13692 -15.089459543438133
13693 -14.530828761855227
13694 -19.55943987685765
13695 -21.566752411129418
13696 -19.213229117804
13697 20.266389040868525
13698 -33.60660669732271
13699 -12.616129475294146
13700 -3.419315223688027
13701 -8.31992239026542
13702 -22.761134724371658
13703 -25.98659074253781
13704 -15.062036671760724
13705 -20.117130509416747
13706 -4.003019466157275
13707 -5.061187442529044
13708 -27.44576697564262
13709 -26.03914042868011
13710 -23.38121034002601
13711 -25.670195586250337
13712 -16.56718173598274
13713 -15.030494954364695
13714 -16.742926750111366
13715 -19.212954425500794
13716 -8.845068828192598
13717 8.587836343159143
13718 -16.12407012893891
13719 -5.731033688398893
13720 -29.079379114199984
13721 -11.66648541557559
13722 -8.064899509990646
13723 -1.9553222688248206
13724 -4.673313306429918
13725 -40.469370552036125
13726 -5.949650557783753
13727 -9.728494750661921
13728 -3.794298579208844
13729 -45.33838042644522
13730 -7.885485558406653
13731 -4.802003454885271
13732 -20.800111836284923
13733 -41.26345831094135
13734 -2.049567754139862
13735 -9.659912246771128
13736 24.26501949844198
13737 8.998469265341264
13738 -20.204433705717094
13739 -31.229721685971597
13740 -18.53121930063149
13741 -33.004950553813835
13742 -18.653742803164786
13743 -4.3627837611339055
13744 -5.029303299057792
13745 1.1044740217619984
13746 -22.940026889189756
13747 5.2566664374229735
13748 -35.09635651905992
13749 -24.40612987418557
13750 -38.89728023957214
13751 -10.112073954576626
13752 -18.675201067689777
13753 -13.824510124819499
13754 -29.068609649440187
13755 -1.9826882122339158
13756 -17.833116940591427
13757 4.668924393320922
13758 -21.41111814950549
13759 -8.730736223200074
13760 7.987778855389042
13761 -14.90191875511271
13762 -25.390500528585836
13763 -22.631232531440038
13764 2.7556141082076646
13765 0.4476196755422279
13766 -45.08615995130807
13767 -13.400364670343551
13768 -43.01953635263184
13769 -18.351388337477548
13770 -13.350394124269224
13771 -20.75824380895254
13772 -24.934384671942535
13773 -24.5408055668608
13774 -30.449095515116934
13775 -17.463869038603153
13776 -37.01430898671955
13777 -20.047257711006534
13778 -13.277686886109587
13779 -22.84006119261714
13780 1.3130423652131866
13781 -4.364765082778467
13782 -4.426249859023665
13783 -6.855462931367947
13784 -15.63706643108555
13785 -9.507796889531601
13786 -30.963485607648472
13787 -24.532618044635893
13788 -11.87757645662481
13789 -16.839703329192854
13790 -34.939720454140044
13791 -18.760879748614244
13792 4.42947419268472
13793 -22.210866200791497
13794 -28.47674219712935
13795 -23.18025601275964
13796 16.9642766537494
13797 -29.403091017381083
13798 -2.8786830415664006
13799 7.857236677858455
13800 -18.683269530000107
13801 -27.420117209057352
13802 -32.6493752504712
13803 -48.417070890006286
13804 -47.611129948453744
13805 -40.450743832126896
13806 -17.1629017378774
13807 -26.081639176745377
13808 -20.011109605699165
13809 -36.911295907841264
13810 -25.412029225450677
13811 -46.49968092912532
13812 -26.75491623462527
13813 -13.754476004844328
13814 -26.402957770372595
13815 -24.795002730305423
13816 -6.359684984794439
13817 8.767579792403849
13818 -8.812411260014342
13819 -43.840918462868
13820 -30.87584037278837
13821 -31.404740364138416
13822 -41.167081566385605
13823 -31.12794699419697
13824 -19.035020263498737
13825 -3.385668300446123
13826 -3.8946284111469867
13827 -25.647640192433027
13828 -15.130968259691727
13829 -3.5440875037389925
13830 -16.019560372667037
13831 -40.12836178373967
13832 -10.990760919532331
13833 1.3186515224010509
13834 -42.23571864933459
13835 -2.1142201351516996
13836 -31.96715094629675
13837 -37.82986408025812
13838 -9.324485520812305
13839 -22.57898812324187
13840 -18.529337166097537
13841 -21.501766483201063
13842 -49.85158816056035
13843 -41.62627973227194
13844 -9.111652154069597
13845 -24.50008484645732
13846 -37.342759075191424
13847 -31.7898115166348
13848 -38.0851425494469
13849 -36.63351520746408
13850 -20.34753910093452
13851 -15.833686265893048
13852 -0.4353243995268713
13853 -8.608760948342969
13854 -16.23968183262361
13855 -19.31763679183161
13856 20.42587556003564
13857 6.027486259853176
13858 -16.761604125031297
13859 -38.527906810653946
13860 10.208890475831868
13861 -7.017109363455529
13862 -10.08174929689325
13863 8.580722019742534
13864 8.154470393440134
13865 -11.8798728002618
13866 -28.121776969492785
13867 -16.748809827379592
13868 -1.4809078392450465
13869 -5.927078180679964
13870 -30.32404265702062
13871 9.673469739283172
13872 -24.71377596464197
13873 -21.9330607050407
13874 -18.654288523222785
13875 0.5149414090991195
13876 9.7024465957137
13877 -22.161443303928245
13878 -18.073000167295394
13879 -2.437114807529724
13880 7.213764992898068
13881 -18.935250815428443
13882 -43.02571476723009
13883 6.810218796292029
13884 -4.634134703820455
13885 -9.08939644168684
13886 2.136043784639187
13887 -2.8320486582537705
13888 2.4167985398485325
13889 -6.946352282834414
13890 -26.283318298335942
13891 -1.9151706148820813
13892 -11.772364581299625
13893 -35.18207726506895
13894 6.980921408641152
13895 2.028473237464932
13896 -1.4520189740978822
13897 11.770909393333568
13898 -12.905130997665255
13899 -32.3769197483045
13900 -30.86072223475014
13901 -21.429654075664438
13902 -25.95971195099788
13903 -4.8393471043727185
13904 -4.258429157068458
13905 -6.24200830947826
13906 -29.26668216459555
13907 -1.6460725017770892
13908 -53.01213707930641
13909 -11.501090731725998
13910 -13.413364384888846
13911 -20.223780589421512
13912 -13.568185759814224
13913 -26.714395140848065
13914 -13.396529777986142
13915 -12.009912196132792
13916 7.281757490452582
13917 -25.50916955238223
13918 -9.325732202993386
13919 -28.278867188497532
13920 -5.382365940891322
13921 -51.58590970245408
13922 -22.25496727476013
13923 -36.70434986418841
13924 -31.13151848274516
13925 -40.850597163601634
13926 -17.692463038409333
13927 -42.81989296771979
13928 -8.430445765971816
13929 4.129921362720342
13930 -20.761592321663628
13931 11.316856868401228
13932 -10.26681920236966
13933 -12.264840424351132
13934 -19.511361787830683
13935 -29.262595443347383
13936 -4.1234300462323885
13937 -46.7637607590764
13938 -4.732150630370016
13939 -3.8144593127843107
13940 -30.330324892066564
13941 -37.714143830121905
13942 -7.1732960031024415
13943 -30.27968830799844
13944 -2.825836569123203
13945 10.35609985920033
13946 -2.3528767462362885
13947 -8.973531754989235
13948 35.38368315466083
13949 -0.708479802361253
13950 7.196366528528743
13951 5.094495607052231
13952 19.126100365240855
13953 -13.956911472380598
13954 -1.3783172673553055
13955 -18.863734398253147
13956 4.669808967572462
13957 -22.752308663710572
13958 14.776928126945569
13959 -19.035035216541146
13960 -24.701376098764158
13961 -10.41567008440048
13962 -7.341889646774361
13963 -17.9836718460625
13964 -6.02290814653039
13965 -8.523009327460459
13966 -16.575399652898923
13967 -9.441314093260008
13968 -21.371979685635598
13969 -45.89888533390913
13970 -24.415024923831805
13971 1.34029870352344
13972 8.158509062770609
13973 -33.169656428923915
13974 -19.501242826749074
13975 -32.23409666933585
13976 -9.39919375966274
13977 1.4651159437926253
13978 -20.62770819110403
13979 -13.592780942373938
13980 -15.074798069911049
13981 -10.367926219038054
13982 -45.58429058851369
13983 -40.08001681449663
13984 0.07780048589949728
13985 -5.97646373846248
13986 -12.902260086532769
13987 -39.8818227318085
13988 -9.234534195458837
13989 -17.17291543515661
13990 6.869747919580114
13991 -33.52490628666972
13992 -21.785438749681635
13993 -15.794159643506864
13994 -4.388228978523257
13995 -32.67748017183214
13996 -26.0733728260122
13997 5.112248751971347
13998 -16.73542456021911
13999 -8.918213815615745
14000 -11.051624429860386
14001 -13.58027590816855
14002 -4.4197800552601985
14003 -24.058004179379495
14004 -22.551217038030007
14005 -14.515750181283366
14006 -0.712971373371547
14007 -14.010712089333683
14008 -30.561923335780012
14009 -10.825504017087223
14010 -15.538126468292903
14011 10.487057020864887
14012 -11.435929587837599
14013 -3.1523457639226398
14014 15.090774922563723
14015 -24.636602436644026
14016 -11.060481269920128
14017 -21.87180141225079
14018 -27.951410414486453
14019 7.369019393891213
14020 -4.508802135376463
14021 -19.132613393827196
14022 -34.82674134238478
14023 -30.059039658524124
14024 -18.49574282701942
14025 -21.14199196118585
14026 -5.550072595360252
14027 -15.741329570268864
14028 12.571299841361906
14029 3.2029261891372154
14030 10.346120993383666
14031 -32.22191379807817
14032 -41.20555274266473
14033 -23.32290744484184
14034 -36.40152715626348
14035 -2.857641401095898
14036 -2.3390705137248733
14037 -31.309614160069906
14038 -0.805625436569826
14039 -36.22623725939222
14040 -11.956257753944518
14041 -41.60479426022997
14042 2.334548840063944
14043 -13.528103959746222
14044 19.42694310220919
14045 -40.528333501189046
14046 0.464404399657069
14047 6.026051818004926
14048 -35.18967787265705
14049 -24.538983929668756
14050 -0.41949979833079853
14051 8.443260323942958
14052 -6.106914161878376
14053 6.2330215983840755
14054 6.74489989991227
14055 -33.32796670105788
14056 -2.8578342742823586
14057 0.7762747933922219
14058 -18.168541641922346
14059 -9.372408657006744
14060 -20.083275563380155
14061 -6.406858722240722
14062 4.3380041942228855
14063 -39.06981394392904
14064 -5.726577527316258
14065 -25.991053946292812
14066 -35.12647768900278
14067 -11.043662391090766
14068 -3.7584423432488983
14069 -24.084106266371382
14070 -13.915053481137146
14071 -22.081025757606838
14072 13.878054377827647
14073 -56.49741456209711
14074 -17.35254908554474
14075 -2.197019219542708
14076 -32.678096517987726
14077 -41.28038004423782
14078 -32.18994262649605
14079 -19.133956657217787
14080 -24.25976898120105
14081 -27.123377014077267
14082 -23.993640772581422
14083 -15.141469204314927
14084 -22.21363165436385
14085 -41.87232863891739
14086 -17.674447261903843
14087 -21.04132877328084
14088 1.024901876933145
14089 -16.46535262355799
14090 -8.979482175705925
14091 -1.7253837504149123
14092 -13.262494263667612
14093 -13.48316800055618
14094 -11.128485440676013
14095 -8.755602725555217
14096 -17.970447322001856
14097 -22.148416286391146
14098 -5.942214941925195
14099 -8.033068722906028
14100 -24.812655045385327
14101 -3.2815073389819007
14102 -20.727309367603738
14103 -9.889378760112013
14104 -2.5965928378616807
14105 19.02247315859262
14106 -18.62984066955003
14107 -3.9379735266853824
14108 -30.37500149951127
14109 2.4145844983185816
14110 -29.415915897865634
14111 -13.515035452781595
14112 -24.752346325223623
14113 -18.705892076316232
14114 -9.201979287989962
14115 -14.672585872829513
14116 -19.115472832232335
14117 -12.178527355337282
14118 0.3915920914527669
14119 -35.143491853161976
14120 -24.00901411482628
14121 -57.09837215562627
14122 -2.7978987567864535
14123 -32.882272674105046
14124 -31.74820052718729
14125 -13.070400250059755
14126 -2.0581575258419615
14127 21.133658837045076
14128 -1.6042242545819316
14129 -27.161632060625852
14130 -30.96617995213295
14131 -18.21856882422435
14132 -27.355118546472223
14133 -10.878456528363749
14134 -22.424612124333652
14135 -9.688027976443845
14136 -24.966766292604444
14137 -18.066857064341892
14138 -11.197478489121423
14139 -15.321796869628598
14140 3.650432013758982
14141 -32.96145019340227
14142 -8.911724234523135
14143 -16.017452659202974
14144 -4.4880622009684155
14145 -10.918174676056514
14146 -13.97211548440755
14147 -10.89674998778093
14148 -18.334569941638474
14149 -34.35658103230991
14150 -8.459509748796117
14151 -10.995568863223015
14152 -2.5338342673932495
14153 -31.064787718697044
14154 0.9084738129511243
14155 -28.636024748373746
14156 -17.015169405196648
14157 -4.150834485652449
14158 -23.651105707231036
14159 0.8388460899918573
14160 -16.754699851845363
14161 -12.41306512070325
14162 -20.115659113195143
14163 -51.141347537973196
14164 -43.08879984475075
14165 -14.359240221758519
14166 -16.802818368844456
14167 -22.974803942316356
14168 -25.635334784853914
14169 -14.320606954499672
14170 -29.998558614727955
14171 -14.798349922895577
14172 -12.692075039792835
14173 -23.83791755369355
14174 -3.495843844517367
14175 -18.63687433078012
14176 -13.902389922217553
14177 -25.997477821049397
14178 -10.022251629751844
14179 -16.462877688645094
14180 -16.874870663746552
14181 -16.721488942471623
14182 -16.277547274493116
14183 -9.016033782895539
14184 -20.836797265481874
14185 -1.0342621782085917
14186 -12.162556096386107
14187 -24.00034021014697
14188 -25.190945907179994
14189 -10.78739089667375
14190 -20.90821932264138
14191 -25.753223919736048
14192 -19.734752830899087
14193 11.196141108664888
14194 -28.33608703973412
14195 -1.6310923360929883
14196 -8.382440521428071
14197 -25.03458666028222
14198 -11.441946489921246
14199 -10.032233098661527
14200 -23.31149105109362
14201 -25.872958813243894
14202 -33.82826574001913
14203 -19.22092987567521
14204 -42.844526550815644
14205 -17.119306534459756
14206 -12.39910808289802
14207 -30.523635482396784
14208 -17.451778213500802
14209 -22.146060411392828
14210 -36.90475866234643
14211 -9.357096775276295
14212 -44.66790625669324
14213 -3.1053222561131406
14214 -14.187479843825713
14215 -10.060832989594928
14216 -32.282772582402394
14217 -15.253650865404342
14218 -8.245629231023777
14219 -29.484128574406494
14220 -2.036832024676987
14221 -31.361965379324246
14222 -44.3505489528591
14223 -23.973631521047793
14224 -35.98923054033032
14225 -7.443240480872483
14226 -6.433126182861452
14227 -24.633684054867043
14228 -5.113767908070003
14229 -17.988645166190107
14230 -26.075275894805525
14231 -18.942236523023748
14232 -34.3379445683524
14233 -19.69317281460797
14234 -50.99208099786847
14235 -25.560695242947986
14236 -38.127478333218605
14237 -44.9076830598565
14238 14.127637818647926
14239 -42.49131966617846
14240 -8.140281118739804
14241 15.497580478051095
14242 -17.155359892235865
14243 -13.192241798384348
14244 -12.599690749136206
14245 -9.593815775337571
14246 -16.492220320361668
14247 -20.529968984293664
14248 -48.162858290528966
14249 -12.405124692941026
14250 -19.3288010702646
14251 -24.91105450273026
14252 -9.547641431851952
14253 -22.617695010014867
14254 -20.630883899998445
14255 8.923644375911536
14256 -20.26617658130257
14257 -15.818646762605349
14258 -21.342855011711652
14259 -28.07127546545322
14260 -23.49610014452017
14261 -21.182436832355886
14262 -15.817538440293864
14263 -13.604091010864359
14264 -30.477054744703345
14265 -17.727116687516826
14266 -14.305945284406771
14267 -6.932199092001683
14268 -19.567559089653514
14269 -25.317649432329926
14270 -21.028408081001544
14271 -34.59101883834242
14272 -11.74673527159961
14273 0.907479150610452
14274 -14.89395719933338
14275 0.6334589508536738
14276 -0.4102966738896794
14277 15.816230199315468
14278 -0.6511720553161285
14279 1.8126292490321794
14280 -18.451136460964918
14281 -34.75715529980269
14282 1.3705788811708044
14283 -0.46065605522831904
14284 -25.70517304103414
14285 -46.88259139647838
14286 -32.943143516338026
14287 -5.759931814604061
14288 -29.695503956332395
14289 17.24036838481974
14290 -28.771440191223665
14291 -25.785475478413865
14292 -15.438005333089386
14293 -21.8673718830281
14294 -9.259302378401044
14295 -5.877037103982875
14296 -20.692758763913005
14297 -14.836299885257759
14298 -23.14163702460326
14299 -13.00959443741478
14300 -9.55437598730452
14301 -28.916686878962647
14302 -8.320749749824172
14303 -23.826881405283494
14304 -12.16108634008502
14305 -28.010517898483666
14306 2.9419112049604883
14307 -14.720188581471593
14308 11.025264339003042
14309 -0.12736463776600432
14310 -3.209480030403065
14311 -19.39671377613835
14312 -22.945153039239084
14313 -16.75605565894308
14314 -5.010663072268944
14315 -11.187444337765045
14316 -15.029610284638329
14317 -17.71081911527115
14318 -2.0162756041144894
14319 -28.783434241358773
14320 -9.587102929175307
14321 -21.574397785178007
14322 -7.947390044789645
14323 -5.068931234273477
14324 -9.5692502124382
14325 -40.858755838389044
14326 -31.175558287149034
14327 -19.2043348431887
14328 -20.67416427237331
14329 -36.990232504842425
14330 -35.0893299005022
14331 -42.46759892630653
14332 1.5500871001038468
14333 -27.605698098604044
14334 -3.421173138505401
14335 -2.007311955806654
14336 -4.096435376336013
14337 -20.819871190888954
14338 -7.469241451600683
14339 -1.684366047144722
14340 -3.8541212089567853
14341 -29.586232379134454
14342 -11.62395444194888
14343 -14.664817383994377
14344 -29.60726157418074
14345 -18.463139387450646
14346 6.42410801842867
14347 -24.43380283374223
14348 -15.540305195370019
14349 0.28086522800585956
14350 -26.2285691418068
14351 -32.528955313863264
14352 -20.244267153301188
14353 0.3352623155024776
14354 -10.63007943722725
14355 -8.494688470126711
14356 -10.991443455014233
14357 -33.85887724900545
14358 -47.338602180268936
14359 -36.038013550877515
14360 -6.2410665205339315
14361 -24.58960854849487
14362 -15.982415288350458
14363 7.56793132651408
14364 -20.262192329814134
14365 -28.32644751390937
14366 -5.099181983210147
14367 0.44685474247846285
14368 -13.34013024363594
14369 -3.237955264912307
14370 -13.07193773732477
14371 -18.68533189573049
14372 -18.81690250841697
14373 -1.418174353382783
14374 -24.409006769343105
14375 -35.31559513735221
14376 -40.92911955149975
14377 -30.344349180653516
14378 -45.752741143504096
14379 -26.764713226516907
14380 -38.95354266926588
14381 -7.0072518770300665
14382 -9.939869071132415
14383 -16.766601179077114
14384 -11.384770057265268
14385 -33.37174107702464
14386 -3.089263775293366
14387 -20.8864394736338
14388 -11.616980022847565
14389 -38.736607821990326
14390 -10.298976302748779
14391 -15.273380889580585
14392 -42.07341100353995
14393 -32.060626000321356
14394 -43.95499451296593
14395 3.6701466019025246
14396 -12.298005696758628
14397 -9.081844369006722
14398 -4.678595762807817
14399 -40.27594688020021
14400 -12.567344633876782
14401 -10.205401095632988
14402 -7.0548210094227395
14403 -4.723666608268686
14404 -20.717077035783877
14405 -26.186995780672586
14406 -22.87246307359848
14407 -11.407249806940527
14408 -17.11187487519026
14409 -5.591497948051401
14410 -18.073459339424733
14411 -7.016886002911051
14412 -20.07776173499675
14413 -10.473175916434265
14414 -42.158531805406675
14415 -41.07113659268449
14416 -31.989726698716403
14417 -26.417573896165994
14418 -25.460280312052056
14419 -25.50024989831203
14420 -38.192098777901556
14421 -39.71389743999083
14422 -40.82903527519476
14423 -25.436837931839836
14424 -40.21092525030355
14425 -34.72025625130147
14426 -25.04378139136301
14427 -21.797558326746657
14428 -29.13755213834971
14429 -26.927592159966007
14430 -24.827286997534976
14431 -20.10376781924424
14432 -36.03590236100659
14433 -30.59965726950264
14434 -16.152302893898305
14435 -12.129299260813568
14436 -11.486497472153133
14437 -2.6133812293330267
14438 -9.331244102223717
14439 -26.16072889570889
14440 -40.00335977160372
14441 -13.849425543981924
14442 -36.074446960234056
14443 -18.540140690097033
14444 -24.554081902862382
14445 -17.92919274849948
14446 -22.249474481727084
14447 -10.1188777882469
14448 -16.007625952176166
14449 -25.643975980981487
14450 -27.987549354210643
14451 -13.13400306509051
14452 -13.119344486697083
14453 -22.76741618719476
14454 -24.752527909916097
14455 -11.745720152373687
14456 -28.340204731330594
14457 -10.185645793092844
14458 -21.391317400948754
14459 -20.809287270218775
14460 -15.679905771547784
14461 -14.963022027998523
14462 -28.58280391352644
14463 -30.681624751321362
14464 7.828064342340367
14465 -26.046897727304167
14466 -22.623391001555866
14467 -27.186635569354547
14468 -21.501163739399924
14469 -26.05452641010692
14470 -28.62192993197212
14471 -39.02841975815201
14472 -25.569814714594102
14473 -21.446582562400728
14474 -25.041504538630686
14475 -36.08377339321945
14476 -34.837086851185155
14477 -29.47997200209167
14478 -30.03365918149022
14479 -24.283748205120645
14480 -24.239873580587883
14481 -14.312398203166667
14482 -9.469232220934355
14483 -4.8229472589331275
14484 -2.4411007972215883
14485 -23.48678991979032
14486 -19.450713727677066
14487 -21.45867000937913
14488 -25.214150260229797
14489 -24.977463584012877
14490 -33.76065156145778
14491 -12.047447368118737
14492 -30.64211674933409
14493 -7.784081654346373
14494 -20.469592432077043
14495 -31.703504622595645
14496 -7.521830599734531
14497 -16.050128558547584
14498 -20.01068883691405
14499 -12.348746384890838
14500 -22.51498016640835
14501 -13.03004153930291
14502 -8.299462359962781
14503 -9.780744946319318
14504 0.7954990453003847
14505 -37.26078580591347
14506 -23.733456427804484
14507 -44.36366309678997
14508 -24.55158024061471
14509 -33.32862945640256
14510 -15.00227135498848
14511 -25.46783952568745
14512 2.6911789155736914
14513 -7.390894860935805
14514 -0.23171798942639726
14515 -17.046842729022465
14516 -42.63057695139141
14517 -15.765753493457597
14518 -1.003641408164258
14519 -13.765064174144209
14520 -22.984443083433725
14521 -1.84795385589503
14522 -4.435767426992097
14523 -5.535844147900934
14524 -22.465129359804706
14525 -2.8627443002173094
14526 -5.10802357818684
14527 -20.17115448691431
14528 -19.40955535067682
14529 -4.423876326798927
14530 -39.461427166206995
14531 -46.44178249899589
14532 -45.69344387521181
14533 -18.04996456599838
14534 -42.51033792272792
14535 -44.418345392860935
14536 -20.658012296427334
14537 -28.083112052329525
14538 -26.746031897815993
14539 -28.868368058589258
14540 -24.245756753330934
14541 -34.21005003688464
14542 -19.229249487320192
14543 -30.065022692317726
14544 -8.324089192426909
14545 -16.680567724936118
14546 -31.99715064137359
14547 -34.516249138977585
14548 -28.924275327551005
14549 -18.04685678463371
14550 -16.958789555508847
14551 -11.700445819172309
14552 3.4292744048422903
14553 -5.02985442186764
14554 -22.517714071167283
14555 2.6755314622988227
14556 5.319205893168546
14557 -5.616037171131466
14558 2.170939805013622
14559 -13.86473481700319
14560 -12.330933422185916
14561 -4.802623274639627
14562 -33.94989067843097
14563 -27.32650688405454
14564 -6.82809042546869
14565 10.517890152192267
14566 -7.211453505269019
14567 -20.65466146985578
14568 -4.213497828407417
14569 -12.596371083862614
14570 -20.368770626791083
14571 -21.98709162692772
14572 -8.529791547315254
14573 -17.707988727585615
14574 -20.654104267546064
14575 -18.114166746706324
14576 -19.55498410329048
14577 -26.25982709679127
14578 -18.16573778781385
14579 -33.09995228959975
14580 -16.18902199762757
14581 -16.051016895630454
14582 -10.48280367358282
14583 -23.655238354678005
14584 -17.189320006600028
14585 -17.272414141896586
14586 -12.122606579495914
14587 -22.158325680232373
14588 -1.9526004247827222
14589 -10.137628198599705
14590 -27.867749717539265
14591 -31.13327354309542
14592 -7.796276875553449
14593 -4.049742424834549
14594 -33.8708693671794
14595 -10.757467811719543
14596 -9.402946641953749
14597 -18.481882176665966
14598 4.433095274788211
14599 -1.557924577924132
14600 2.734816380641714
14601 -2.9459426406689455
14602 -1.1627188345557078
14603 -6.733553070806229
14604 -14.707343050344061
14605 -3.290443490540201
14606 -4.129294885000999
14607 -18.850031598673958
14608 -13.058013118838717
14609 -17.179104851824377
14610 -36.918156666971775
14611 -31.378335217588027
14612 -24.531812588125177
14613 -40.491821260516154
14614 -16.91751365742355
14615 -28.585819839685428
14616 -24.08786763749755
14617 -25.624999986082404
14618 -19.111374437782796
14619 -36.51934537581546
14620 -31.571755028309706
14621 -34.35728913538827
14622 -32.15183626233047
14623 -28.66918818710299
14624 -34.276670420802986
14625 -4.842280537475017
14626 -24.82004348264003
14627 -38.42058693263214
14628 -29.888753858371057
14629 -22.825365850800008
14630 -12.51120242383593
14631 -16.69464980668097
14632 -15.069417678827595
14633 -15.196962455123284
14634 -13.374746166147233
14635 -3.2864098392541927
14636 -2.898382963092008
14637 -4.766801673576411
14638 -9.017011080050434
14639 -8.92216931514151
14640 -13.140086734965589
14641 -40.856277137836734
14642 -24.508216504677403
14643 -20.432623046710795
14644 -16.672817662742162
14645 -12.37658375490384
14646 -29.80277540053721
14647 -20.617984434019164
14648 -27.106237030947522
14649 -36.94256862772658
14650 -29.01976257528557
14651 -29.274304383191048
14652 -24.9067216501919
14653 -29.677672948885593
14654 -10.002459855828638
14655 -8.66631772462002
14656 -24.312717151181133
14657 -11.120311520805553
14658 -7.0187844411753755
14659 -32.83847108781323
14660 -31.055961175045667
14661 -11.840901156183536
14662 -11.909407049951696
14663 -12.523509954325855
14664 -9.968490960588678
14665 -12.150153624607192
14666 -15.512938768970635
14667 -17.698313598075472
14668 -28.908931992481957
14669 -13.373775526957324
14670 -1.9502939523900569
14671 -12.672290693249378
14672 -2.866637856238376
14673 1.3496362312450947
14674 -6.166540346558176
14675 2.5377910193240676
14676 -9.423225278513565
14677 -7.234748455503286
14678 -29.765993485605577
14679 -22.297187761448587
14680 -20.127126355711805
14681 -14.88954850889524
14682 -19.665439068476843
14683 -19.940211851347993
14684 -22.805321961561567
14685 4.796729389059619
14686 -40.92386034604977
14687 -34.9467126259426
14688 -41.25156170971342
14689 8.269696929217025
14690 -43.35346659495481
14691 -21.481116087330157
14692 -17.88314643956197
14693 -24.425521431683737
14694 -12.141661593852914
14695 -28.11960760175658
14696 -44.623581145432105
14697 -20.376017612476716
14698 -33.710371587092524
14699 -47.71517010899188
14700 -4.562562709064805
14701 -26.698965645365824
14702 -0.8944682458540774
14703 4.581084738020581
14704 -6.426717263955361
14705 -4.21159967937565
14706 -2.155630049002066
14707 -11.264812474344799
14708 15.444778581118735
14709 -7.851985096354038
14710 2.9588690221245635
14711 -52.65804137459607
14712 -33.052656015832035
14713 -26.94345303878741
14714 -20.523716079675506
14715 -18.158642183079063
14716 7.384603362023772
14717 -15.641052999242529
14718 -3.284390021598665
14719 -9.039798230580637
14720 0.9479950353935419
14721 -15.110606545993942
14722 4.86015274230871
14723 1.0693889893153392
14724 -17.471435971658938
14725 0.9680457763547019
14726 -1.9684870677664004
14727 3.963141347587516
14728 1.1438016942699323
14729 2.5544225231936433
14730 0.6770622612071747
14731 2.9199787169808404
14732 -0.6623109599103918
14733 0.1708371111044835
14734 -9.358362852887222
14735 -3.394048695857491
14736 -21.207167673409277
14737 -16.044919140410638
14738 -6.661565322501847
14739 -2.9220438851781365
14740 -14.047644326568843
14741 -5.0332609214943655
14742 -37.052754109603846
14743 -12.48343278759494
14744 -21.386680525679402
14745 -14.264928642591986
14746 -7.922292268711899
14747 -13.264528360425611
14748 -24.77588027140897
14749 -33.55544446537446
14750 -17.591398280583235
14751 14.814698144535797
14752 8.647340089800418
14753 -8.568434367672744
14754 -5.375536828857148
14755 1.5196513883507579
14756 -2.6736189358816773
14757 1.074870976844686
14758 -6.5902703395260325
14759 -5.46322500211565
14760 0.05695104186743265
14761 3.6034768181866093
14762 3.162658946070587
14763 2.273348598453158
14764 -5.409168411541177
14765 0.8772584088495933
14766 -20.557616084213223
14767 -7.783071168457536
14768 -6.399189900698402
14769 -19.752871751104248
14770 -18.59832635342871
14771 -6.016938232100947
14772 -29.287826176542875
14773 3.2164402658767357
14774 -8.06470933818011
14775 -3.49904087518662
14776 -21.530173017957715
14777 -19.651183604450196
14778 -9.718146445010788
14779 2.645989684138185
14780 2.5023850763347584
14781 2.540800964266091
14782 -17.128210072941148
14783 -3.6533634222333786
14784 -2.58501328887025
14785 -30.971547894984106
14786 -2.532111721836991
14787 -4.778140494029503
14788 -13.346062526944007
14789 -12.994088045385434
14790 -12.624562457677385
14791 -17.457723234273725
14792 -0.6095104108579108
14793 -5.643568878492951
14794 1.8825571392243727
14795 -13.43089696330615
14796 -11.73826504561046
14797 -24.463365164262942
14798 -26.297738080152193
14799 -4.15719371552841
14800 -27.60100323361097
14801 -36.86842434181759
14802 -9.841765436915884
14803 -3.4548641570759355
14804 -32.76384958784111
14805 -3.250936356250604
14806 2.8610549433949926
14807 -12.496120178715646
14808 -6.10347389224451
14809 7.486503580728313
14810 -8.590390109388391
14811 -0.4410385312845756
14812 -23.01016781741302
14813 -13.192542252041749
14814 -12.47957473978444
14815 -21.75581862600302
14816 -15.063237138510448
14817 -9.916825654940185
14818 -0.0411388889036607
14819 -6.44437633528316
14820 -10.955959938729793
14821 -8.309235519653303
14822 -0.773809316103143
14823 -5.430589721692813
14824 -28.543239272503413
14825 -41.0464624833336
14826 -11.822671956939594
14827 -13.781301729230181
14828 2.051223242672131
14829 -18.00570033678654
14830 -23.329789334797532
14831 -30.120128458549733
14832 -35.943133385432446
14833 -60.23348888087232
14834 1.8342952443112153
14835 -18.336849301988988
14836 -7.735316494783328
14837 -8.226232175298938
14838 -1.7255653351073852
14839 -2.7928802826828907
14840 -3.1907567320924137
14841 0.6319354534585727
14842 -4.946683291741064
14843 -3.1935773729215726
14844 -10.14641518478471
14845 0.9098501724089146
14846 13.406683952429594
14847 -5.066789846277097
14848 -28.72365126736011
14849 -23.343942334680616
14850 -49.10554076408589
14851 -20.289042369391392
14852 -39.214471493029414
14853 -38.892996306649145
14854 -35.524030621968556
14855 -36.442677622893676
14856 -40.69742220710017
14857 -26.71985812046303
14858 -16.58245955566541
14859 -15.892804749151692
14860 15.627256027789118
14861 -50.51110163228659
14862 -11.29898196219161
14863 -20.694300401524814
14864 -11.642053483733907
14865 -25.13177358735251
14866 -20.27089604791152
14867 -0.03653800202708226
14868 -15.618954460886016
14869 -7.504896131781279
14870 -9.167730202220119
14871 -12.092490618547163
14872 -4.685201028499141
14873 -11.56249436560247
14874 -5.406039693109051
14875 1.740213590987405
14876 -14.872389326901466
14877 3.594062486584589
14878 -2.5421030330778738
14879 -9.321619916956843
14880 -7.939628404869145
14881 -6.374886873910582
14882 -28.878069626201615
14883 -6.5960361849417675
14884 2.759697642281535
14885 -2.1162363809255473
14886 -3.539729274553829
14887 2.4649867197727144
14888 -6.264593808754289
14889 -5.3891289590740055
14890 -0.5562248328470741
14891 -26.152504708343184
14892 -13.831721414152998
14893 -42.003174841987054
14894 -27.09946272427085
14895 -25.396900281908746
14896 0.33508680750179337
14897 -28.87766545037943
14898 -13.679512177079888
14899 -3.90445145362537
14900 -4.041834803906968
14901 -12.718622982984089
14902 -2.5956810560931625
14903 -10.477112795561116
14904 -1.7289134603030107
14905 -4.1151248091646995
14906 -7.382136242006091
14907 -3.218914142142312
14908 0.9205771817606001
14909 -8.024506355286722
14910 -3.717386817907682
14911 7.969404444552783
14912 2.918334516942559
14913 -11.208018701978435
14914 -0.5313444389049254
14915 -12.302914467480441
14916 -2.4819422230763304
14917 -8.189322998042044
14918 -9.355204222754109
14919 -5.852659399033582
14920 -31.46223461563757
14921 -24.970914471558935
14922 -16.612567507961213
14923 -12.043646150293643
14924 -11.106524394491425
14925 -10.870106235603016
14926 -0.5598183199181221
14927 -9.474960921027087
14928 -12.989689775743608
14929 -15.788719336354697
14930 -2.4508153887232766
14931 -6.409764366552845
14932 -5.499139418748964
14933 -8.492722298090376
14934 0.3914989838420297
14935 -8.367214224453782
14936 -4.478724190256471
14937 -1.4628902290613042
14938 -28.606438105469714
14939 -25.32554036201167
14940 -7.251840869705629
14941 -18.24799279206738
14942 -12.45768161551343
14943 -14.90430482823649
14944 -27.07868631847974
14945 -8.77446506048349
14946 -4.7017898888190395
14947 -11.861879409794637
14948 -10.257027037572843
14949 -16.75300692594945
14950 -12.737806613162393
14951 -8.800101702088432
14952 -27.72069345613316
14953 -20.8905572607051
14954 -14.945154841209296
14955 -14.654720904425922
14956 -8.072244430381835
14957 -15.677956967505306
14958 -15.325002296466264
14959 -10.023438106631657
14960 -12.038405759000307
14961 -33.5525334155024
14962 -8.542001819847647
14963 -17.495311088706366
14964 -18.379330201878183
14965 -42.73565635258914
14966 19.635893432010054
14967 -22.56865245677269
14968 13.011018747699273
14969 -20.633327381572744
14970 -5.700557837906235
14971 -15.968970972818934
14972 -8.34855228837463
14973 -5.534495961940702
14974 -9.122503050430678
14975 -1.3750805809367739
14976 -5.657639284228353
14977 -14.490819421563065
14978 -8.70406921728616
14979 -9.774420837138459
14980 -29.214998140265234
14981 -21.03973532372809
14982 -26.706874906213926
14983 -4.31261416689842
14984 -10.004246369517496
14985 -17.385029505801793
14986 -12.37859816980752
14987 -22.39640367175758
14988 -5.350882884350868
14989 -27.845776515163017
14990 -41.416902652469
14991 -33.29650883021459
14992 -13.141301674575516
14993 1.8427009208945673
14994 -38.28222666990303
14995 -17.54473485326729
14996 -10.275359571466106
14997 -5.939151640596537
14998 -29.656094369232886
14999 -13.480909478990215
15000 -25.634665950009367
15001 -36.30943058179939
15002 -14.171368489609595
15003 -20.531282145033618
15004 3.550988977266097
15005 -20.262554148511118
15006 -20.360234306950442
15007 -32.790020759292965
15008 -23.27296719517588
15009 5.8393326944457655
15010 -16.922739766806334
15011 1.2123353740201857
15012 -14.392944267026468
15013 -19.196376567250407
15014 -4.811474035199499
15015 -7.561238162206137
15016 -27.04921960599604
15017 -64.07553209766644
15018 -12.10368500243887
15019 -19.96914143089176
15020 -1.5691791671171085
15021 -29.740378165775475
15022 -32.78659322712396
15023 -24.875792033129837
15024 7.104732698075677
15025 -23.971449705079284
15026 -33.969630834170964
15027 -17.74410943161827
15028 -33.13413730895409
15029 -44.31176516673091
15030 -30.231048579890484
15031 -16.719488806670416
15032 -12.801716539815533
15033 -5.345463031275867
15034 -31.873694706428797
15035 -19.024786002525797
15036 -14.914934194923262
15037 -29.025875575588433
15038 -1.0631439024004794
15039 -6.271223100404459
15040 -8.229101157278347
15041 -15.357559905311064
15042 -35.82589552364327
15043 -40.700236097297605
15044 -10.28867199414337
15045 -28.528977245986606
15046 -39.512261927930524
15047 -22.565469997246545
15048 0.7945667111717921
15049 -14.121844571957482
15050 9.68680309621981
15051 -46.99777625187809
15052 -16.864644122194004
15053 -0.2758060395056964
15054 -26.534300099944957
15055 -18.49871755579152
15056 -17.871083209492063
15057 -18.857849874822133
15058 17.142537901268806
15059 -9.696950424556707
15060 -4.299039595625072
15061 -35.695083862803585
15062 -29.465313033374695
15063 -0.3897266509727342
15064 -24.118357284102384
15065 -16.218803347396314
15066 -7.931096330850123
15067 -14.310716854997299
15068 -10.590279279468087
15069 -6.239655618846155
15070 -4.125446774996526
15071 -3.5637530767923455
15072 -6.779981363285333
15073 -0.3325130729937518
15074 -6.354771389785892
15075 -4.8159236337919715
15076 -9.748012604504765
15077 0.7589306513901102
15078 1.240784170427214
15079 -8.405152224382036
15080 -39.97387511546913
15081 -43.24803560209868
15082 -13.156049502273527
15083 -15.438764767926477
15084 2.9306511175408376
15085 -37.20798979191517
15086 -40.26502535493346
15087 -15.168182330185372
15088 -15.94147631811371
15089 -19.192090606891433
15090 -22.748136458797234
15091 14.98415214555076
15092 -35.66179730928779
15093 -1.4372139317070833
15094 -38.63181816442113
15095 -36.98280315943339
15096 -39.79026956354195
15097 -12.412253101702373
15098 -2.276038118650904
15099 -1.4835004861926426
15100 -0.14795704672127613
15101 -4.993450823121093
15102 -37.372691230253984
15103 -10.450989482269215
15104 -19.723297359866702
15105 -26.267631189311796
15106 -46.48019915915007
15107 13.02066116865768
15108 -48.25248706541927
15109 -28.77218631013078
15110 -3.8280025261938864
15111 -17.26761005932014
15112 -26.61944154964658
15113 -8.62741285114127
15114 -41.97411790183512
15115 -17.3944308107064
15116 -48.557261857227715
15117 -26.36729643222701
15118 -35.893500342863696
15119 -37.163455500929125
15120 -16.609253152772727
15121 2.717742685121193
15122 -14.596216161421761
15123 -54.641649377251454
15124 -8.694278692409862
15125 -22.3342586477859
15126 -14.738930887696624
15127 -13.12624123422036
15128 -28.748440676602332
15129 -30.736113497457847
15130 -27.518872790306776
15131 -21.082275561220886
15132 -18.470513638269622
15133 -11.059239316550956
15134 -11.47531987779017
15135 -0.23529623422247822
15136 -21.614300025181436
15137 -11.057008291734528
15138 -0.3785223292750015
15139 -55.44844315048438
15140 -41.59692311068546
15141 -22.078808340761025
15142 -35.311992580172806
15143 -35.56072338587852
15144 -29.5430237897874
15145 -22.250243851562118
15146 -27.341152438558638
15147 -27.53313896717038
15148 -27.659044269431615
15149 -33.03891935077088
15150 -13.62507736579515
15151 -18.817029192277115
15152 -15.606628309997177
15153 -20.34394050034418
15154 -24.275577082100934
15155 -23.628665130314765
15156 -19.895377586886752
15157 -18.036757892921887
15158 -9.083007109160244
15159 -27.18983848576594
15160 -17.653436013316533
15161 12.265895873266272
15162 -10.75476468916735
15163 -7.743288763399614
15164 -7.149968630740914
15165 -4.478953630300821
15166 -24.395179984471614
15167 -4.701289516494726
15168 -7.324821643238247
15169 -24.67874631320985
15170 -8.498706780854846
15171 -11.343111790930998
15172 -19.062438695596793
15173 -9.62613670770792
15174 -16.04596166091127
15175 -17.42504887937481
15176 -6.1618182740481275
15177 -2.387545157436543
15178 -8.929945138689654
15179 -14.390191163403506
15180 -3.3109184738852493
15181 -27.143956685567684
15182 -45.581152797165124
15183 -13.410951390672562
15184 -6.594997621030197
15185 -42.17791342229073
15186 -24.60118954645717
15187 -5.389728998691135
15188 -15.051838884978933
15189 -26.96120955902239
15190 -20.07261233121142
15191 -11.508976258655894
15192 1.5735978880280164
15193 -10.499164635495982
15194 -42.801810423422864
15195 -27.039332401627327
15196 -34.670112996885294
15197 -54.48566429619197
15198 10.077459862935502
15199 -33.61001204001921
15200 -6.49318307974856
15201 -7.629870933592174
15202 -11.637614016705193
15203 -3.848237940738909
15204 -4.856092271021189
15205 -2.4320834050116535
15206 -7.075858696112264
15207 -7.210236925738573
15208 -4.61128261636899
15209 -10.95756390455368
15210 -3.595836653132137
15211 -6.895072145093727
15212 6.559651111119311
15213 -53.69614201423567
15214 -36.17771148048763
15215 -42.2241804886797
15216 -3.235467011261353
15217 -34.91544116127043
15218 -38.329789818270655
15219 -9.105741869284392
15220 -53.897189255355045
15221 -28.639073770599936
15222 4.679927639421512
15223 -48.99418829623348
15224 -7.139597071353783
15225 -38.128268738404
15226 -21.277341310184273
15227 -42.925952173690604
15228 -18.0682081426277
15229 -25.46194622138064
15230 10.142540249162558
15231 -40.468336135663264
15232 -41.15190640741232
15233 -15.878312027377396
15234 5.841255158668937
15235 -31.01909473962136
15236 -15.745611863271334
15237 -1.981034843804373
15238 -17.619852864449495
15239 0.6475299378622731
15240 -18.315446805993997
15241 -10.821137877532019
15242 -45.27174682207173
15243 -31.443578180593175
15244 -11.426674359414902
15245 -23.001345808815824
15246 -26.479092251468682
15247 -26.701940952603035
15248 -23.916549063700224
15249 -3.5308853629085935
15250 -13.04330600834539
15251 -8.893942918914545
15252 -13.386558053124753
15253 -20.068921681657667
15254 -16.053391972300886
15255 -15.576467099597648
15256 3.2488788119988747
15257 -12.150747009067418
15258 -17.68010321298818
15259 -27.456733267369856
15260 -30.136778683909213
15261 -39.98148903617912
15262 -16.057154885064666
15263 -19.560707111398806
15264 -21.83494896669639
15265 -19.820142829650433
15266 -35.189714922505225
15267 6.429645100548077
15268 -1.2735027189376706
15269 -33.107090153176834
15270 -19.81717842339174
15271 3.198608292449353
15272 -38.58350716175104
15273 6.22111255173193
15274 -16.930931728610595
15275 -2.511523269470781
15276 -28.579815868824372
15277 0.7843629403649538
15278 -12.122779961777706
15279 -14.862727608796122
15280 -13.236018008029351
15281 -7.632475354832131
15282 -21.43820467179947
15283 -3.040312591458496
15284 -17.453014090178186
15285 -9.866180099046614
15286 -15.238058888618834
15287 -6.918309785160382
15288 -30.780621254866855
15289 -17.004217586329613
15290 -27.716910858706978
15291 -26.192346644762438
15292 -19.69759877475706
15293 -22.570266554160334
15294 -25.285331878083525
15295 -10.890258671292976
15296 -19.72568990000582
15297 2.54642594500212
15298 -17.034666321972036
15299 9.366078853033395
15300 -22.11491148304209
15301 -8.369465992579935
15302 -11.94941262741253
15303 -3.4109366591468278
15304 -6.8605172001065515
15305 -1.5794421800527199
15306 -2.2921271851116036
15307 -4.179539932428888
15308 -12.613614690874238
15309 -9.025071822940372
15310 -20.13339788072888
15311 -3.330137707748945
15312 -6.475723635047034
15313 -10.221620900825801
15314 -18.354238311542577
15315 -3.9137481686675164
15316 -35.084093659555656
15317 -27.237299745647032
15318 -14.615849798146227
15319 -12.345035862533114
15320 -10.655818644066748
15321 -10.841817699305539
15322 -27.24522155020226
15323 -17.881830672920913
15324 -17.500651919515366
15325 -20.66935989775622
15326 -4.454612202976859
15327 -49.01336517016389
15328 -28.048820513959654
15329 -32.68504353581433
15330 -47.0376597731997
15331 -18.458787336048264
15332 -15.1921266271676
15333 -14.619093527237128
15334 -16.95807759131625
15335 2.1255094575243128
15336 -13.739320432250533
15337 -5.769826061645144
15338 -2.9664869977065247
15339 -0.6054782057346892
15340 -2.2259711823167163
15341 -2.5834382659586845
15342 -10.952658222723258
15343 -19.83659496721317
15344 -23.18447848516822
15345 -49.51263095249058
15346 -26.988255656152322
15347 -6.88363896181676
15348 -33.14926268342242
15349 -34.02143758858045
15350 -9.759601611120015
15351 -38.60258726352229
15352 -18.883477449126804
15353 -10.582804103335075
15354 -37.1584728214606
15355 -6.475207537457464
15356 -14.456449439392308
15357 -14.780672132885957
15358 8.335454835689598
15359 -10.480754910206889
15360 -35.648518078152556
15361 -32.871419365600595
15362 -0.8822760152554838
15363 -18.031889162656736
15364 -21.45517358650788
15365 -41.380596407154805
15366 -18.416422702030978
15367 -37.134968977925894
15368 -17.424041285811544
15369 -12.23986962417417
15370 -12.033744956055015
15371 -29.77953322541638
15372 -19.22060993111314
15373 -26.29611192204771
15374 -14.707453913464123
15375 -15.763631498082978
15376 -9.59237130020847
15377 4.494459443865053
15378 -15.590622508816013
15379 -5.145685436841013
15380 -17.196298862472613
15381 -9.407418817534198
15382 -10.88732050937877
15383 -1.4999005253899669
15384 -41.437313667681444
15385 5.138541782996617
15386 7.7415861861221495
15387 -22.07939950402753
15388 -36.48288128253509
15389 -16.01090827556094
15390 -18.379977518382073
15391 -23.52787738146042
15392 -22.190416108294883
15393 -13.404741904635012
15394 -16.41505074895278
15395 -11.065848055841052
15396 -18.022523461437522
15397 -38.71553135005728
15398 -24.81407964771046
15399 -13.536553054910183
15400 -46.59614161570862
15401 -32.171084149873934
15402 -9.785594090204977
15403 -16.500503171391028
15404 -50.65702101317627
15405 -7.367445918233424
15406 -60.935526283552896
15407 4.13535366121956
15408 -18.32068189001031
15409 -18.684570340790668
15410 -6.409808942063682
15411 -5.841308228631096
15412 -32.29963893187625
15413 -29.752749762680907
15414 -13.665127903474204
15415 -20.012094816032185
15416 1.3161549708645908
15417 -28.945974899079445
15418 -30.59888075871233
15419 -18.74740677378679
15420 -17.488347573391657
15421 -23.96794189543114
15422 -2.236189908974047
15423 -16.406669095520193
15424 -5.22843348151393
15425 -10.125087080526718
15426 3.1471368259679
15427 -18.060065774378746
15428 -25.58351799716358
15429 -3.2539678167251984
15430 1.3798973055032548
15431 -19.65303920259903
15432 -8.872803343738488
15433 -8.115833750865422
15434 -6.056125326353649
15435 -23.45330644102418
15436 -4.894041171927966
15437 -17.476692475733
15438 -25.971732922225492
15439 -33.81528628860135
15440 -24.37193655694573
15441 -51.36499716337217
15442 -22.588266411642834
15443 -7.0260944346291945
15444 -43.67391383197755
15445 -0.8206458364683203
15446 -10.049201145672269
15447 -6.1471287224983095
15448 0.8478943570752745
15449 -11.487820668982021
15450 -5.394500760231312
15451 -14.103854267573624
15452 -21.094669735114294
15453 -32.623459957165906
15454 -3.2158308669186955
15455 -9.714745154378178
15456 -5.21834336786982
15457 -11.819273755198374
15458 -9.919941829665186
15459 -27.581845269312034
15460 0.7796168418960587
15461 -12.758933259923943
15462 -43.523138941277864
15463 -42.16475421985873
15464 -46.02221728356162
15465 -39.31741365657756
15466 -5.676282501625683
15467 -27.99088503398205
15468 -38.856232433651314
15469 -4.906304413331527
15470 -32.39325678254172
15471 -45.32157341457496
15472 -11.914075864358018
15473 -24.899104834348254
15474 -9.665498728688108
15475 -17.166302256287164
15476 -2.681945977714495
15477 -12.820994243585154
15478 6.509220620692795
15479 -8.49041582569771
15480 -10.148181148921577
15481 -6.953585570690775
15482 -10.802274385673519
15483 -31.011868109729985
15484 -4.986715110738296
15485 -13.661407345027547
15486 -4.858515683225705
15487 -13.60458858352984
15488 0.7811473847716115
15489 -3.1305318556753625
15490 -13.010019067314133
15491 9.10776631466084
15492 -0.6647312860316015
15493 -16.190522241286672
15494 -16.86419286324279
15495 -5.285588011121872
15496 -12.83243080498607
15497 -36.80599362628127
15498 4.785554400597757
15499 -32.72736050542939
15500 -11.747895214902382
15501 4.3557943861820965
15502 -6.524385361677851
15503 -24.226557010371906
15504 -13.572694696010293
15505 -2.839328161541489
15506 -16.8750495470631
15507 -17.265175162055822
15508 -3.1565982435070326
15509 -16.968472499914206
15510 -21.85369928157437
15511 -17.77518107590644
15512 -37.02500010315329
15513 -31.368713056949055
15514 -12.117607015023824
15515 -6.917350532747369
15516 7.452625672996365
15517 -22.99482863269077
15518 -15.915327628175
15519 -2.3285083023449986
15520 -5.0770779438188764
15521 -24.881777672824537
15522 -23.673369139034186
15523 -16.438651847636937
15524 -15.138962234790233
15525 -40.07719405075666
15526 -17.900717033808032
15527 -23.529472569216594
15528 10.117089629021356
15529 -26.26963634034939
15530 -7.527959328110737
15531 -7.173566932574322
15532 -27.967293196355893
15533 -25.000187923340707
15534 -17.57970372093303
15535 -23.557569964914872
15536 -2.5322632010707458
15537 -2.8053387167495383
15538 -4.054487363565131
15539 -17.978775714522634
15540 -42.92789403053553
15541 15.484873500550894
15542 -12.563332981113636
15543 -10.07087215899577
15544 -9.657783497956698
15545 -22.13365967500926
15546 -6.392197633421019
15547 -13.257221068347716
15548 -23.69070382622056
15549 -31.911466268464718
15550 9.319696099237627
15551 -17.933325008430984
15552 -13.697949592876247
15553 -12.94793068237821
15554 -7.071466216737754
15555 -7.762367609957728
15556 -20.75008011612066
15557 -26.24066652659123
15558 -22.933131975344732
15559 -7.395453003171715
15560 -34.700210045394485
15561 -22.824742846679438
15562 -33.513198315614716
15563 -39.67503009654247
15564 -22.80568117435745
15565 -9.383505684658012
15566 -9.42312126711622
15567 -12.148855130485172
15568 -13.815601279061084
15569 -7.7443554025258345
15570 -12.956208032372816
15571 -19.618943623498925
15572 -5.993827469652169
15573 -7.048736278092256
15574 -23.523593639487082
15575 -6.813112961160514
15576 -7.999476217506162
15577 -13.290851106586052
15578 -10.323895386459625
15579 -44.32210749116508
15580 -34.16544270484955
15581 -31.040494823472983
15582 -31.47494786639538
15583 -19.486730709544936
15584 -3.1648271596846462
15585 -10.83634092357839
15586 -5.321656420223299
15587 -4.210498495211359
15588 -7.340041380530456
15589 -16.792011660478746
15590 -24.523173127392948
15591 -20.815215212230395
15592 -13.471755852629576
15593 -12.278290240917412
15594 -5.178859776548779
15595 -8.327128181372245
15596 -5.139344636414316
15597 -37.60734178508501
15598 -12.102093386564375
15599 -20.17083193645114
15600 -15.214092402164097
15601 -5.236723568973393
15602 -6.337165290137345
15603 -10.863961394446086
15604 -18.40181709250872
15605 -13.38871777228749
15606 -3.5882193571062815
15607 -1.086431231497263
15608 0.28586122340435394
15609 -1.579090009929205
15610 -16.370158882283285
15611 -2.977426660381898
15612 8.00756995537231
15613 -2.8959284822562767
15614 -4.596935103378928
15615 1.5733202051163244
15616 -18.997570476895053
15617 -20.307549928295046
15618 -26.206813992698006
15619 -12.28431061379175
15620 -4.681933276257477
15621 -10.024248965894222
15622 -11.003121418893425
15623 -2.1013310899687347
15624 7.043681138847896
15625 -48.23117121563584
15626 -23.689046119302656
15627 -27.143681221041625
15628 -15.530883531863074
15629 -46.63817578608461
15630 -3.706230834552116
15631 -5.963322771722014
15632 -18.39423259770134
15633 -13.619702863261919
15634 -19.062556792338874
15635 -11.373972034300532
15636 -34.113225119460985
15637 -9.706623046448659
15638 -20.6737315355381
15639 -20.758296393116325
15640 -16.292184048121417
15641 -19.618436113027418
15642 -27.360990910903492
15643 -24.32075965837954
15644 -18.28182844095703
15645 -20.43173017457375
15646 -35.34604406675236
15647 -23.375327939505805
15648 -3.478369542248256
15649 -23.380932078649202
15650 -21.7067475145559
15651 -34.18618639928085
15652 -9.699901806926064
15653 -15.969069870696986
15654 -62.51339826778887
15655 -43.84069355787782
15656 -3.13477179155263
15657 -2.6456461994156415
15658 16.991115983297785
15659 -19.323176766276593
15660 -4.577315939514665
15661 1.6278962714043155
15662 -16.907575315053837
15663 1.56800407420611
15664 -6.027154931322293
15665 15.619002411712717
15666 -12.919393408889446
15667 -3.3886088716956144
15668 -8.985292793198314
15669 -4.5296867955784546
15670 1.1583877174126973
15671 -17.603264585402794
15672 -19.267898485460464
15673 -7.994781257038267
15674 -14.796555203987955
15675 -9.585328184162645
15676 -8.18980001834745
15677 -2.8171912226488347
15678 -8.194768418713501
15679 -17.41610047334194
15680 -14.609234788406612
15681 -6.556687575366377
15682 -7.16117777672538
15683 -10.160013492784346
15684 -8.689144724657234
15685 -6.842302279965079
15686 -3.8062679294451662
15687 -39.600408793136154
15688 -16.35925984133777
15689 -14.967523441340017
15690 -17.318018452940887
15691 -35.204820516836335
15692 -30.02827223072469
15693 -16.556003273922105
15694 -28.701861480546505
15695 -27.590831109900464
15696 -50.404750849009
15697 2.574480500584905
15698 8.635995962070302
15699 -2.967087326556211
15700 -1.615860248851386
15701 -5.606099505509774
15702 -13.2520587333398
15703 4.8990714147077234
15704 1.2373099370284764
15705 -4.839868029057106
15706 -2.430340694610786
15707 -4.519254932607145
15708 -9.11716048141825
15709 -6.511173670556891
15710 -4.925671077173174
15711 -33.25583847278118
15712 -18.344446725210872
15713 -12.911497270213586
15714 -9.102385735435819
15715 -2.5838014353436303
15716 5.7309988541282655
15717 -1.4991459148396098
15718 -4.9839884452175465
15719 -10.76734864735583
15720 -7.929793689189391
15721 0.2108041897462681
15722 -11.11680602782595
15723 -1.7192552157964383
15724 -5.900326558798551
15725 -17.222855780297394
15726 -12.569563595168292
15727 -14.939965009451845
15728 -12.7816855789916
15729 -1.04492463815448
15730 -14.614075729881588
15731 -23.4404008000702
15732 -2.196411072989722
15733 -9.604107060053648
15734 -17.626729062420782
15735 -15.420440144403255
15736 -24.192872649766358
15737 -25.055336917203675
15738 -28.621260324904725
15739 -20.057496507033648
15740 -7.784182675135234
15741 -13.832122984074084
15742 -38.66094418903303
15743 -26.93316445825534
15744 -10.00961084157796
15745 -23.732728833821458
15746 -11.924988414991239
15747 -18.00618941780878
15748 -8.12846903800455
15749 -15.517854680647725
15750 -11.352962136401183
15751 -12.779529235144727
15752 -12.395023967550951
15753 -16.257546511794644
15754 -5.522178010654461
15755 -36.18044750534929
15756 -14.135980203846703
15757 -29.109154190711124
15758 -28.030816315180708
15759 -16.257262170917965
15760 -14.239265950400295
15761 -51.7075257645153
15762 -31.82198328082377
15763 1.4650804383901412
15764 -21.674828924329486
15765 -20.429222143593652
15766 -20.91816682778619
15767 -16.557330424531973
15768 0.851974802257755
15769 -11.728222211661196
15770 1.6981652341756852
15771 5.480435510251991
15772 7.017944054919208
15773 -0.5683764445238921
15774 5.461265580711042
15775 -15.886040958746161
15776 -34.88927693701611
15777 -27.044615534753248
15778 -19.843396776255542
15779 -4.857044480761833
15780 -12.823282772326928
15781 -1.8213790898941806
15782 -16.486599874679815
15783 -36.21165451609049
15784 -11.241666206493537
15785 -39.443293582191984
15786 -27.126099046260933
15787 -2.2670127177880204
15788 -22.1317502374835
15789 13.80383512452463
15790 -40.0299445736935
15791 -25.956378683369838
15792 -22.874348294215743
15793 -22.046430867637827
15794 -32.227925971349904
15795 -22.13702381751078
15796 -25.73001754205834
15797 -25.967876416052604
15798 -1.1092332424031337
15799 -16.022453285130467
15800 -48.41066447871839
15801 -29.49638892348448
15802 -4.99079459274828
15803 -23.544286779998657
15804 -18.25381624249945
15805 -17.998072617156286
15806 -32.846838653093
15807 -19.784468947797723
15808 -31.70054832046473
15809 -23.829733886966714
15810 -33.15532956376875
15811 -9.454708236771111
15812 -14.932802926158184
15813 -40.08203055546037
15814 -15.836195939601748
15815 -35.81451665992543
15816 -14.559807258206273
15817 0.3066283653293794
15818 -17.305241138575656
15819 -32.236805871387915
15820 -25.235475087454834
15821 -20.516470248112018
15822 -22.508744438834402
15823 -11.105693755091634
15824 -34.30829135141467
15825 -18.65974619556073
15826 -39.86285735146346
15827 -11.997490137974383
15828 -7.657245464119333
15829 -12.932990750908502
15830 -32.84418406264071
15831 -25.177752550033475
15832 -38.49220292162543
15833 -18.01667936317055
15834 5.179631946042646
15835 -29.116672979182475
15836 -10.815884173116793
15837 -17.243263321911073
15838 9.585590332758729
15839 -47.45919781582721
15840 -5.6019065572867115
15841 -9.229599278675451
15842 -30.78281435932935
15843 3.2286848868813833
15844 -28.8970900028538
15845 -10.703165280804532
15846 -2.695411328596383
15847 1.0657179261410783
15848 -40.8307509690283
15849 -4.2796430228905225
15850 4.646561872690072
15851 -0.9703523470302753
15852 -0.7045551805170543
15853 -2.180338891532592
15854 -31.99428870206655
15855 2.6202070587180786
15856 -39.088205722759156
15857 -12.042264871074295
15858 4.533925187010027
15859 -7.564098846300039
15860 -48.015137729332494
15861 -40.30955096332662
15862 -46.40295404188204
15863 -24.913198302870004
15864 -5.612744137717819
15865 -22.469046265036596
15866 -4.043823937638662
15867 -31.398259465638695
15868 -19.99733560155728
15869 -15.706709017228567
15870 -12.246113264926244
15871 -12.998501363544491
15872 -14.97633078331928
15873 -8.65268815703952
15874 -2.523472162821854
15875 -10.667518415519153
15876 -5.730994995822111
15877 -17.751927224776153
15878 -13.4068017627472
15879 -3.6465679847315187
15880 -33.87799391763459
15881 -29.163532365768187
15882 4.993281683852838
15883 -25.41541517271733
15884 -14.054555257719766
15885 -13.38630642079981
15886 6.546102011967596
15887 7.033611386614211
15888 -31.380929313506496
15889 -20.738563956796714
15890 -4.031801329298614
15891 1.106202357585571
15892 9.558325601088145
15893 6.050687237587117
15894 -14.016815632012731
15895 -4.246939239280909
15896 -3.6454366979165935
15897 -5.995455172202346
15898 -7.496571021909622
15899 -8.700847585001029
15900 -7.467046802692494
15901 -8.681122382303437
15902 -7.427284851711738
15903 -6.420784980647295
15904 -3.6763449932038204
15905 -22.671376275012737
15906 23.951807287479024
15907 -7.17080582029841
15908 -8.039691165641562
15909 -3.681818682847661
15910 -52.57833878307574
15911 -16.85665670958566
15912 -4.529160470950301
15913 -36.66871660125747
15914 -38.95036570796641
15915 -42.57976823744655
15916 -7.037638862925523
15917 -29.60921655319791
15918 -7.894820578510116
15919 -15.227679806377127
15920 -16.881681155381813
15921 -11.740427370674297
15922 -9.338791448900011
15923 -4.265988755411236
15924 -20.962140833187295
15925 -22.022063485201944
15926 -8.495462762531387
15927 -31.273464993307133
15928 -19.925307329805946
15929 -32.13074087795787
15930 -22.786275531514548
15931 -7.34432010445933
15932 -8.246889229134831
15933 -10.81449893730838
15934 -37.900641325723846
15935 -13.385812029692461
15936 -6.996091650660965
15937 -3.454942213361355
15938 -25.705904878030704
15939 -14.361658135736361
15940 -7.627027134501841
15941 -15.54025666327012
15942 -20.056089081752724
15943 -1.792202410271566
15944 1.9303838851589534
15945 -18.756818499487707
15946 -2.594351588814752
15947 -5.473858999331424
15948 -17.63493761999605
15949 -3.8651103697126383
15950 2.551468925246736
15951 -25.47016066469805
15952 -9.909467707851581
15953 -1.1993457938467327
15954 12.555945220606954
15955 -18.424883568679217
15956 -1.300899537220248
15957 17.497014241640862
15958 -7.880854855303914
15959 -28.795380629899736
15960 -10.137295036390569
15961 -5.081257963627431
15962 -11.50017306421534
15963 -6.281500294159632
15964 -19.3096040286815
15965 -16.048277397170022
15966 4.04232243595834
15967 -0.4417271462663484
15968 -35.20885185426189
15969 -29.366205091052105
15970 -30.655222789137188
15971 -14.765764236028044
15972 -16.92524085058889
15973 -10.179463228147798
15974 -16.41935870783462
15975 -22.441741299151616
15976 -33.498282699336414
15977 -15.271470584357157
15978 -21.10451390560978
15979 -16.4207881316384
15980 8.94974443827552
15981 -6.0337549880195
15982 5.293495632049453
15983 -12.704744388979742
15984 -15.719956213752011
15985 -46.04791037044459
15986 -31.307911105418317
15987 2.63010420089282
15988 -24.583154764845386
15989 -14.37069608030637
15990 -30.39626688804172
15991 -10.692984763733694
15992 -4.710390272267104
15993 -11.142844918908086
15994 -4.580073578191804
15995 2.233699341462634
15996 -4.3538970121812595
15997 -13.612388334753923
15998 -41.46782666349711
15999 -22.29394345389257
16000 -46.33811033212944
16001 -31.057071524793137
16002 -16.290369358126917
16003 -5.809586178947647
16004 -10.759670180048124
16005 -3.3958950329483195
16006 -1.9732948176993523
16007 -18.992786269930658
16008 7.9439149408851515
16009 -5.443764362965594
16010 -7.2281458911878875
16011 -4.708201992091344
16012 -14.938429451339907
16013 -29.02499457041049
16014 -21.20695289717478
16015 -12.646864388299582
16016 -15.833929698615393
16017 -25.815860728913975
16018 -23.430423478699232
16019 -16.283882672167966
16020 5.900016164527042
16021 -44.64354379401892
16022 -11.682699045793706
16023 -40.37387722480169
16024 -5.194257335702132
16025 -13.256262489874644
16026 -33.43208771754027
16027 -14.647594618575386
16028 -1.5836235505492369
16029 -29.518103838378885
16030 -24.56649981348208
16031 -45.276673059070305
16032 -4.8169872851177935
16033 -2.742803891532967
16034 -14.769421694039774
16035 -7.650989667175599
16036 -0.7622538857373001
16037 -5.09866877794615
16038 0.6913694416999351
16039 -24.11565531848042
16040 -31.4634413556449
16041 -30.363804703476198
16042 -27.33947388724002
16043 -22.742074981202748
16044 -4.6716891729533385
16045 -16.396553223329974
16046 -31.22057760990152
16047 -30.675225767413213
16048 -21.340200033743894
16049 5.241576088174916
16050 -26.686335275180173
16051 -3.3832164227034083
16052 -14.128719225483072
16053 -18.1193313955747
16054 -13.496111368106359
16055 -15.685140855564095
16056 -14.411698827726068
16057 -3.957767423519399
16058 -13.329635375704528
16059 -26.517503508871012
16060 -8.912856198086082
16061 -12.182843612104625
16062 -5.477703346504568
16063 -21.84457614257175
16064 -0.2365872026818397
16065 2.2926597801892785
16066 -13.772224227193801
16067 1.3811550824205916
16068 -0.21807211811552407
16069 -1.784515257562889
16070 6.587049956837872
16071 -15.248450228143192
16072 -19.69400046339928
16073 -17.672616846644086
16074 -28.863108179199333
16075 -20.151689121760427
16076 -39.27584569819519
16077 -19.935386345905716
16078 -45.68189105074707
16079 -18.938074354199344
16080 -11.201367894795695
16081 -15.834579331787827
16082 0.8965727749519283
16083 -45.19098299136895
16084 10.082547033983573
16085 -36.346181237150155
16086 -14.620115304428037
16087 4.7167634892048955
16088 -13.802702680779475
16089 3.505897290212597
16090 -26.944750569736936
16091 24.4790052828248
16092 1.4578410710339085
16093 -21.408063915477104
16094 -5.4877336367467064
16095 -21.11383310216508
16096 -9.906274150781101
16097 -42.49735055813202
16098 -43.21028816149643
16099 -23.744678403920553
16100 -41.9618372924377
16101 -9.01708431204912
16102 -7.118026017363736
16103 -17.91247884423996
16104 -14.370637899633001
16105 -3.6070993492609706
16106 12.423177904002078
16107 -32.12706016621014
16108 -4.222436198351351
16109 -27.142499374690814
16110 -17.06876971877544
16111 -13.987574405792403
16112 -20.669188733860064
16113 -17.87630613450863
16114 -36.85971097514673
16115 -26.806389439310152
16116 -17.340489329073606
16117 -20.84604689739499
16118 -32.328720861159525
16119 -17.597173198915407
16120 -31.721026103468613
16121 -24.22173922435002
16122 4.791087526128104
16123 -32.55044126889552
16124 -8.603590992197569
16125 -15.646904331131518
16126 -36.70273229320199
16127 -1.9402486080145172
16128 -29.596022808535928
16129 -37.99990181435176
16130 -3.3835531539861403
16131 -2.3181922222553113
16132 -2.2952142231665493
16133 -7.103365411534323
16134 -11.518700787963608
16135 -13.647844449763651
16136 -10.797901105163037
16137 -2.274134757816937
16138 -8.850230003462203
16139 -12.885330153633694
16140 -6.597244177354151
16141 -21.35443330829803
16142 -27.008416100495232
16143 -26.55981488197649
16144 -27.238794783120102
16145 0.2514784054858319
16146 -3.8752915635315004
16147 3.3298919583580573
16148 -9.737305953755422
16149 4.98032124034944
16150 0.5925449697482691
16151 -1.151888487746619
16152 -53.840964841490056
16153 11.713666001936508
16154 2.249228891753155
16155 -48.94589610491195
16156 -25.085877409768873
16157 -8.375174527828058
16158 -1.1303717561237863
16159 0.8638520108639204
16160 -8.682207259929273
16161 -13.297188242464326
16162 -2.3467363446587113
16163 -10.428062233665987
16164 -19.095985659505242
16165 -12.434949845997762
16166 -30.32031360693072
16167 -11.831414173856029
16168 -11.08303898040598
16169 -12.95751820250429
16170 -24.705116723772516
16171 -10.951504839102563
16172 -15.104207949601259
16173 -0.513375265346258
16174 -14.383521059073828
16175 -29.163706809505385
16176 -15.946651966243516
16177 -19.72323580387747
16178 -4.674702206786751
16179 -18.873765654475864
16180 -11.273873189660517
16181 -35.427668833263304
16182 -13.605631971728144
16183 -13.582578522255062
16184 -33.944950165137996
16185 -14.244326009406214
16186 -12.612847443950013
16187 -9.838425320373208
16188 -22.386105153419486
16189 -35.280405321285365
16190 -33.30623210430917
16191 -9.344723055460054
16192 -7.766514053516875
16193 -5.241466483076074
16194 -18.965334163300284
16195 -32.63920737258231
16196 -41.55547768862452
16197 -5.229906034665764
16198 -27.67727906518514
16199 -14.384320340609847
16200 -24.349331471290206
16201 4.524572897195612
16202 -29.28854653128772
16203 -26.677221689276195
16204 -16.286081468614867
16205 -21.052665858338585
16206 -7.66609642124502
16207 -19.513241990403476
16208 -23.373168798808184
16209 -19.56100978344184
16210 -15.421087750139705
16211 -2.096900496482558
16212 -47.03745802366262
16213 -24.77720973868738
16214 -33.329741350595725
16215 -3.872466772355547
16216 -34.95245367598473
16217 -7.605192289187107
16218 -32.99326197257251
16219 -27.12890975209215
16220 -14.492191341441503
16221 -24.662913220370537
16222 -33.46422532701472
16223 -10.575631602053182
16224 -3.536199853898288
16225 -0.11213631616381463
16226 -10.024528288726433
16227 -14.633625615528144
16228 -11.086909571923606
16229 -31.55399079146242
16230 -9.287135115076962
16231 -20.989654108291433
16232 -29.830479139492528
16233 -6.795810499535582
16234 -0.4711854625816341
16235 -7.628173860157549
16236 -18.718126953272584
16237 -19.83097471809713
16238 -24.961277742584933
16239 -4.674272943550314
16240 6.443044068345916
16241 5.51577092261854
16242 13.277260035016516
16243 -15.497387798622366
16244 -7.007407121903234
16245 -18.45651868291854
16246 -27.255645598278353
16247 -3.704119358256721
16248 -19.55441165589771
16249 -5.681498383969884
16250 -0.010516383463982492
16251 1.4438130196156271
16252 6.247700827420485
16253 -0.6215477840988024
16254 -18.68485506637473
16255 -26.491847278078495
16256 -8.99847997817822
16257 -7.496963327964623
16258 -39.8355178433485
16259 -21.427174024424165
16260 -38.61342880054246
16261 -45.5887759817412
16262 -47.17629385772627
16263 -9.799859685795381
16264 -30.717759540698754
16265 -52.54957602332361
16266 -23.366088922146737
16267 11.039959970052733
16268 -23.97108209892307
16269 -37.77474026928423
16270 -36.026583358209024
16271 -48.91559701763312
16272 -20.98527880315305
16273 4.6068116931935945
16274 -17.939435209075018
16275 -12.870638574647892
16276 -7.200794903629284
16277 -1.9413775809689833
16278 -5.591039837377466
16279 -8.22025463973201
16280 -1.423343632780161
16281 -6.504721237595367
16282 -13.903732994658494
16283 -10.885072504083945
16284 -9.428692023767944
16285 -29.057717072701926
16286 -9.64349918368447
16287 -8.439080885407602
16288 -6.206750568689749
16289 -7.252343075708195
16290 -12.312558528359368
16291 -24.384641796242505
16292 -16.55824153236055
16293 -51.45694273878471
16294 -9.199202062933328
16295 -37.53385485457693
16296 -32.69095044247559
16297 -26.408280848480352
16298 -18.57494253859724
16299 -15.352282079462165
16300 -15.331828802599338
16301 -21.166171583954565
16302 -1.4604623772774357
16303 -19.156822445306606
16304 -15.44053526711752
16305 11.544612026396935
16306 -13.127062997269531
16307 2.4773301403725054
16308 8.699761643111705
16309 -16.792559214214997
16310 -27.33225353060625
16311 -24.62635022921211
16312 -7.840837992157176
16313 -6.843995688851282
16314 -19.018047201251612
16315 -28.992759607503686
16316 -11.822859522849031
16317 -11.426927825418097
16318 -36.160185849267876
16319 10.332525872558326
16320 -10.354604535302787
16321 -25.81538505648845
16322 -29.162355054471554
16323 -20.40117405221812
16324 -9.285062617782824
16325 -23.03469845337502
16326 -17.25653483362592
16327 -1.9659606073370377
16328 4.78607069194506
16329 -35.48449830478989
16330 -14.93260493945243
16331 -30.58638749318314
16332 -25.17269210351209
16333 -4.24732199504535
16334 -45.56273139867466
16335 -17.073461590351943
16336 -21.297227738971998
16337 -10.095969160042587
16338 -0.14720388514178923
16339 -0.8009320205476251
16340 -11.218159470633255
16341 -24.33382787611161
16342 -19.448926537240187
16343 -16.522373715865978
16344 -19.981317933417014
16345 -29.304163690962305
16346 -12.891225193335849
16347 -32.96850295802156
16348 -13.685172373985843
16349 -8.561513015725504
16350 -10.435702977185574
16351 -47.22323313708373
16352 -6.883619569194998
16353 -23.213484000894677
16354 -19.338048963974288
16355 -29.118542471726396
16356 -13.545666834571893
16357 -51.65277235935646
16358 -6.939437684326985
16359 -18.08454594908777
16360 -44.025878954195214
16361 -21.16498636228789
16362 -11.335600143414922
16363 -15.003968911413395
16364 -21.27966698424905
16365 -37.76864772305853
16366 -26.828339390758483
16367 -19.527363534139877
16368 -32.955064623707
16369 -21.756314657030888
16370 -9.098546209741325
16371 -4.57650720316291
16372 -25.246842370638042
16373 -14.600889221649703
16374 -24.16689879108031
16375 -15.387495050982107
16376 -20.66535509390771
16377 -24.078576903672364
16378 -3.6490330801212987
16379 -0.6775305034448683
16380 3.2155190264843987
16381 0.5972162917727837
16382 0.38723482824818345
16383 -4.641194895819499
16384 -7.793638880872168
16385 -4.558142056192737
16386 -7.613477263127279
16387 -6.871103631203004
16388 -9.789138079195546
16389 -6.758543457362684
16390 -5.6520904334327495
16391 -10.768030893605173
16392 -4.021921072127443
16393 -8.274507866324274
16394 -3.0169160419702528
16395 -25.13411672488597
16396 -10.953937225940608
16397 -6.321169235812558
16398 -12.970534029830306
16399 -19.168442034754698
16400 -24.324593200048984
16401 -22.10583021817438
16402 -18.241047899959668
16403 -26.7996017184206
16404 -16.028102769199467
16405 -25.315565643733716
16406 -17.382924589188477
16407 -8.067572821932846
16408 7.5408722026867325
16409 -22.084215647320814
16410 -15.154807674770854
16411 -10.475301868397946
16412 -9.363532710749714
16413 -9.061643302933954
16414 -15.99017287620707
16415 -12.615220588659286
16416 -0.13941117659007432
16417 -21.367037144906643
16418 -9.269522935928544
16419 -14.297832440343337
16420 -19.212758657180675
16421 -26.943943762538257
16422 -40.32527975553603
16423 -1.975894605602225
16424 -1.7655921388682327
16425 -38.11426461746974
16426 -34.56224643282491
16427 -33.99807181568278
16428 -22.290618773382594
16429 -22.06799266056987
16430 -32.74418719915396
16431 5.580519401849597
16432 -47.78017079901299
16433 -5.204918444960058
16434 -4.200132919849275
16435 -17.36818389963766
16436 -21.360791959708877
16437 -29.1581012241992
16438 -21.867148325917807
16439 -26.62614918681473
16440 -18.62193372537047
16441 -14.116791555623932
16442 -33.21057012079677
16443 -16.94897683554387
16444 -36.97823247349035
16445 -14.750162419719418
16446 9.20055700233337
16447 0.7383986443019239
16448 -3.7057428149852787
16449 -25.36147195288111
16450 -8.314125571693294
16451 -16.50701986452579
16452 -18.9291483342048
16453 -7.0941527339945605
16454 17.604438324817746
16455 -42.45761243935238
16456 -27.50385412861171
16457 -1.980074046945665
16458 -8.856620299161296
16459 4.329443851231481
16460 -15.30322698251286
16461 -26.991234147755748
16462 -3.4283306867448844
16463 -0.5924605475385033
16464 -10.970905463901
16465 -8.467443518593354
16466 -18.527218548846868
16467 -25.82160718170795
16468 -8.218102446231933
16469 -5.064919387752598
16470 0.02728894857908017
16471 -11.213096227261122
16472 -13.219092705659277
16473 -0.8979986324901984
16474 -1.69005615294358
16475 -3.6623072932120704
16476 -4.639331962957658
16477 -6.905147398362169
16478 -10.043858770417573
16479 -27.93658134613681
16480 -9.360820130573702
16481 -10.798537425213581
16482 -11.945677980813052
16483 -34.9639953074303
16484 -10.459273296471073
16485 -15.821335993570537
16486 -17.630357765661756
16487 -10.638576679783728
16488 -26.688644836464228
16489 -10.927375871344557
16490 -22.92986663243835
16491 -15.080805418896052
16492 -20.244315106935975
16493 -13.434088686698379
16494 -32.118838969452916
16495 -38.41181567171239
16496 2.813226748489542
16497 -28.623777521468
16498 -41.26035400317545
16499 -12.973234838522039
16500 -25.63688317590553
16501 -4.390468879690307
16502 -8.97431048416518
16503 -22.326804989993544
16504 3.2456251451019487
16505 -32.83961115550395
16506 -12.188196405347552
16507 -29.67770353452652
16508 3.1534625750692795
16509 -20.138109434159706
16510 -33.21358595428901
16511 -12.089986928863508
16512 -50.293818571476585
16513 -14.922418053649162
16514 -3.988840224737796
16515 -16.539482242849044
16516 -20.135117531151483
16517 -20.35756379747516
16518 -9.06280662155259
16519 -0.829349554565706
16520 -23.16970933569537
16521 -5.452401796261838
16522 -21.68274986118704
16523 -31.548508705650164
16524 -16.527730465697967
16525 -3.69486393607629
16526 9.731808622860116
16527 -20.661484019399794
16528 -0.06709952994264314
16529 -11.372300913169747
16530 -3.2566410303844897
16531 -1.1096793878350582
16532 -18.559068152896216
16533 -6.25828088978451
16534 -12.478223080225435
16535 -4.087779030600213
16536 -4.327039348658436
16537 -19.966354751019388
16538 -34.10857386680625
16539 -14.970988121640112
16540 -23.53238708987934
16541 -26.58564073221947
16542 -15.78316913206305
16543 -8.34523754567068
16544 -13.448743985250767
16545 -25.47365062617013
16546 -8.271380883287494
16547 -19.49967648923848
16548 -18.750700773181016
16549 -25.85407409508538
16550 -3.7734874402380956
16551 -2.359502853520244
16552 -15.217592394108943
16553 -25.000664365181002
16554 -12.595078958473023
16555 -15.146244245696144
16556 -23.607742743516575
16557 -21.80588054429274
16558 0.88491603737275
16559 -7.104509531288931
16560 -14.156546463932319
16561 -8.736955068578537
16562 -21.253827048661332
16563 -7.8918507694995785
16564 -24.416223172195895
16565 -19.925701567822106
16566 -26.24925205247171
16567 -28.976232982729126
16568 -19.522766025387245
16569 -21.78671206372266
16570 -15.510447044528991
16571 -21.339596520527994
16572 -1.111137855642155
16573 -7.9241465189808515
16574 0.2330868232215289
16575 -14.58519709458109
16576 -25.506637689201014
16577 -16.17759286641449
16578 -11.818725044531893
16579 -31.354503036130918
16580 -32.93976084891241
16581 2.9806976924646005
16582 -23.182075720798604
16583 12.248687482424575
16584 -20.555476723652827
16585 -17.326955376722037
16586 -14.907078290461795
16587 -1.2495600618759635
16588 -33.234143048791445
16589 -28.901987389606802
16590 -16.191105783415697
16591 -14.517618227664498
16592 -14.727500408603664
16593 -32.22996691983062
16594 -13.746536543062684
16595 -8.163334472738061
16596 -25.101134873657283
16597 -18.118531052583275
16598 -22.99552467505229
16599 -6.709020794923708
16600 -11.270674999252952
16601 -20.230011975699018
16602 -10.79663763345321
16603 -6.292144521222071
16604 -29.887521938282735
16605 -16.04633621707311
16606 0.1876739363928209
16607 -6.409485428428016
16608 -6.976614803255361
16609 6.604430474748224
16610 -10.027805981582205
16611 1.6325757930314284
16612 -2.4924630433115817
16613 -26.088652962363412
16614 -18.2097083168081
16615 -8.070491683892033
16616 -29.01911419732627
16617 -4.916547261422529
16618 -8.98855909927719
16619 -27.199942490997056
16620 -48.37616636371662
16621 -23.583377096476035
16622 -30.71950553374874
16623 -22.474931751640106
16624 -30.499185413146478
16625 -17.146866510793625
16626 -15.656175767809763
16627 -8.365578996240947
16628 -2.5293944128490695
16629 -12.406025478256197
16630 -12.039008019811154
16631 -23.619558876315715
16632 -12.380636318629405
16633 -20.47605538411779
16634 -16.97988271868773
16635 -14.04656273159213
16636 -6.914466884150024
16637 1.0947063631062337
16638 -4.86870035064334
16639 -4.816234797478246
16640 -13.69160271294968
16641 -10.087113670670806
16642 -29.845756669942638
16643 -34.066953324260105
16644 1.5992223762493813
16645 -6.577677212946291
16646 -4.364756012670114
16647 -18.751756609611622
16648 -41.40850999977498
16649 -19.969259721391573
16650 -41.97261707971091
16651 -42.78230086746553
16652 -31.15670820669533
16653 -29.92968665644119
16654 -35.11309164681137
16655 -23.06368100459804
16656 -34.31277259710347
16657 -11.34543379763927
16658 -10.609334487582819
16659 -20.232594783123496
16660 -24.449355444011015
16661 -14.019619584404136
16662 -11.3940481519085
16663 -26.29722159504716
16664 -21.080726687178977
16665 -19.162924348065136
16666 -20.119476348326135
16667 -31.60942663382026
16668 -27.507190482323058
16669 -26.228896707506355
16670 -23.75946309051709
16671 -12.950456850766932
16672 -26.300691582624278
16673 -28.90003771505857
16674 -12.533269991844136
16675 -26.384461789195484
16676 -4.005116183167993
16677 -10.786339499822498
16678 -27.88877051922522
16679 -14.521041803244444
16680 -12.749409707930463
16681 -25.644036767555953
16682 -26.791812486275738
16683 -10.07256257446541
16684 -21.97788088134912
16685 -0.34403077676339305
16686 -28.47092868731139
16687 -14.769679596814239
16688 -5.583628342952579
16689 -21.870432193748275
16690 -16.495032857063052
16691 -23.872418853061536
16692 -13.533743315059546
16693 -18.555453341242245
16694 -27.07948260940728
16695 -20.102318517020322
16696 -26.007598517526347
16697 -26.555479521819944
16698 -3.612190378615196
16699 -12.17573671887585
16700 -17.949870930352482
16701 -14.781152048325021
16702 -19.86445867985356
16703 -18.448481965987447
16704 -32.87585960485216
16705 -9.994035266805732
16706 -5.46352940955403
16707 -10.106017012036318
16708 -5.017474527076701
16709 -11.272269221028546
16710 -11.875546027223317
16711 -7.738831636336399
16712 -12.70592410961166
16713 -12.565728801093792
16714 0.6106869471236132
16715 -13.494787303579797
16716 1.671420944199199
16717 -4.3621916346949
16718 -5.027012167223002
16719 -10.305252553769678
16720 -9.23577518565551
16721 -3.728926615675009
16722 -8.182500445689948
16723 -52.903145692638354
16724 -30.666408389345015
16725 -11.229390999847965
16726 -26.78634197819003
16727 2.69143730414653
16728 1.3420084161400154
16729 -11.153615829830668
16730 -13.842635798464471
16731 1.2566745734341385
16732 -15.9286954318668
16733 -3.12728725888679
16734 -11.885510706604254
16735 -4.913371459861374
16736 -15.615284652924892
16737 -9.994511902403756
16738 0.9458823038850096
16739 0.06598367916041752
16740 -20.602721954894367
16741 -16.66414298584001
16742 -30.804075117330793
16743 -33.870054262095216
16744 -12.74490733141647
16745 3.0390353208284067
16746 -10.937711922521121
16747 1.4708614334141021
16748 -17.323408394314903
16749 0.18800555696434457
16750 -1.6001979380089324
16751 -11.901015846228548
16752 -3.7727776972392166
16753 -8.753621695951297
16754 -16.293004171250068
16755 3.103263456648274
16756 -43.475407810572214
16757 -9.935904212265742
16758 -18.09287076972687
16759 -24.556562821800327
16760 -49.89410244294122
16761 -20.40176434778696
16762 -13.314537885501196
16763 17.208370679660582
16764 -26.195609960232833
16765 -10.896417887027201
16766 9.888783831206093
16767 -19.753222955247182
16768 -3.0063355920907635
16769 -13.666153926486732
16770 -17.786266719588895
16771 -5.169404536792427
16772 -7.412938981450279
16773 -17.898848024254402
16774 -5.269235636326775
16775 -19.65002250140911
16776 -18.800563351268938
16777 -12.088418471250188
16778 -34.63684197768511
16779 -19.593654518680413
16780 -8.097673054808256
16781 -21.1547089719669
16782 -13.98653545717345
16783 -35.741056069236656
16784 -4.365738712576858
16785 -39.51197575337559
16786 -9.564535376358254
16787 -0.9364954718406079
16788 -34.244604305123794
16789 -27.085446733569405
16790 -14.186744917937759
16791 -1.7639370350433454
16792 -31.367980060214176
16793 -22.736543978583214
16794 9.332586399633728
16795 -0.37220825618307574
16796 -20.491044327869602
16797 3.350315806510189
16798 -14.319550828836508
16799 -3.0095863638540323
16800 -23.14714072142291
16801 -20.882791568720712
16802 -6.363339643147337
16803 -11.001685530882387
16804 -4.829915309302014
16805 7.186289346107223
16806 -8.971745140209386
16807 -15.03432289952456
16808 -17.353256511875077
16809 -23.163772323575394
16810 -17.91778050228997
16811 -1.580034404774633
16812 -23.395066744557845
16813 -27.618137909463695
16814 -3.931160429149022
16815 -13.012092047598562
16816 2.2147782473958797
16817 -20.82257219333842
16818 -1.8575995595025596
16819 -12.990870173123549
16820 2.0344787527716837
16821 -0.09989169235108421
16822 -15.549184516942914
16823 -13.128649788857292
16824 -5.183247529919463
16825 -33.75239929606934
16826 -5.485507632782828
16827 -8.597675015427958
16828 -8.15923260468975
16829 -2.91654095777325
16830 -3.167062910504901
16831 -12.829645186569104
16832 -14.61864680334009
16833 -11.665716525922763
16834 -18.868668062631478
16835 -17.985646026751784
16836 -25.267480318276647
16837 -43.6856685014542
16838 -17.396018857507297
16839 -2.1290781492217503
16840 -2.3696361919872286
16841 2.0190645978473185
16842 0.41224808102517274
16843 -2.411739062115812
16844 -5.700942042641546
16845 -12.547149841061618
16846 -12.039973447198863
16847 -3.351807659617043
16848 -11.455767580000247
16849 0.8485008608996577
16850 6.353922610169393
16851 -9.299552157998987
16852 -25.984368403122353
16853 -4.926908978478459
16854 -10.27227446537232
16855 -2.1436028073249327
16856 15.1857562997473
16857 -42.792166073311385
16858 -2.244517818504537
16859 -14.409748768470454
16860 -21.856622776870644
16861 -14.712755956221518
16862 -10.793544423231651
16863 -14.693028344188642
16864 -9.402912484431145
16865 1.0357136005352368
16866 -1.9743169795976427
16867 -10.789224114400422
16868 -11.535456760115776
16869 -27.998160580680704
16870 -22.098692643829853
16871 -42.46110702854538
16872 -8.752838816428557
16873 -13.83761819205858
16874 -4.431288593446661
16875 -8.703170170174417
16876 -6.564999855106435
16877 -8.091251976902422
16878 -10.3029320915071
16879 -10.120686204983794
16880 -0.8373073475137062
16881 -12.550761370066466
16882 -21.588292301013425
16883 -25.304440153352335
16884 -16.507719863476378
16885 -36.831432668695925
16886 -20.42702498706727
16887 -10.504782955458941
16888 -5.253053462255338
16889 -23.70117524665824
16890 -16.616361298406556
16891 -12.46039120508096
16892 -6.541452402041468
16893 -6.680885866386961
16894 -4.374101453569892
16895 -19.179479629327542
16896 -2.4901834892033365
16897 -9.350454459736794
16898 -8.16724723043124
16899 -19.67718544287607
16900 -35.38835795028412
16901 -14.886004710854323
16902 -28.838270431614948
16903 -25.325916942801413
16904 -29.83693157245405
16905 -1.1919838929771505
16906 -16.058064063740165
16907 -26.7317931222271
16908 -0.4121452293661423
16909 3.011704691872146
16910 -14.148075853235786
16911 -5.060629375329736
16912 -8.467564316711359
16913 -3.9418993082678937
16914 -3.6687961020818327
16915 -3.9135021300440713
16916 -2.910009407070902
16917 -26.443680905727525
16918 -19.099510837147246
16919 -15.664557132009795
16920 -16.30770327589853
16921 -3.1441312223223212
16922 -16.587049154048
16923 -28.3456823775635
16924 -22.523537518791272
16925 -6.275893745680951
16926 -16.599866222445417
16927 -2.1706517013056144
16928 -19.577630869323183
16929 -9.618594572833826
16930 -5.571967938016896
16931 -35.24708393630703
16932 -6.190345803488599
16933 -30.93717289476888
16934 -35.19869005306478
16935 -3.548770981955167
16936 -8.84917175488823
16937 -12.404536907798464
16938 -37.826224956220834
16939 -9.17537991756515
16940 -36.03608076133285
16941 -25.529464784713053
16942 -19.593127612779064
16943 -6.823579461836634
16944 -22.41824372606643
16945 -9.205127303569025
16946 7.422059803784359
16947 6.724242267611262
16948 -9.573754422630445
16949 -47.90972092010401
16950 -26.43091072950949
16951 -28.491304581828736
16952 -14.91544238214279
16953 -22.320530280610257
16954 -21.154598305412655
16955 -43.15147640515279
16956 -7.53098615805633
16957 1.8199652930727461
16958 -7.9840027249781995
16959 -1.0950087487247948
16960 -4.125628264214174
16961 -8.761897021318
16962 -6.815371581009385
16963 -10.941802886782826
16964 -29.59278882349332
16965 -30.314189607366426
16966 -26.555652904101734
16967 -19.142218571179693
16968 -36.12063240126401
16969 -21.65005350776526
16970 -33.29101902498194
16971 -8.329885143301363
16972 -33.1982727218706
16973 -6.404279290132108
16974 -7.341052734116966
16975 -21.16650127256493
16976 -10.367035952802107
16977 -26.041146062707995
16978 -4.745518046546349
16979 -36.08300431261698
16980 -25.66095608590098
16981 -19.517877225752308
16982 -9.113439827496768
16983 -28.100258016676236
16984 -31.680170109278844
16985 -21.199909300946747
16986 -3.030221514641889
16987 -17.831430577185674
16988 -33.12763277481907
16989 -9.559681601943593
16990 -26.483382842356658
16991 -13.048606604939996
16992 -14.56409736610396
16993 -23.283691792384197
16994 -22.516175615113607
16995 9.00739258395988
16996 2.0067212727223525
16997 -0.6940277023168164
16998 -10.485203158111398
16999 -3.2052674958005083
17000 -7.476324897335726
17001 -12.296872960972832
17002 -23.578532007462346
17003 -3.0773899448111477
17004 -2.0013792849831225
17005 -11.853100143030025
17006 -9.96853148403563
17007 1.5090312855300727
17008 -9.581155305309366
17009 -9.181069444898894
17010 -27.07290667414374
17011 -10.975995145375345
17012 -6.8521848538047925
17013 -2.0539876347890824
17014 -3.7232456754593293
17015 -17.348791188017348
17016 -31.215557400402613
17017 -2.103736943229742
17018 -4.140550344699732
17019 -1.085036540873116
17020 -0.236144143333222
17021 -5.88758272239982
17022 -3.9259415561963396
17023 -5.7440590660154704
17024 -4.594346508495218
17025 1.384128848020191
17026 -12.088243735472352
17027 -24.851594753134705
17028 0.30547758760978466
17029 -12.791058710398648
17030 -3.2629186349014345
17031 -10.314680007543938
17032 -2.2322166567470414
17033 -10.287502402267128
17034 -8.469755492020777
17035 -30.479306608304324
17036 -17.517636365731306
17037 -28.69542120377664
17038 -32.68740105073317
17039 -4.5472016212945165
17040 -34.39488075546033
17041 8.98306215589735
17042 -1.3933721112008788
17043 12.2149859475829
17044 -7.787564859570557
17045 -0.449526897490432
17046 -2.1371572232780456
17047 2.33832497328287
17048 -6.9630454409761295
17049 -9.28464387362561
17050 -15.306222743827238
17051 -16.810931597615273
17052 -0.15289225554530275
17053 6.460410885618912
17054 -8.378281730727613
17055 -18.666309202409757
17056 -3.4841174440131
17057 -19.737240697034576
17058 -14.15439841797095
17059 -27.54178961811369
17060 -6.629272372679407
17061 -31.657226073954952
17062 -11.948250078208657
17063 0.08137641402703594
17064 -7.615640941687161
17065 -12.69563060650995
17066 -14.45741998029931
17067 -30.69346403957359
17068 -25.124654344174342
17069 -12.671865869592294
17070 -8.55815967872768
17071 -23.115051354815805
17072 -23.740043940794568
17073 -8.696063085995993
17074 -14.216932372681768
17075 -23.69866451430222
17076 -49.08984535717624
17077 -15.622014288615901
17078 -33.86754034537298
17079 -8.58426080254707
17080 -5.74692264524303
17081 -26.316213219736674
17082 -36.95398695062788
17083 5.659162975381187
17084 -42.34434618986968
17085 -10.535922428993945
17086 -52.82773871005047
17087 0.2730765743261145
17088 0.4754289675324981
17089 -1.3174488372656925
17090 -8.867196407744341
17091 -0.37021931340103037
17092 -12.757669209749002
17093 -36.916704761654834
17094 -8.668842929836247
17095 -22.3870004376999
17096 -22.913614601684095
17097 -4.472291343674442
17098 -4.982641126954986
17099 0.18489719713455996
17100 -6.849686566872988
17101 -4.728269424298341
17102 -2.1879662236473814
17103 -0.5910153956613794
17104 -11.794857840662589
17105 -15.391869199190259
17106 -10.241929159854044
17107 -33.133791796795556
17108 -32.392709616320936
17109 -17.022339497143257
17110 -23.680422869634057
17111 -14.26200331361746
17112 -21.08363204225854
17113 -17.54238940187337
17114 -29.127231138498463
17115 -18.12474015110536
17116 -29.222141889584453
17117 -35.49059268469384
17118 -31.313340025793586
17119 -13.183900572923886
17120 -13.764747413948353
17121 -7.4053230333043025
17122 -46.4481471316237
17123 -27.174806412666076
17124 -30.499698132612103
17125 -28.29847853746658
17126 -41.248206252612874
17127 -48.59544483151593
17128 -14.089178127428603
17129 -29.75543850784772
17130 -3.876663194177381
17131 -23.725534718724084
17132 -18.978352307294845
17133 -2.33079567134846
17134 -43.82897304030761
17135 -19.188710062376632
17136 -25.21448940646398
17137 -22.032346856739895
17138 -40.47211246263993
17139 -15.15171128018308
17140 -23.286574379526137
17141 -25.122313618784247
17142 -13.791480800138233
17143 -9.319128481747757
17144 -18.43694496507087
17145 -19.514499478088254
17146 -41.715296215878624
17147 -26.67399841426246
17148 -22.273155664132645
17149 -24.36650358169849
17150 -13.796880100853159
17151 -14.397149275966367
17152 -24.06443789646728
17153 -18.70916658480579
17154 -9.741216973245173
17155 -19.694950934936497
17156 -2.2345124219189163
17157 0.3828847059988766
17158 -19.309669252027234
17159 -15.109306411951401
17160 -21.461027235065412
17161 2.848946654823958
17162 -23.089512448542518
17163 -19.677263594636315
17164 4.505459988589719
17165 -18.855221332148503
17166 -12.767764338629496
17167 -4.360721878393815
17168 -4.1862262450141134
17169 -6.412152851819992
17170 -15.499670152389445
17171 -7.3545857204879574
17172 -16.16198902266988
17173 -20.634925655412225
17174 -17.09081036569114
17175 -7.529283392637299
17176 -20.684852010683098
17177 7.02219701749389
17178 -24.194935304729295
17179 -1.2383213917059765
17180 -23.53110258562723
17181 -23.41073494395052
17182 -42.73466525651398
17183 -37.3488292353788
17184 -7.826207005988108
17185 -6.826640061789367
17186 -24.51877312235578
17187 -23.920990077982715
17188 -19.519604789353036
17189 -21.65410867458384
17190 -3.636027479833865
17191 -1.3024630750720099
17192 -24.441481977797956
17193 -4.735172153038584
17194 -7.591184694654076
17195 -14.499400316914544
17196 -7.510233876506972
17197 -9.517494017564605
17198 -11.788417659367552
17199 -14.46290409354755
17200 -22.283873603375977
17201 -8.694488450599893
17202 -21.36547852400836
17203 -5.628527735284734
17204 -7.678031712241645
17205 -23.770264297848044
17206 -2.5803192943829343
17207 0.37985980520636076
17208 1.5932524618199386
17209 -9.848690456219629
17210 -17.20735893855861
17211 -24.154928573146318
17212 -8.254878573704337
17213 -5.133965306786267
17214 -4.345867335114454
17215 5.766518552563212
17216 4.02113867278691
17217 -7.602829660748975
17218 -29.576325588386243
17219 -33.809071882802236
17220 -32.70368106122725
17221 -6.127877844346367
17222 -1.5477211918246758
17223 -6.7459901802899545
17224 -5.57817076608946
17225 -7.0284453870578725
17226 -26.96740717810084
17227 -29.00847537301568
17228 -1.1757357205290464
17229 -11.594310873584618
17230 -16.71044372395321
17231 -31.359734452790725
17232 -3.7070757530543776
17233 -0.16349547336241813
17234 -18.88059003769813
17235 -18.399337715208386
17236 -15.277796428933362
17237 -13.386916591980698
17238 -13.382981642006925
17239 -23.63236735759507
17240 -13.64243830013409
17241 -8.705340214658644
17242 -3.594860226482997
17243 -24.21074331296244
17244 -30.75373300851119
17245 -23.742801579471706
17246 -28.011077316370937
17247 -20.401461577461014
17248 -2.2521356003287654
17249 -16.714879526433506
17250 -3.3062328727582644
17251 -41.33723518164377
17252 -11.270819053915039
17253 -8.838452175724377
17254 -13.095006336406078
17255 -34.15638951800458
17256 -4.565828725911124
17257 -26.675419832221376
17258 -28.61403417800364
17259 -35.73771103012434
17260 -40.51954487508352
17261 -7.968399072183238
17262 11.23352316149656
17263 -23.927709871342522
17264 5.211662070520979
17265 -0.3939910957991378
17266 -14.068719930804217
17267 -15.397161304141628
17268 -17.911983877475578
17269 -42.30030088443105
17270 -12.549563029035635
17271 -17.849102189412516
17272 -12.101406411503122
17273 -4.250752422348014
17274 -15.203297757323307
17275 -21.6802539863986
17276 -35.07925368406126
17277 1.4975187907545477
17278 -12.500551541616588
17279 -19.20953634814752
17280 -40.030413781911776
17281 -24.414410023839007
17282 4.106326629960531
17283 -28.565689307043503
17284 2.858900045710907
17285 -14.539403285666195
17286 -9.763095138857606
17287 -6.864544580943038
17288 -38.44852165326942
17289 -38.45363362249918
17290 -23.04041692642917
17291 -18.326538722934057
17292 -0.9239764449572249
17293 0.27785962436028055
17294 -2.394393083627365
17295 1.056967703379778
17296 -14.25085177264933
17297 -9.385207874420011
17298 2.623484847048676
17299 1.1904514181404375
17300 1.0290279618899512
17301 -2.7919131170917537
17302 -5.72217655629851
17303 -3.9166496654409273
17304 -5.684766911242478
17305 -17.718036579579348
17306 -6.927990030997899
17307 -7.975363747236261
17308 -5.103439382556099
17309 -19.943408205269225
17310 1.591039192512835
17311 -33.146576928864086
17312 -30.600945825818634
17313 -17.286889692242838
17314 -17.361477613157476
17315 -13.030478906667122
17316 -19.854357954463485
17317 -20.89259077899798
17318 -37.04825694489205
17319 -34.62944235021932
17320 -14.80076474798203
17321 -17.42503382804949
17322 -41.47444968188967
17323 -8.14141028264392
17324 -29.48031703125991
17325 -18.447383193966527
17326 -25.374841494776337
17327 -20.963784356477554
17328 -0.9285550440783845
17329 -46.01953162447811
17330 -39.35059928477931
17331 -6.6414137573176415
17332 -31.739748343131943
17333 7.203965785428881
17334 -36.99982562428617
17335 -34.437887398704476
17336 -21.692987691233576
17337 -25.14359599060117
17338 -26.230472598115593
17339 -33.33210282210362
17340 -36.49896783856951
17341 -33.426044090929935
17342 -13.258291857820732
17343 -3.8691900454803543
17344 -2.200427743797336
17345 -3.4070384725967595
17346 -20.70685310013243
17347 -21.614379047447436
17348 -10.736718133263203
17349 -26.14940618803652
17350 -4.883688137464924
17351 3.7350360440961956
17352 -32.630852929474784
17353 -2.9487486176882522
17354 -28.584287850647087
17355 -32.952389674652366
17356 -3.7877046020115084
17357 1.923575420959678
17358 2.041714742003969
17359 -9.36707467511238
17360 1.4274291914819333
17361 3.1595280092528264
17362 -3.862215820136771
17363 -2.0368525742289783
17364 0.9111627546837553
17365 -30.73332382416891
17366 9.386544960027823
17367 0.22454992491577286
17368 -5.83590892791617
17369 -6.972883728537563
17370 -0.9641140135552269
17371 -8.798192652078141
17372 -10.65698823594299
17373 -14.829698573347414
17374 -9.841583756748587
17375 1.214965458331426
17376 -13.63352578701917
17377 -12.545938664283021
17378 -1.4861026862388826
17379 -44.20497305950004
17380 5.034869807079812
17381 -2.293459547523671
17382 -13.035738013834198
17383 -10.439802430282434
17384 -2.406813406390429
17385 -12.241541803952277
17386 -7.929326508407103
17387 -8.717730721195549
17388 -16.71137596260698
17389 -27.6080076598881
17390 -26.78836218055294
17391 -11.082112725777261
17392 -17.472230524383047
17393 -37.695903727091356
17394 -14.273563666552946
17395 -26.748547645408397
17396 -30.553365020224593
17397 16.209574458792922
17398 13.930069247698556
17399 -14.5856426615479
17400 -8.953708524919348
17401 0.741394310141477
17402 -3.0176570445499964
17403 13.515969426830706
17404 16.698674868040836
17405 -14.235331772649369
17406 -14.953894547699456
17407 0.7102619775617495
17408 -23.70174701730299
17409 -28.80590685288684
17410 7.786659926716675
17411 -35.21337487580269
17412 -62.34049627771965
17413 -10.641396551198122
17414 -3.6542526298220035
17415 -27.23531784834544
17416 -0.5533633765303239
17417 -11.74730810369976
17418 -21.347795817045263
17419 -51.291335112378874
17420 -23.105590807782427
17421 -32.69221343119512
17422 -7.963340268390457
17423 -6.66774779197207
17424 -62.81466264404808
17425 -6.001129743685596
17426 -9.245954739553854
17427 -39.605649086146585
17428 -18.99246478092289
17429 -7.546964462487958
17430 -38.753833578017804
17431 -13.065885428121547
17432 -9.31028321941456
17433 -17.624305358175626
17434 -20.412254293148727
17435 -11.204382857782184
17436 -36.99361787364396
17437 -11.245495696099097
17438 -40.01245107256036
17439 -3.8113065712014214
17440 -15.816232420509186
17441 -23.10886261208798
17442 -14.409700236370554
17443 -21.762668194922444
17444 -34.5394261862275
17445 -40.24407084085673
17446 -10.766713776276156
17447 -18.268742664281454
17448 3.433789033022767
17449 3.733779713341646
17450 -20.59403434676962
17451 -31.48197342068961
17452 10.298790469426603
17453 -30.608170431082108
17454 8.05658395040955
17455 -6.256080068709707
17456 -11.897565930829296
17457 -33.612093219906235
17458 -34.63366492091082
17459 -34.70999092169732
17460 -24.44422572208001
17461 -48.90340324258883
17462 -37.460365607400306
17463 -10.304991177396442
17464 -4.702450133737439
17465 -1.612413324060617
17466 -12.390802941305155
17467 -10.350299376079784
17468 -10.790322594380704
17469 -9.179061398727645
17470 -18.814093153273717
17471 -31.95578771517743
17472 -40.747566138264375
17473 -27.480938168502473
17474 1.7112645205389707
17475 -42.20650144626503
17476 -17.085952923919976
17477 -40.10997386321571
17478 -41.23493840544645
17479 -5.50575800037026
17480 -16.67953938806313
17481 -37.18591247985867
17482 -36.782385484924745
17483 -41.306028457327045
17484 -8.633035032218467
17485 -15.142187823664425
17486 -18.698765888748603
17487 -10.630108481230563
17488 -33.046507993116975
17489 -29.68831293012641
17490 -13.252277370688535
17491 -15.614250141077209
17492 -28.769288480713875
17493 -20.669434674200602
17494 -7.902429093660175
17495 -31.513718819583882
17496 6.585070567154471
17497 -7.77118440956081
17498 1.51080612601756
17499 -5.216888087237021
17500 9.155715307684295
17501 -33.79425091858037
17502 -39.19100682506178
17503 -28.686969890227047
17504 -4.694482402983413
17505 -24.136663188943785
17506 -17.725568198182298
17507 -39.540139532157916
17508 -19.76706121956231
17509 -24.19373165642144
17510 -22.579876558607648
17511 -8.658877186191821
17512 -22.42520097093162
17513 -17.07622231511239
17514 -22.72529498589982
17515 -10.329095734488218
17516 -20.072889626607648
17517 -8.654850097395974
17518 -6.750235038736864
17519 -10.401807698651682
17520 -8.20696518155819
17521 -21.621823444181793
17522 -16.003883490681474
17523 -15.417251700852066
17524 -12.354557580848342
17525 -22.177323867412053
17526 -31.816773188746883
17527 -11.880014246214705
17528 -20.943203334299177
17529 -13.405181490384857
17530 -12.95570872431199
17531 -17.384869051934512
17532 1.210315460889833
17533 -12.825828142387763
17534 -36.9253618768054
17535 -47.360904978588806
17536 -22.985914190422772
17537 9.025466153623274
17538 -14.925476241458528
17539 -30.98040164896054
17540 17.620454931502607
17541 -1.303148505687568
17542 -4.122994223313872
17543 -25.85891330116501
17544 -23.426041709353594
17545 7.579434074433229
17546 -15.083198439217377
17547 -40.12796329990189
17548 2.1581529375497484
17549 -19.819333512025477
17550 -7.318395934803411
17551 -7.161723398500471
17552 -38.395228743353655
17553 -20.088265765703255
17554 -13.737398546492477
17555 -12.122680294484889
17556 -16.26400212912238
17557 -33.926946449349344
17558 -48.821384819334924
17559 -1.4337396028335205
17560 0.5389462006151734
17561 -14.559750138988312
17562 -32.1467252562732
17563 -15.871014866863261
17564 -39.92784289187635
17565 2.2967602975496266
17566 -29.472227053417008
17567 -2.4258354229631367
17568 8.826394634830795
17569 -23.430523244274955
17570 5.991627996457246
17571 -35.122588569752985
17572 -27.303753694481127
17573 -28.95956529390096
17574 -35.99748193802108
17575 -7.634724708006834
17576 -21.671328064686968
17577 -0.9970343087946821
17578 -49.42318125186648
17579 -22.41721616141629
17580 -40.0453589223756
17581 -14.53264470425478
17582 -28.921420624674067
17583 -31.002525948671245
17584 -11.468961998602172
17585 -9.107246457048022
17586 -4.256437706668221
17587 -8.348468924812186
17588 -24.432713519345125
17589 -14.426167237117042
17590 -22.908229967587104
17591 -8.640537800575839
17592 -3.6275011006073328
17593 -23.30885315188716
17594 -28.531646312107185
17595 -23.566988927045895
17596 -0.4385541387478588
17597 -32.07835994356836
17598 -25.176501043565658
17599 18.05461446796515
17600 -14.466079993391613
17601 -27.689930178680516
17602 0.7737659901892766
17603 -43.310905229444906
17604 -44.04266589669569
17605 -17.223748941667
17606 -7.701713183879765
17607 -13.579450477762876
17608 -23.886311919926083
17609 -26.541143684839334
17610 1.5278280095971422
17611 6.461719317546958
17612 2.5882638668757862
17613 -8.129520145623246
17614 -40.073500991867625
17615 -42.09680012564844
17616 -12.625609802464751
17617 2.53091955016469
17618 -4.146658520715864
17619 -9.306780523285706
17620 -4.395893458769133
17621 15.168446792641916
17622 -6.406087614202261
17623 13.161526471758407
17624 -36.21267581029111
17625 3.0651118402238353
17626 -30.969579987552425
17627 -0.4359060125028191
17628 -43.9995815818735
17629 -41.62638962941142
17630 -34.769493028418076
17631 -27.126852210648504
17632 -49.85096207035647
17633 -32.705583068565176
17634 -22.90099368912226
17635 -12.972908718985272
17636 25.628801012957847
17637 -15.11811906120769
17638 -6.757071580958873
17639 -14.105222329145908
17640 -0.8618364390300121
17641 7.984337044117565
17642 -7.208386053593567
17643 -24.378512972391473
17644 10.073747023909236
17645 -11.607577367254999
17646 1.9199016592175757
17647 2.2230857983240275
17648 3.8330664435059587
17649 -5.143015986013052
17650 0.531415643467626
17651 -21.02263557762082
17652 -7.471144523202092
17653 -12.175811110612848
17654 -6.48930737190356
17655 -16.089007864429878
17656 -15.665483580396248
17657 -16.412315013323678
17658 -19.13172052169015
17659 -6.7803286136472884
17660 0.08243070601194631
17661 -15.753265538013512
17662 -27.281343315690318
17663 -6.092760777287912
17664 -4.947014137281658
17665 9.249945935431752
17666 -13.183718409766298
17667 16.234330578210212
17668 -16.52016179724684
17669 -13.275069056272914
17670 -21.53547525447284
17671 -13.437688253269298
17672 -33.42536281066117
17673 2.755271008192503
17674 -25.032201645805763
17675 -14.795189748316771
17676 -0.7522735737578478
17677 4.568889806046063
17678 -8.177230822251731
17679 -11.339100522875233
17680 -2.891599297074426
17681 -18.80552634888314
17682 -34.31024729641242
17683 -31.737129645597598
17684 -38.45202377093315
17685 3.8981386301304157
17686 -27.17607152429642
17687 -23.045789306051592
17688 4.417313221666991
17689 -11.78696748944596
17690 -30.201904900860246
17691 -24.296201138152536
17692 -3.7888327044602192
17693 -36.14617255994235
17694 -13.24945277046223
17695 -13.47312362216122
17696 -10.006029412415664
17697 -10.806508435808645
17698 -19.120329501780652
17699 -30.798281387650057
17700 5.223258892031445
17701 -10.420034971550631
17702 -21.366328558837996
17703 -36.154327761130986
17704 23.080382266867527
17705 -30.856713763545123
17706 1.6438340495809098
17707 -36.79196316271962
17708 -7.278551007775677
17709 17.906710294640217
17710 -6.491182171724504
17711 -32.00076632072523
17712 24.979441041735118
17713 -3.718817013934313
17714 -19.403957291033294
17715 -2.8875254115740243
17716 -18.374701815443988
17717 -10.11188821953736
17718 -8.606169169093045
17719 -10.902621487322612
17720 -17.10411024466128
17721 3.790545795200742
17722 2.7490767672380025
17723 2.7230590069810567
17724 -7.1570115530290055
17725 19.03608893006094
17726 -4.470317258459981
17727 -23.416945488635392
17728 -33.26247577027621
17729 -9.092737428735273
17730 -22.205792441148223
17731 -33.22476441634964
17732 -12.157982032319124
17733 -41.77258910535616
17734 -9.734518307902471
17735 -40.21003421184476
17736 -5.666331039891811
17737 2.7936452157466554
17738 -2.168256847306038
17739 -2.4842516860774775
17740 -4.575919996485463
17741 -4.476936806061858
17742 -13.145624395550112
17743 -4.132346611411195
17744 -5.473816543923313
17745 3.871858625802561
17746 -10.811140197558707
17747 -54.63007281606042
17748 -40.2118682972691
17749 -27.088025778162557
17750 -17.83757667074766
17751 -30.2281642573532
17752 2.569426714836591
17753 -15.948974745174636
17754 -12.446872306862788
17755 -14.405727467133838
17756 -9.890164630243234
17757 -1.8329970422298356
17758 -2.8513678486428398
17759 -13.915082814373017
17760 -21.590113744447734
17761 -9.754984030189517
17762 -10.776810643360077
17763 -11.301074433380709
17764 -1.0518929777559243
17765 -13.218286957107921
17766 -5.003838012298656
17767 -0.4750044359160529
17768 -8.292006194552233
17769 -30.24854246853909
17770 1.2271191929190537
17771 -43.99824989620945
17772 -6.948795379701332
17773 -34.19658941200658
17774 -26.926832435896358
17775 -21.16958937207528
17776 -23.778362669051276
17777 1.9914616887312149
17778 -0.4307423268069397
17779 -9.3372885010569
17780 -0.9715176930848974
17781 -10.14941307181798
17782 4.220131458545947
17783 -21.079637948438904
17784 -20.65328443645805
17785 -10.960291825287568
17786 -19.813114764929924
17787 8.498596594482805
17788 9.513432771246153
17789 -15.43058959284288
17790 -29.666593190945278
17791 -28.394122669994832
17792 -24.362113514467346
17793 -53.77997638269721
17794 -22.621715154421253
17795 -5.836695182754775
17796 -13.028451757106668
17797 -52.749468437467584
17798 -48.232751060026054
17799 -11.516022943775315
17800 -19.977329725339512
17801 -16.260336665265786
17802 -16.334001998908207
17803 -19.978605353241
17804 -12.307138579809543
17805 5.750570353590301
17806 -8.613077881858334
17807 -21.87579589077781
17808 -29.06078510284249
17809 -32.10396291344907
17810 -33.333349793517264
17811 -12.425649174366553
17812 -16.652740098971407
17813 -9.286160617580899
17814 -8.368586916555069
17815 -38.728701745508445
17816 -22.033821726560273
17817 -55.80636544966663
17818 -29.86030390784188
17819 -22.782059040322928
17820 -9.986871448116727
17821 -12.375506113708106
17822 -0.10287182668311289
17823 -1.4166578986600507
17824 18.484182283134288
17825 -15.251522116589912
17826 -11.818220912184334
17827 1.3250546510398271
17828 -21.186831434641206
17829 -19.00681846888765
17830 18.278157860773064
17831 -1.0236845279879343
17832 0.7222999264596729
17833 -19.601476846892474
17834 -2.336601560028939
17835 -10.827306741839712
17836 -31.026340762134495
17837 -33.88491671574462
17838 0.5305946526413027
17839 1.438886496192572
17840 -24.54788747095823
17841 -22.217270199936028
17842 -44.64683682743256
17843 1.015290426323045
17844 -28.208392904307402
17845 -17.78535310414212
17846 -7.668007498691295
17847 -11.6100710236578
17848 4.066534961036523
17849 -26.058594988330295
17850 8.744344275248004
17851 -2.4541433490742928
17852 -4.738625160137308
17853 -0.13460757419583388
17854 -6.436591829142126
17855 -7.315336298023176
17856 -4.6454569285025356
17857 -14.80043612082707
17858 -10.904237513863336
17859 -41.41867508081312
17860 -15.030402908209362
17861 -13.194967497924518
17862 -43.399850213640164
17863 -27.980013296028336
17864 -26.455091219975873
17865 -5.254401165225281
17866 -52.77884397149362
17867 -46.635979595538814
17868 -6.137128051916515
17869 -15.048286982810241
17870 -31.620116593323765
17871 -34.12336636829801
17872 -44.10019797307395
17873 4.087223951201304
17874 -35.19279809944594
17875 -14.641741259250411
17876 -18.992767935956216
17877 1.6965844238048884
17878 -37.710402913072905
17879 -36.054816218643246
17880 -14.14118489317174
17881 -2.5028048847554603
17882 -30.035581451955657
17883 -29.081024181935938
17884 -19.654255299139187
17885 -19.652835234676314
17886 -2.6452717415367077
17887 -26.321651114745475
17888 -41.91731737602895
17889 -35.49212177859852
17890 -31.06832080670909
17891 -2.98079504870504
17892 -17.068573273707297
17893 2.434022945188044
17894 3.5911385082980267
17895 -9.763988878692325
17896 -21.795875726172234
17897 0.19867670231120427
17898 -14.50974707811998
17899 -8.17359989781704
17900 2.4055681675640517
17901 1.0205610185499245
17902 0.6445594549117959
17903 -11.942961253098328
17904 6.175590927502053
17905 -3.7798533280790436
17906 -10.863909194989683
17907 -8.972931906321755
17908 -14.302318608601782
17909 -15.607748886783229
17910 -38.25196424495691
17911 0.5017743917719053
17912 -22.930983252635343
17913 -2.930536011407239
17914 -11.128218852500577
17915 -10.62189548407594
17916 -1.490309528857033
17917 -22.565955798427748
17918 -7.856458816380182
17919 -0.1934842646526522
17920 6.555530527197261
17921 -21.748754960405204
17922 -15.039562035604758
17923 -5.846620113719691
17924 -42.52065014170337
17925 -7.833045766595751
17926 -14.560601521697826
17927 11.401889291469123
17928 -5.312143673733517
17929 1.3373184737165866
17930 0.9373181980622758
17931 1.401187876922777
17932 -36.024361114268395
17933 -45.627587267427
17934 -42.81480569838881
17935 10.817019798420079
17936 -51.10391791902221
17937 -13.273019520674133
17938 -11.336670449897646
17939 -16.79903162107148
17940 -0.44202972283455894
17941 -19.399942838611313
17942 7.556928175888316
17943 -12.331411408471904
17944 4.228474902392045
17945 6.6858696045028045
17946 6.306054183857632
17947 4.965018911717634
17948 -16.752961962923145
17949 -0.2753761023293191
17950 -33.904081627241105
17951 -35.68769600401399
17952 -46.20880808053204
17953 -9.719888287713983
17954 -14.081008936370054
17955 -50.54834995858575
17956 -13.425995429014439
17957 -24.035498859299697
17958 -38.64558908247971
17959 -15.807426137177245
17960 -15.844744895816257
17961 -6.47363695412525
17962 -26.45426347570974
17963 -9.065961682612105
17964 -21.95343602109293
17965 -3.2462102316766686
17966 -5.191510505336773
17967 15.119569231129281
17968 9.641401405218348
17969 8.594557487206911
17970 4.428002700988291
17971 10.834587208299927
17972 -28.46003350467203
17973 7.723949691782327
17974 -29.474522237315686
17975 -24.886079647681328
17976 16.40743605321186
17977 13.465904708882153
17978 0.3232006270701822
17979 7.139794190361863
17980 -26.17688077618004
17981 -21.72625707051324
17982 -22.073265179141746
17983 -33.55082785042454
17984 -3.4492852991045218
17985 -25.47753935509638
17986 -14.94293201880355
17987 -21.031723497645434
17988 -17.784899719472016
17989 -11.894205068168812
17990 -12.920137213936105
17991 -14.937394262744201
17992 -14.50618195549614
17993 -22.802899801762106
17994 -10.655456536137208
17995 -6.620220631997217
17996 -20.653777280311623
17997 -11.888166167562304
17998 -13.454559039514425
17999 -4.684564132791565
18000 -10.412466494049148
18001 -6.153246257855353
18002 -18.091018546893903
18003 -3.8518871963399577
18004 -16.432770797804697
18005 -12.562258619758941
18006 6.282469967368961
18007 -13.325716445844737
18008 4.2338743013898785
18009 -4.684460989091894
18010 -3.0970926631875044
18011 -9.285816939100624
18012 -21.646860529159895
18013 -16.495831366376223
18014 -3.369313996497949
18015 -18.19508331466408
18016 -30.25880036795541
18017 -13.827283587044803
18018 -23.16967913476183
18019 -5.654902585426753
18020 -5.108284280620137
18021 -19.02967479935265
18022 -33.83862282654605
18023 0.2196502243023133
18024 -21.39620079502376
18025 -32.303762795639344
18026 -19.701568264152737
18027 -30.57698869870481
18028 -14.471818535815546
18029 -33.47247923232368
18030 -3.4348231601630688
18031 -39.95700288025313
18032 -38.82636096688031
18033 -31.370883005958458
18034 -4.438125520376052
18035 4.088859853354079
18036 -4.79112583118942
18037 -25.22799229018434
18038 1.5613949474005495
18039 -21.47312423514246
18040 0.5828665603970876
18041 -18.23697111932561
18042 -16.35549181224662
18043 0.15313664863206214
18044 -11.003383570297592
18045 -9.184751892041968
18046 -14.313228455050995
18047 -14.52715480354731
18048 -2.668573158786312
18049 -32.96336194759657
18050 -14.344153441584059
18051 -15.193280103455036
18052 -2.266538977323653
18053 3.660884909272572
18054 -7.04069194002368
18055 2.5740363825889654
18056 1.0201374472978932
18057 -35.95403117397291
18058 -34.31492614409959
18059 -19.34177618038593
18060 -0.9362586970832489
18061 -14.486632648314698
18062 -7.495850953589252
18063 6.398707087317598
18064 -3.1835386893191027
18065 3.901490228924813
18066 1.4705308742979832
18067 -15.2618712927468
18068 -22.06855516734853
18069 -12.413388246823452
18070 -13.25648807161284
18071 0.761344415021158
18072 5.940727623872517
18073 -5.0839474838251775
18074 -4.567102809366916
18075 1.4370551149522361
18076 -1.3399227994817193
18077 -2.8966832837562833
18078 -2.442365136629087
18079 -4.113758098280377
18080 1.272785832175432
18081 1.6196982301001845
18082 1.4084690229390981
18083 0.0930786930976319
18084 -6.472544261604198
18085 -1.5254002560961817
18086 4.7768033073307015
18087 4.03662982254129
18088 2.549405882768333
18089 2.0761846835081816
18090 -6.62920242052176
18091 -23.124036423181387
18092 -35.921404963658425
18093 -7.371673119453917
18094 -14.926730547585175
18095 -22.517996772123443
18096 -44.0594271733168
18097 0.7958777490009379
18098 -11.718083953432652
18099 -16.178588879443122
18100 -5.966418879885314
18101 -8.77520780126666
18102 13.087894714365394
18103 6.755025808191422
18104 7.951632583759928
18105 1.7893148078932426
18106 0.974230559685384
18107 -3.0547742474096595
18108 -3.6061253319471143
18109 -2.172893627100566
18110 15.308571188637725
18111 6.119695430024585
18112 4.731163201651361
18113 15.517207650568308
18114 1.6298306025865894
18115 -4.544721376296511
18116 -0.8756194178054284
18117 19.81631025115348
18118 -7.94128051808555
18119 -1.9189425977542123
18120 -17.22337516053609
18121 -29.214688711974304
18122 -0.9831167329809978
18123 6.696157606569759
18124 -33.126184629525376
18125 1.267710238853906
18126 -36.32246184796619
18127 -29.866453668760368
18128 -26.61961966074028
18129 -21.1180371451244
18130 -2.6432973670896898
18131 -30.630801856556936
18132 -29.07001109631223
18133 -28.537633397964672
18134 6.832507121751696
18135 -31.214473294999625
18136 -20.378875595194696
18137 -3.7492983626536445
18138 -21.71476860169656
18139 -6.300744517154672
18140 -2.445318251585704
18141 -1.7164078476325084
18142 -22.758908815882606
18143 -35.80354718383198
18144 -19.53961944363851
18145 -10.570671982562926
18146 -1.7911967486694629
18147 -11.473115774066246
18148 -29.05578901196917
18149 3.2672569856664633
18150 6.714082976840436
18151 6.014160041063733
18152 -22.52894424969403
18153 0.2736330998878111
18154 0.4294972845463781
18155 -3.594660018583527
18156 1.4342421907353855
18157 5.127508914427599
18158 -24.52836459907092
18159 -25.351797789351547
18160 -5.356944263662444
18161 -19.19306076309105
18162 -2.3266489385567546
18163 6.40968379984115
18164 6.270098373271612
18165 -6.203732904327334
18166 -2.9834751112789673
18167 -21.019768620269314
18168 -27.70878238204503
18169 -17.49424849883595
18170 -32.69530481054651
18171 -28.16321476760815
18172 -29.942174903925917
18173 -26.55529465728643
18174 -19.7934162895671
18175 -31.81665393226649
18176 -18.112331602634658
18177 -31.48191369837863
18178 -10.276720975073404
18179 -22.38520050979816
18180 -39.18698706536277
18181 -21.027694092181047
18182 -16.51529345449715
18183 -17.793834231109795
18184 -8.539257109585014
18185 -3.5115964689278916
18186 -5.1429797083877204
18187 -11.16631248200938
18188 -5.94568849857591
18189 -14.336980457311874
18190 -2.9478585424019546
18191 0.2075947136527975
18192 -9.246348205347166
18193 -18.694165192821675
18194 -21.063649518059684
18195 -28.39439138108108
18196 -36.01297357076575
18197 -14.985936541944975
18198 -7.184853651853919
18199 -2.604521878847008
18200 -2.3092547200090485
18201 -28.72556012642075
18202 -31.329546804288984
18203 -28.592604859199053
18204 -22.798627059050194
18205 -11.266818880595528
18206 -5.678563600179623
18207 -12.392972311849444
18208 -8.247936475639289
18209 -15.82787266060026
18210 -30.401746850943162
18211 -19.61734544513427
18212 3.9438605549265047
18213 -17.49918920588665
18214 5.745475850637304
18215 -6.706598635124246
18216 -11.050527780750272
18217 5.511021738066338
18218 -20.388652517716547
18219 -3.159635783481499
18220 -20.506180993640008
18221 -37.603897174154696
18222 -1.2960679550861822
18223 -10.173269276425854
18224 -13.426443408124614
18225 -35.15371453360029
18226 -29.56715372352599
18227 -17.27758853762134
18228 -27.538602042260173
18229 -12.828300957197934
18230 -11.427829672188672
18231 -3.8977966898535668
18232 -7.491571746670088
18233 -22.89468549896439
18234 5.252797485825868
18235 3.360064072544192
18236 -1.1227754898321292
18237 -0.48663425521081083
18238 -6.214360917518061
18239 1.677831020035519
18240 4.591959466582775
18241 -20.384104504236312
18242 -14.057875692408125
18243 -1.9086912608280544
18244 -3.3714440960003413
18245 -25.98657945404382
18246 -2.6043887307796103
18247 -5.006355211670016
18248 2.9570194051926957
18249 -24.274732646588962
18250 -25.51546963560424
18251 1.0546408695766878
18252 -9.36672829525618
18253 16.235555744858722
18254 -4.13722247982354
18255 4.344992120203824
18256 15.021312862465857
18257 -15.973905987885228
18258 4.624168283428007
18259 7.442694662531576
18260 11.835087548082665
18261 9.337803826423624
18262 5.638649588691915
18263 5.7143882873261465
18264 -6.140056374307606
18265 -8.126691400666314
18266 8.9533968754347
18267 -27.257786598759267
18268 6.714053837362298
18269 5.245634054652328
18270 4.291189863330219
18271 4.183586512129405
18272 -30.34728386616087
18273 -18.739364171113557
18274 1.9206647586030885
18275 -20.81594290168825
18276 -9.27847848291669
18277 -27.474627276968675
18278 -13.657604970272223
18279 -28.58361255440337
18280 -3.7849189835945434
18281 -23.645326062895037
18282 -23.577518045166652
18283 -28.150592215125798
18284 -25.380034606374828
18285 -22.98097531424224
18286 -17.490107750069292
18287 -17.01363211168937
18288 -28.08394192231455
18289 -33.322380028191255
18290 -32.520933356216844
18291 -27.44881985617496
18292 -8.228606092231058
18293 -12.66255950597668
18294 -9.582670987809252
18295 -2.1116887521526952
18296 -9.410585647269908
18297 -8.970253289910616
18298 -30.542008930060547
18299 -36.00276719405782
18300 -5.303437155977299
18301 -9.072011290439404
18302 -19.332817934829944
18303 -9.661946728236508
18304 -10.864771386010979
18305 -19.934788620149046
18306 -15.566820432817622
18307 -4.887961363167124
18308 -36.009903417714376
18309 2.731177447554073
18310 -13.91824144450613
18311 -24.743413262556714
18312 -24.43757491489727
18313 -25.85793166271367
18314 -18.912165140393917
18315 -24.27563111523559
18316 -11.062615710718964
18317 4.680025669601892
18318 2.187380946123012
18319 -5.681310045837599
18320 -30.357053358494888
18321 -8.523461263159698
18322 -3.8650898173525636
18323 -29.056510141744948
18324 -19.115529372985183
18325 -25.67782938257238
18326 -15.624507077321033
18327 -10.693273156674259
18328 -29.227374173941936
18329 -35.83079030449517
18330 7.631902328974247
18331 -26.022779469575035
18332 -17.3170180003329
18333 -26.40115629802516
18334 -32.51400090953335
18335 -39.42209225726896
18336 -4.54484893066241
18337 -3.6993093871300515
18338 -1.8357052783013206
18339 -0.8919779675752215
18340 -30.11921658130639
18341 0.2574988766430761
18342 0.2697819009919476
18343 -4.692048954689962
18344 -3.8245362059732724
18345 0.9168283543415601
18346 4.089417634128913
18347 -5.451360626449168
18348 3.910515534312872
18349 -16.43345217635637
18350 -7.7827399354014775
18351 -9.904719778512517
18352 -43.47831606078544
18353 -6.006554805754713
18354 -16.824116465926636
18355 -7.387407216132269
18356 -11.71419454775838
18357 -17.605629819742024
18358 -17.271273787781393
18359 -8.546135815174493
18360 -24.73965304836078
18361 -14.14865022697355
18362 -28.067413171821098
18363 -18.57555087609988
18364 -35.82546954305595
18365 -27.604821243772893
18366 -15.804797403553966
18367 -16.986842664928844
18368 -29.177714406846498
18369 -26.39273132429487
18370 -7.0679356363439
18371 -13.310021036127
18372 -16.83419451885391
18373 -29.575152138203848
18374 -30.533943073651315
18375 -4.165389925962372
18376 -5.920985154272057
18377 -36.085100159121936
18378 -33.96224655007114
18379 -43.075433585504655
18380 -17.74851927898664
18381 -22.71108776193243
18382 -16.815344244642475
18383 15.572496062948193
18384 -22.60919757650874
18385 -6.00290024287664
18386 -16.061930603193904
18387 -16.603351163064943
18388 -8.232506884682225
18389 20.251831960638082
18390 -23.232100780189793
18391 -18.598683926304073
18392 -21.735195729689732
18393 -15.869007494631951
18394 9.97574334902616
18395 -34.48076861330163
18396 -23.52591507053832
18397 -11.307373264197668
18398 4.231697020475549
18399 6.203688036775857
18400 -6.42403044513354
18401 -14.899989248217171
18402 -22.636358007549426
18403 -23.895398587545642
18404 -15.588403836757061
18405 -23.37212743523778
18406 -13.144999751509022
18407 -17.203217128336547
18408 -17.094208662907185
18409 -13.879625637907884
18410 -24.179067672468083
18411 -19.916422316248646
18412 -17.368135850528052
18413 -17.03404486229716
18414 -17.53917239730916
18415 -19.52371823512789
18416 -23.55580110564435
18417 -36.18231121043398
18418 -15.7575241925726
18419 -22.07940027625038
18420 -23.64445287542039
18421 -2.774156596856774
18422 -28.442195645502505
18423 11.303146447684558
18424 -0.7974207373007084
18425 -36.17048311239283
18426 -25.366384006252048
18427 -20.0126771984229
18428 -26.357667613623054
18429 -24.895690036836022
18430 8.114811681633872
18431 -29.13014209008761
18432 -5.772035759070568
18433 -8.088493566002434
18434 -26.803660552595684
18435 -1.1888779424826499
18436 -35.45779473201808
18437 -18.11865995763714
18438 5.956204300766695
18439 16.987778180615567
18440 -2.603742377448216
18441 -23.060219797896718
18442 16.87286493143576
18443 -2.1429211395407037
18444 -18.24532778081877
18445 -15.138142883884429
18446 -21.283622582057724
18447 -31.566905597999575
18448 3.0525164952584602
18449 -22.662054568031163
18450 -5.83130524138076
18451 -14.790853714220283
18452 -23.698522102368734
18453 16.746646342577442
18454 -22.741673798797127
18455 0.31261265433611696
18456 10.316877548777702
18457 -11.93662701235371
18458 -24.2999454305174
18459 -9.255739861678302
18460 -7.176281343620503
18461 -21.836600113932217
18462 -10.896766679026769
18463 -11.112265542816457
18464 -9.912084863748314
18465 -21.72505515760073
18466 -17.94556374369349
18467 -21.34462213558683
18468 -25.578828731488173
18469 -21.734105449312047
18470 -16.548886249129573
18471 0.9412160953797866
18472 -29.35506840484348
18473 -14.841427001287666
18474 -20.835109357630426
18475 18.12971038234158
18476 -24.442807103779923
18477 -17.444190247902736
18478 -30.107483329079404
18479 -11.134530999247508
18480 -26.929614968230016
18481 -28.639053704038233
18482 9.423206944539125
18483 -12.784212039420963
18484 18.29598828975475
18485 -13.591505508230185
18486 -32.55147751613855
18487 20.606079147390265
18488 -19.040358005416348
18489 -31.281646632597987
18490 13.645186672137061
18491 -27.268001177877885
18492 -33.82673163087806
18493 -10.469631444453407
18494 -16.66735265569121
18495 -14.328158642472408
18496 -11.652813201637327
18497 -24.472431762512716
18498 -16.941734191154683
18499 -19.721830787931832
18500 -32.92761811358621
18501 -24.539690008119216
18502 -45.38690456542928
18503 -6.578045495850529
18504 -5.560379125159379
18505 -22.145577311587548
18506 -1.3140549768209167
18507 10.949206757262145
18508 0.07391146493260749
18509 -15.872940417169739
18510 -29.477403569244487
18511 -43.718489707865956
18512 -4.676090045688179
18513 14.506983166185236
18514 -19.343191229612422
18515 -23.811951122387253
18516 -30.902850767950003
18517 -22.017081867188825
18518 -29.64564330739755
18519 -23.451746373963104
18520 -9.610880209800088
18521 -24.33337574665464
18522 -14.304276769177086
18523 -4.306350650534296
18524 -7.271667284141731
18525 -19.64066432585256
18526 3.426475953485642
18527 -2.0771732719651483
18528 -30.185131369764566
18529 -2.815177869200561
18530 -12.687893281780852
18531 15.729307248353289
18532 -3.861911988355423
18533 1.8303480426709575
18534 1.4300544543145224
18535 -18.462843951837712
18536 -27.631657484429887
18537 -7.625508365918649
18538 -4.201364067714748
18539 -22.188818028213134
18540 -25.50015244940485
18541 1.869706011587259
18542 -44.04536323178865
18543 8.219400844879129
18544 1.8412336750197573
18545 5.041633597485343
18546 -27.77156324307696
18547 -36.30614034804457
18548 -11.63485811623148
18549 -41.53406892218001
18550 -13.127405229587021
18551 -27.20459268219638
18552 -3.7596855518312076
18553 -8.234665929905022
18554 -16.157177217864955
18555 -28.73314790106917
18556 -21.83199170139298
18557 -13.071416526215907
18558 -23.168654754477902
18559 -20.084289233635207
18560 -18.933930033551004
18561 -18.86952610330598
18562 0.3560477885938599
18563 -15.656972830960148
18564 -16.606594892155844
18565 -11.302046423258579
18566 -24.350855934665887
18567 -14.88962193465166
18568 -34.63523868580116
18569 -18.215976752933784
18570 -25.932373891853786
18571 -37.495324728209674
18572 -23.721353735743033
18573 -46.23488730130339
18574 -22.74990454584491
18575 -28.30652837656991
18576 -43.77577401022543
18577 -10.263506871809076
18578 -37.89905057754702
18579 -20.602581761346517
18580 -26.14226716752921
18581 -24.282562500463683
18582 -5.511100086392398
18583 -15.75129521563038
18584 -13.474445179069589
18585 -31.294664484551905
18586 -7.616904604346637
18587 -20.90353314304928
18588 -24.343569385897716
18589 -12.95561590593381
18590 -39.84611517823156
18591 -20.267255379428534
18592 -28.267275769738916
18593 -12.277909799013432
18594 -1.0952733094642462
18595 11.256923861331597
18596 5.487769914372039
18597 -10.394730526174245
18598 -10.977387808563508
18599 -22.434061767580424
18600 -18.8892678989665
18601 -10.651385641245287
18602 -24.600043786782045
18603 -13.931555119588447
18604 -0.9280382725488744
18605 -28.69076088382164
18606 -6.496262398383115
18607 -20.822315733918657
18608 -18.533339268570124
18609 -29.949401629292115
18610 -29.872479733619112
18611 -27.614492222936242
18612 8.441594799321756
18613 -28.163411308151115
18614 0.3201455281522067
18615 -18.157016990955164
18616 -32.326753725950695
18617 6.0544338466205225
18618 -13.554163304905524
18619 4.2169825752692125
18620 -15.367775832309562
18621 -23.60445646354274
18622 3.7075005767114635
18623 -14.89545937214556
18624 -27.774210212391772
18625 -6.302955183368758
18626 -7.838234441422974
18627 2.6832032744496246
18628 -35.6887281065264
18629 -38.50837988670275
18630 -45.59066950024397
18631 -21.703017113778042
18632 9.203813853596511
18633 11.4618210461337
18634 -12.848983384872554
18635 -10.441275177192
18636 -14.581301994114328
18637 -29.923405676608382
18638 -44.16485932591124
18639 -10.527153100035356
18640 -13.00386197449072
18641 -15.622550070867874
18642 -17.479608830073992
18643 -46.8374048664188
18644 -30.160118597169784
18645 -26.343551087931118
18646 -15.285233493762789
18647 -14.677462322515057
18648 1.517484143525362
18649 -40.74120488095243
18650 -22.661839791796666
18651 5.658462299682578
18652 -14.640586140234372
18653 10.454614709103334
18654 -26.532834297424852
18655 -3.7740794740103594
18656 -19.66869929786393
18657 -30.26196488383066
18658 1.1469776895888208
18659 -18.380092529040848
18660 -4.360984992970479
18661 4.200906824738485
18662 1.9084413638984552
18663 23.664543752313037
18664 -12.92564052324029
18665 -23.75168138122681
18666 -0.9870441544840287
18667 -19.506293043423792
18668 -14.40719963557829
18669 -32.73165929872805
18670 -21.10737844800984
18671 -21.36687099624687
18672 -10.950451706855965
18673 -24.5069072022436
18674 -16.274562414157263
18675 -16.52737820009963
18676 -11.832021449903259
18677 -17.561631982139808
18678 -13.943643338789698
18679 -20.257299767347867
18680 -9.691936390032497
18681 -8.815356753833475
18682 -17.773748369453532
18683 -23.873560173157312
18684 -9.026069284939876
18685 -1.882385396863101
18686 -9.123138404500642
18687 -16.51355701173772
18688 -25.44017419007636
18689 -19.32031164541142
18690 -9.186565231348505
18691 -18.440092014669354
18692 -14.944123030737536
18693 -20.565907909876113
18694 -8.789163583858754
18695 -14.689393946155178
18696 -22.782684071879483
18697 -22.663246930653113
18698 -20.63222282209259
18699 -37.45204155617597
18700 -35.35633940353233
18701 -18.799856214171157
18702 -30.952221468164936
18703 -16.39323413932958
18704 -26.373223602015788
18705 -18.686253618113113
18706 -4.106199173877539
18707 -20.259167718254176
18708 -14.570414337137626
18709 -10.028605069360491
18710 -6.7745510922221
18711 -27.115144526017975
18712 -27.15164634589455
18713 -24.85387170134185
18714 -53.233723372994426
18715 -15.919928613334486
18716 -14.624044464134494
18717 -7.102411851105717
18718 -18.231721466974268
18719 -11.262853830779203
18720 -10.419332849689235
18721 -20.35072300943153
18722 -2.8932880726235455
18723 -5.559605023704353
18724 -16.384100773288374
18725 -34.21055803034644
18726 -27.52561448671462
18727 -20.589580696113263
18728 -15.501443931421527
18729 -33.71876240610829
18730 -34.0413550831913
18731 -5.528865098270617
18732 -32.35102983164601
18733 -5.766730919462425
18734 -3.461689312521048
18735 -18.76253793852244
18736 -0.3733324975175492
18737 -3.8753076763122225
18738 -22.5247849731952
18739 -20.205677591047426
18740 -19.838831490256272
18741 -21.60041911450855
18742 3.7391986959108907
18743 2.3456377635874377
18744 1.6927142169946456
18745 14.280089039472514
18746 -0.3842977305974637
18747 10.199673167763104
18748 -9.333990258649138
18749 -23.69384547587528
18750 -3.615465271812136
18751 -15.993595294856787
18752 -23.218168057575966
18753 -9.118223554278957
18754 1.5289237910095834
18755 6.274464029836526
18756 -29.98978523370548
18757 -4.030006804148725
18758 -1.9464366739943215
18759 -9.665435723728006
18760 5.293445650978684
18761 -27.618435372512614
18762 -17.271583117789415
18763 -30.675397512582567
18764 -9.256225373626949
18765 -13.312047124232048
18766 -4.560967232076073
18767 -23.33696675864907
18768 -6.389436038154818
18769 -7.465400288793753
18770 3.425837802564929
18771 -8.423226178752811
18772 5.724654195395415
18773 1.3847273431916256
18774 -29.463246037115315
18775 -4.507189677909337
18776 -21.683505434909893
18777 -13.001999139911787
18778 -17.422229392667795
18779 -8.541855355850275
18780 -33.43958228629504
18781 0.9739154394100479
18782 -2.292102774445375
18783 -19.596153285794426
18784 -19.289100195090867
18785 0.6137989743099024
18786 -21.28197625630055
18787 -0.7501907511422178
18788 -6.757342316673021
18789 -52.18039942418094
18790 -36.97973445535288
18791 -11.960101042470342
18792 -8.168078833003529
18793 -22.686535031972745
18794 -29.078938851702116
18795 -29.67347633611411
18796 -21.800428659414028
18797 -4.930639185498585
18798 -7.657085687000071
18799 2.0620258006910444
18800 3.1973172285151668
18801 2.6065476777195
18802 5.232404995537508
18803 -1.701809763772908
18804 -3.6692608707207546
18805 -16.038046899028412
18806 -2.005410911641229
18807 -10.850401102275208
18808 3.863017606482899
18809 2.9817398282578504